0.70779,-0.7062,0.012664,0.012496
0.70774,-0.70625,0.012737,0.012349
0.70769,-0.7063,0.012857,0.012183
0.70764,-0.70635,0.013008,0.012029
0.70759,-0.7064,0.013161,0.011922
0.70756,-0.70643,0.013275,0.011882
0.70753,-0.70646,0.013352,0.011908
0.70752,-0.70647,0.013408,0.011969
0.70752,-0.70647,0.013467,0.012034
0.70753,-0.70645,0.013548,0.012091
0.70753,-0.70644,0.013646,0.012142
0.70754,-0.70644,0.013729,0.012193
0.70755,-0.70642,0.013763,0.01226
0.70756,-0.70641,0.013745,0.012358
0.70757,-0.7064,0.013691,0.012483
0.70759,-0.70637,0.013625,0.012609
0.70762,-0.70635,0.013588,0.01269
0.70762,-0.70634,0.01361,0.012729
0.7076,-0.70636,0.013664,0.012744
0.70757,-0.7064,0.013701,0.012737
0.70752,-0.70644,0.013715,0.012715
0.70747,-0.7065,0.013704,0.012698
0.70741,-0.70655,0.013662,0.012697
0.70736,-0.7066,0.013624,0.012704
0.70731,-0.70666,0.013631,0.012703
0.70725,-0.70671,0.013706,0.012669
0.70719,-0.70678,0.013836,0.01262
0.70712,-0.70684,0.013936,0.012603
0.70704,-0.70693,0.013979,0.012603
0.70696,-0.707,0.014017,0.012586
0.70692,-0.70705,0.014046,0.012564
0.70691,-0.70705,0.014059,0.012567
0.70693,-0.70703,0.014088,0.012588
0.70696,-0.707,0.014155,0.01262
0.70697,-0.70698,0.014245,0.012692
0.70699,-0.70697,0.014297,0.012834
0.707,-0.70695,0.014288,0.013057
0.70704,-0.70691,0.014221,0.013337
0.70708,-0.70687,0.014112,0.013634
0.70711,-0.70683,0.014024,0.013883
0.70715,-0.70679,0.013987,0.014081
0.70718,-0.70675,0.013966,0.01425
0.70721,-0.70672,0.013951,0.014398
0.70724,-0.70669,0.013919,0.014528
0.70724,-0.70669,0.013874,0.014643
0.70724,-0.70668,0.013824,0.01474
0.70724,-0.70668,0.013806,0.014789
0.70722,-0.7067,0.013868,0.014757
0.70719,-0.70673,0.013987,0.014673
0.70716,-0.70677,0.014139,0.014559
0.70712,-0.7068,0.014294,0.014443
0.70709,-0.70683,0.014413,0.014338
0.70705,-0.70687,0.014482,0.014252
0.70702,-0.7069,0.01452,0.014193
0.707,-0.70693,0.014545,0.014146
0.70697,-0.70696,0.014583,0.014092
0.70694,-0.70699,0.014644,0.014032
0.7069,-0.70702,0.014727,0.013967
0.70688,-0.70704,0.014828,0.013895
0.70687,-0.70705,0.014923,0.013821
0.70686,-0.70706,0.014988,0.013767
0.70683,-0.70709,0.01503,0.013744
0.70681,-0.70711,0.015058,0.013741
0.70679,-0.70713,0.015089,0.013741
0.70677,-0.70715,0.015157,0.01373
0.70674,-0.70717,0.015266,0.013708
0.70671,-0.70721,0.015392,0.01369
0.70667,-0.70724,0.015507,0.013674
0.70663,-0.70728,0.0156,0.013649
0.70659,-0.70732,0.015653,0.013622
0.70658,-0.70733,0.015676,0.013591
0.70658,-0.70733,0.015712,0.013551
0.70659,-0.70732,0.015764,0.013493
0.7066,-0.70731,0.015823,0.013455
0.70662,-0.70729,0.015867,0.013424
0.70663,-0.70728,0.015913,0.013394
0.70661,-0.70729,0.015951,0.013385
0.7066,-0.70731,0.015954,0.013397
0.70659,-0.70732,0.01594,0.013417
0.70657,-0.70733,0.015939,0.013413
0.70656,-0.70735,0.015968,0.013383
0.70655,-0.70736,0.01602,0.013345
0.70653,-0.70738,0.016064,0.013327
0.70651,-0.70739,0.016084,0.013323
0.70649,-0.70741,0.016061,0.013347
0.70647,-0.70744,0.015969,0.013412
0.70645,-0.70746,0.015818,0.013503
0.70645,-0.70746,0.015619,0.013599
0.70646,-0.70745,0.015441,0.013666
0.70648,-0.70744,0.015323,0.013671
0.70648,-0.70743,0.015264,0.013618
0.70648,-0.70744,0.015248,0.013533
0.70645,-0.70747,0.015258,0.013434
0.7064,-0.70752,0.015298,0.013333
0.70635,-0.70758,0.015348,0.013247
0.70629,-0.70764,0.015423,0.013184
0.70623,-0.70769,0.015529,0.013119
0.70618,-0.70774,0.015652,0.013047
0.70614,-0.70778,0.015773,0.012957
0.70611,-0.7078,0.015897,0.012847
0.70609,-0.70783,0.016003,0.012726
0.70607,-0.70785,0.016067,0.012617
0.70607,-0.70785,0.016099,0.012536
0.70608,-0.70784,0.01612,0.012478
0.70609,-0.70783,0.016153,0.012424
0.7061,-0.70781,0.016202,0.012375
0.70611,-0.7078,0.016251,0.012339
0.70612,-0.7078,0.01628,0.012308
0.70612,-0.7078,0.016278,0.012281
0.70612,-0.7078,0.016244,0.012273
0.70613,-0.70779,0.016187,0.012288
0.70615,-0.70777,0.016143,0.012298
0.70617,-0.70775,0.016134,0.012292
0.70618,-0.70774,0.016161,0.012285
0.70619,-0.70773,0.016202,0.012284
0.70619,-0.70773,0.016226,0.012287
0.70617,-0.70775,0.016214,0.012291
0.70614,-0.70778,0.016179,0.012282
0.70612,-0.7078,0.016151,0.012243
0.70611,-0.70782,0.016154,0.012171
0.7061,-0.70782,0.016199,0.012075
0.70611,-0.70781,0.016278,0.011983
0.70613,-0.70779,0.016354,0.011905
0.70614,-0.70778,0.016403,0.011856
0.70615,-0.70777,0.016399,0.011841
0.70617,-0.70776,0.016367,0.011839
0.70618,-0.70775,0.016374,0.011803
0.70618,-0.70775,0.016458,0.0117
0.70617,-0.70776,0.016611,0.011546
0.70615,-0.70778,0.016798,0.011388
0.70613,-0.70779,0.016965,0.011275
0.7061,-0.70781,0.017086,0.011194
0.70609,-0.70783,0.017135,0.01117
0.70608,-0.70784,0.017144,0.011174
0.70607,-0.70784,0.017136,0.011168
0.70608,-0.70784,0.017167,0.011122
0.70609,-0.70783,0.017246,0.011033
0.7061,-0.70782,0.017354,0.010901
0.7061,-0.70782,0.017474,0.010761
0.70608,-0.70783,0.017565,0.01065
0.70607,-0.70784,0.01761,0.010581
0.70606,-0.70786,0.017611,0.010544
0.70604,-0.70788,0.017598,0.010526
0.70602,-0.70789,0.017609,0.010503
0.706,-0.70791,0.01767,0.010437
0.70597,-0.70794,0.017811,0.010303
0.70594,-0.70797,0.018007,0.010133
0.7059,-0.70801,0.018217,0.0099697
0.70586,-0.70804,0.018398,0.0098298
0.70584,-0.70807,0.018529,0.0097415
0.70581,-0.70809,0.018634,0.0096639
0.70576,-0.70814,0.018699,0.009629
0.70568,-0.70822,0.018699,0.0096665
0.70557,-0.70833,0.018619,0.0097926
0.70546,-0.70843,0.018505,0.0099559
0.7054,-0.7085,0.018402,0.010088
0.70535,-0.70855,0.018302,0.010189
0.70533,-0.70857,0.018164,0.010323
0.70535,-0.70856,0.017982,0.010496
0.70538,-0.70853,0.017834,0.01062
0.70541,-0.7085,0.017797,0.010629
0.70542,-0.70849,0.01787,0.010547
0.70541,-0.70849,0.018,0.010433
0.70541,-0.70849,0.018122,0.010319
0.70541,-0.70849,0.018223,0.010215
0.7054,-0.7085,0.018338,0.010101
0.70539,-0.70851,0.018478,0.0099638
0.70537,-0.70853,0.018616,0.0098288
0.70535,-0.70854,0.018739,0.0097132
0.70535,-0.70855,0.018847,0.00961
0.70534,-0.70855,0.018941,0.0095119
0.70534,-0.70855,0.019021,0.0094251
0.70534,-0.70855,0.019092,0.0093408
0.70534,-0.70855,0.019158,0.0092559
0.70535,-0.70854,0.019211,0.0091902
0.70535,-0.70853,0.019253,0.0091365
0.70536,-0.70853,0.019316,0.0090704
0.70536,-0.70852,0.019401,0.0089781
0.70536,-0.70852,0.019493,0.0088795
0.70536,-0.70852,0.019568,0.0088119
0.70536,-0.70852,0.01962,0.0087745
0.70535,-0.70853,0.019677,0.0087427
0.70534,-0.70854,0.01973,0.0087059
0.70533,-0.70855,0.019779,0.0086525
0.70533,-0.70855,0.019825,0.0085791
0.70533,-0.70855,0.019892,0.0084805
0.70533,-0.70855,0.019966,0.0083686
0.70532,-0.70855,0.020038,0.0082532
0.70532,-0.70855,0.020117,0.0081525
0.70533,-0.70854,0.02019,0.0080797
0.70533,-0.70854,0.020244,0.0080459
0.70532,-0.70855,0.020259,0.0080545
0.70532,-0.70856,0.02026,0.0080786
0.70531,-0.70856,0.020257,0.0080745
0.70531,-0.70856,0.020294,0.0080163
0.7053,-0.70857,0.020368,0.0079112
0.7053,-0.70857,0.020458,0.0077896
0.7053,-0.70857,0.020556,0.0076751
0.70531,-0.70856,0.020625,0.007601
0.70531,-0.70856,0.020644,0.0075737
0.70529,-0.70857,0.020646,0.0075757
0.70528,-0.70859,0.020654,0.0075771
0.70525,-0.70861,0.020692,0.0075496
0.70523,-0.70863,0.020777,0.0074734
0.70521,-0.70865,0.020897,0.0073421
0.70519,-0.70867,0.021036,0.0071927
0.70517,-0.70869,0.021167,0.0070432
0.70515,-0.70871,0.021267,0.0069194
0.70513,-0.70873,0.021335,0.0068318
0.70511,-0.70874,0.021385,0.0067647
0.70509,-0.70876,0.021433,0.0067024
0.70507,-0.70878,0.0215,0.0066326
0.70507,-0.70878,0.021595,0.0065527
0.70506,-0.70879,0.021714,0.0064637
0.70504,-0.7088,0.021834,0.0063706
0.70502,-0.70882,0.021924,0.0062921
0.70501,-0.70883,0.02199,0.0062322
0.70499,-0.70885,0.022044,0.0061836
0.70499,-0.70884,0.022092,0.0061397
0.705,-0.70883,0.022143,0.0060978
0.70501,-0.70883,0.022212,0.0060587
0.70501,-0.70882,0.022296,0.006021
0.705,-0.70883,0.022382,0.0059888
0.70499,-0.70883,0.022462,0.0059519
0.70498,-0.70885,0.02256,0.0058712
0.70493,-0.70889,0.022695,0.0057481
0.70489,-0.70893,0.022806,0.0056487
0.70487,-0.70894,0.022831,0.0055785
0.70488,-0.70894,0.022828,0.0055161
0.70489,-0.70893,0.022841,0.0054608
0.70488,-0.70894,0.022863,0.0054023
0.70487,-0.70895,0.022908,0.0053379
0.70485,-0.70897,0.022965,0.0052757
0.70481,-0.70901,0.023012,0.0052217
0.70476,-0.70905,0.023065,0.0051769
0.70473,-0.70908,0.023132,0.0051237
0.7047,-0.70911,0.023233,0.0050517
0.70467,-0.70914,0.023352,0.0049552
0.70464,-0.70916,0.023457,0.0048741
0.70463,-0.70917,0.023537,0.0048185
0.70462,-0.70918,0.023598,0.0047878
0.70461,-0.70918,0.023636,0.0047686
0.70462,-0.70918,0.023688,0.0047354
0.70461,-0.70918,0.023762,0.0046731
0.70462,-0.70917,0.023862,0.0045968
0.70461,-0.70918,0.023961,0.0045308
0.70459,-0.70919,0.024048,0.0044742
0.70457,-0.70921,0.024128,0.0044199
0.70454,-0.70924,0.024207,0.0043665
0.70453,-0.70924,0.024268,0.0043218
0.70454,-0.70924,0.024312,0.0042805
0.70454,-0.70923,0.024373,0.004219
0.70455,-0.70922,0.024478,0.0041298
0.70455,-0.70921,0.024602,0.0040225
0.70455,-0.70921,0.024723,0.0039002
0.70454,-0.70922,0.024839,0.0037863
0.70453,-0.70923,0.02494,0.0036995
0.70454,-0.70922,0.025011,0.0036454
0.70455,-0.7092,0.025054,0.0036185
0.70458,-0.70917,0.025086,0.003597
0.70462,-0.70913,0.025116,0.0035574
0.70464,-0.70911,0.02518,0.0034586
0.70465,-0.7091,0.025296,0.0033159
0.70464,-0.70911,0.025439,0.0031358
0.70462,-0.70912,0.025632,0.0028972
0.70459,-0.70914,0.025929,0.002563
0.70453,-0.70918,0.026357,0.0021122
0.70447,-0.70923,0.026921,0.0016036
0.7044,-0.70926,0.027621,0.0011376
0.70439,-0.70924,0.028306,0.00084226
0.70451,-0.70911,0.028736,0.00094118
0.70474,-0.70888,0.028704,0.0014469
0.70503,-0.70862,0.028205,0.0023324
0.70535,-0.70832,0.027319,0.0035332
0.70569,-0.70802,0.026162,0.0049411
0.70603,-0.70771,0.0248,0.0065928
0.70639,-0.70739,0.023275,0.0084928
0.70684,-0.70697,0.021538,0.010725
0.70742,-0.70639,0.019482,0.013388
0.70819,-0.70562,0.017035,0.016528
0.70909,-0.70469,0.014342,0.019957
0.7101,-0.70361,0.011454,0.023569
0.71115,-0.70246,0.0085952,0.027136
0.71221,-0.70128,0.0059879,0.030374
0.71324,-0.70013,0.0039311,0.033021
0.71424,-0.69902,0.0024895,0.035014
0.71525,-0.69794,0.0020541,0.035939
0.71627,-0.69689,0.0023891,0.035976
0.71733,-0.69583,0.0032746,0.035312
0.71845,-0.69472,0.0044431,0.034158
0.71967,-0.69352,0.0057199,0.032699
0.72096,-0.69224,0.0070391,0.031022
0.72229,-0.69092,0.0083775,0.029175
0.72366,-0.68955,0.0096298,0.027319
0.72506,-0.68812,0.010627,0.025609
0.7265,-0.68665,0.011359,0.024094
0.72802,-0.68508,0.011773,0.02287
0.72964,-0.68338,0.011845,0.02196
0.73136,-0.68156,0.011627,0.021317
0.73317,-0.67963,0.011224,0.020749
0.73504,-0.67764,0.010826,0.020067
0.73693,-0.67561,0.010558,0.019218
0.73883,-0.67357,0.010441,0.018197
0.74075,-0.67149,0.01043,0.017086
0.74272,-0.66933,0.010458,0.015946
0.74476,-0.66709,0.010417,0.014857
0.74685,-0.66477,0.010317,0.013825
0.74901,-0.66236,0.010161,0.012838
0.75123,-0.65986,0.009985,0.011854
0.75349,-0.6573,0.0098238,0.010827
0.75575,-0.65471,0.009815,0.0096805
0.75799,-0.65213,0.010014,0.0084269
0.7602,-0.64957,0.010395,0.0071559
0.7624,-0.64699,0.010708,0.0061021
0.76464,-0.64435,0.010758,0.0054507
0.76694,-0.64162,0.010402,0.005334
0.76932,-0.63876,0.0095638,0.0058138
0.77178,-0.6358,0.0084699,0.0065872
0.77434,-0.63268,0.0071665,0.0075231
0.77699,-0.62943,0.0058275,0.0083963
0.77972,-0.62605,0.0045718,0.0090884
0.78251,-0.62255,0.00347,0.0095015
0.78536,-0.61896,0.002481,0.0096595
0.78827,-0.61525,0.001516,0.0096119
0.79127,-0.61139,0.00044354,0.0095029
0.79436,-0.60738,-0.00083888,0.0094414
0.79751,-0.60323,-0.0023556,0.0094374
0.8007,-0.59898,-0.0040171,0.0094094
0.80392,-0.59464,-0.0056623,0.009216
0.80717,-0.59022,-0.0071049,0.008769
0.81044,-0.58571,-0.0083383,0.008128
0.81374,-0.5811,-0.0094633,0.007383
0.81711,-0.57635,-0.010615,0.0066083
0.8205,-0.57149,-0.011861,0.0058783
0.82393,-0.56651,-0.01333,0.0052969
0.82739,-0.5614,-0.015216,0.004889
0.8309,-0.55613,-0.017476,0.004538
0.83443,-0.55075,-0.01984,0.004084
0.83795,-0.54528,-0.022093,0.0034371
0.84149,-0.53973,-0.024151,0.0025629
0.84501,-0.53411,-0.025956,0.0014478
0.84853,-0.52843,-0.027655,0.00021195
0.85204,-0.52265,-0.029455,-0.0010381
0.85553,-0.51679,-0.03145,-0.0022952
0.85903,-0.51081,-0.033601,-0.0035694
0.86251,-0.50475,-0.035802,-0.0048711
0.86594,-0.49866,-0.03791,-0.0063112
0.86933,-0.49257,-0.039682,-0.007973
0.87267,-0.48648,-0.041097,-0.0098684
0.87594,-0.48042,-0.042247,-0.011909
0.87913,-0.4744,-0.043203,-0.014076
0.88226,-0.46841,-0.044128,-0.016372
0.88531,-0.46243,-0.044971,-0.018871
0.88832,-0.45645,-0.045554,-0.02156
0.89127,-0.4505,-0.045719,-0.024479
0.89416,-0.4446,-0.045296,-0.027654
0.89698,-0.43875,-0.044225,-0.031034
0.89972,-0.43301,-0.042531,-0.034554
0.90238,-0.42734,-0.040435,-0.03812
0.90495,-0.42176,-0.038156,-0.041661
0.90741,-0.41629,-0.035721,-0.045108
0.90977,-0.41093,-0.033295,-0.048411
0.91204,-0.40566,-0.031033,-0.051561
0.91422,-0.40048,-0.028986,-0.054542
0.91629,-0.39546,-0.027212,-0.057319
0.91826,-0.39056,-0.025648,-0.05996
0.92014,-0.38581,-0.024276,-0.062455
0.92194,-0.38117,-0.02297,-0.064863
0.92366,-0.37665,-0.021644,-0.067211
0.92528,-0.37231,-0.020217,-0.069532
0.92681,-0.36814,-0.018661,-0.071836
0.92824,-0.36414,-0.016974,-0.074073
0.92958,-0.36034,-0.015301,-0.076187
0.93083,-0.35673,-0.01379,-0.078162
0.932,-0.3533,-0.012517,-0.080001
0.9331,-0.35002,-0.011555,-0.081699
0.93414,-0.34688,-0.010939,-0.083257
0.93513,-0.34387,-0.010428,-0.084776
0.93605,-0.34098,-0.0097665,-0.086318
0.93691,-0.33822,-0.0088042,-0.087925
0.93771,-0.33557,-0.0074986,-0.08962
0.93844,-0.33309,-0.0057284,-0.091433
0.93906,-0.33083,-0.0033928,-0.093362
0.93958,-0.32879,-0.00056593,-0.095332
0.94002,-0.32694,0.0023541,-0.097269
0.94039,-0.32529,0.0050242,-0.099123
0.94069,-0.32384,0.0072399,-0.10086
0.94093,-0.32261,0.0088397,-0.10245
0.94111,-0.3216,0.0098346,-0.10384
0.94126,-0.32077,0.010176,-0.10505
0.94138,-0.32006,0.0099675,-0.10613
0.94149,-0.31942,0.0094745,-0.1071
0.94159,-0.31884,0.0088916,-0.108
0.94166,-0.31837,0.0082859,-0.10887
0.94168,-0.31803,0.007649,-0.10971
0.94166,-0.31783,0.0069262,-0.1105
0.94161,-0.31774,0.006121,-0.11125
0.94153,-0.31776,0.0053457,-0.11195
0.94143,-0.31781,0.0046222,-0.11259
0.94134,-0.31789,0.003958,-0.1132
0.94124,-0.31798,0.0034769,-0.11373
0.94115,-0.31811,0.0031649,-0.11419
0.94105,-0.31827,0.0029469,-0.11458
0.94094,-0.31848,0.0028026,-0.11487
0.94082,-0.31875,0.0026706,-0.11507
0.94069,-0.31909,0.0024743,-0.1152
0.94056,-0.31946,0.002191,-0.11531
0.94042,-0.31983,0.0018934,-0.11539
0.94029,-0.3202,0.0015762,-0.11542
0.94018,-0.32055,0.0012183,-0.11539
0.94007,-0.32088,0.00086775,-0.11532
0.93997,-0.32119,0.00055121,-0.1153
0.93984,-0.32153,0.00028602,-0.11536
0.93969,-0.32192,7.2951e-05,-0.11553
0.93952,-0.32232,-0.00015314,-0.1158
0.93935,-0.3227,-0.00051872,-0.11609
0.93919,-0.32309,-0.0011037,-0.11636
0.93901,-0.32351,-0.0018908,-0.11659
0.93884,-0.32394,-0.0027945,-0.11677
0.93868,-0.32434,-0.0037722,-0.11695
0.93852,-0.32471,-0.0046784,-0.11717
0.93836,-0.32504,-0.005393,-0.11743
0.93822,-0.32534,-0.0058893,-0.11771
0.93809,-0.3256,-0.0062158,-0.11801
0.93798,-0.32582,-0.0063935,-0.11833
0.93787,-0.326,-0.0064807,-0.11865
0.93778,-0.32616,-0.0065647,-0.11893
0.93769,-0.32633,-0.006684,-0.11914
0.93762,-0.32649,-0.0068351,-0.11929
0.93755,-0.32666,-0.0069905,-0.11936
0.93749,-0.32682,-0.0071361,-0.11939
0.93743,-0.32698,-0.0072968,-0.11941
0.93737,-0.32712,-0.0074978,-0.11946
0.93732,-0.32724,-0.0077466,-0.11952
0.93727,-0.32734,-0.0080053,-0.11961
0.93722,-0.32742,-0.0082096,-0.11975
0.93717,-0.3275,-0.0083041,-0.11993
0.93713,-0.32755,-0.0082564,-0.12013
0.93709,-0.3276,-0.0080808,-0.12034
0.93705,-0.32763,-0.0078262,-0.12055
0.93702,-0.32765,-0.0075523,-0.12076
0.937,-0.32765,-0.0073488,-0.12095
0.93699,-0.32763,-0.0072654,-0.1211
0.93698,-0.32759,-0.0073196,-0.1212
0.93699,-0.32756,-0.0075111,-0.12125
0.937,-0.3275,-0.0078347,-0.12128
0.93702,-0.32744,-0.0081386,-0.12125
0.93704,-0.32741,-0.0083043,-0.12119
0.93706,-0.32738,-0.0082818,-0.12115
0.93707,-0.32735,-0.0080764,-0.12112
0.9371,-0.3273,-0.0078133,-0.12109
0.93712,-0.32724,-0.0076212,-0.12108
0.93714,-0.32719,-0.0075355,-0.12104
0.93717,-0.32715,-0.0076108,-0.12094
0.93721,-0.32708,-0.0078853,-0.12079
0.93725,-0.32702,-0.0081828,-0.12062
0.93729,-0.32695,-0.0083753,-0.12046
0.93733,-0.3269,-0.0084139,-0.12033
0.93735,-0.32686,-0.0082876,-0.12027
0.93737,-0.32682,-0.0080509,-0.1203
0.93738,-0.32676,-0.0077788,-0.12037
0.93739,-0.3267,-0.0075031,-0.12047
0.9374,-0.32664,-0.0073191,-0.12053
0.93741,-0.32661,-0.0073249,-0.12054
0.93744,-0.32657,-0.0074761,-0.12044
0.93747,-0.32653,-0.0077308,-0.12026
0.93751,-0.32651,-0.0080378,-0.12003
0.93754,-0.32647,-0.0083049,-0.11984
0.93757,-0.32642,-0.0084238,-0.11974
0.93758,-0.32636,-0.008384,-0.1198
0.93758,-0.32632,-0.008259,-0.11995
0.93757,-0.32629,-0.0081307,-0.12013
0.93756,-0.32627,-0.0080557,-0.1203
0.93754,-0.32628,-0.0080882,-0.12041
0.93751,-0.32631,-0.008175,-0.12049
0.93749,-0.32636,-0.0082637,-0.12053
0.93747,-0.32642,-0.0083078,-0.12054
0.93745,-0.32648,-0.0082739,-0.12055
0.93743,-0.32652,-0.0081868,-0.1206
0.93741,-0.32655,-0.0080963,-0.1207
0.93738,-0.32656,-0.0080143,-0.12085
0.93736,-0.32657,-0.0079136,-0.12101
0.93735,-0.32657,-0.0077722,-0.12115
0.93733,-0.32657,-0.0076041,-0.12126
0.93732,-0.32659,-0.0074121,-0.12132
0.9373,-0.32662,-0.0071998,-0.12137
0.93728,-0.32668,-0.0069879,-0.12138
0.93726,-0.32676,-0.0067974,-0.12135
0.93724,-0.32684,-0.0066844,-0.12128
0.93723,-0.32691,-0.0066806,-0.12119
0.93721,-0.32699,-0.0067069,-0.12111
0.9372,-0.32705,-0.0066628,-0.12108
0.93718,-0.32711,-0.0065198,-0.12109
0.93716,-0.32715,-0.006267,-0.12112
0.93715,-0.32719,-0.0060204,-0.1211
0.93714,-0.32724,-0.005911,-0.12101
0.93714,-0.32731,-0.0059669,-0.12081
0.93715,-0.32739,-0.0061263,-0.12056
0.93715,-0.32746,-0.0063126,-0.1203
0.93716,-0.32752,-0.0064254,-0.12008
0.93716,-0.32759,-0.0064015,-0.11993
0.93714,-0.32766,-0.0062265,-0.11984
0.93713,-0.32772,-0.0059496,-0.11981
0.93712,-0.32777,-0.0056686,-0.1198
0.93711,-0.32782,-0.0054557,-0.11973
0.9371,-0.32789,-0.0053394,-0.1196
0.93709,-0.32797,-0.005277,-0.11945
0.93707,-0.32806,-0.0053219,-0.11933
0.93706,-0.32813,-0.00544,-0.11927
0.93704,-0.32817,-0.0055601,-0.11927
0.93704,-0.32818,-0.0055986,-0.11928
0.93703,-0.32818,-0.0055489,-0.11933
0.93703,-0.32816,-0.0053632,-0.11939
0.93703,-0.32815,-0.0050624,-0.11942
0.93704,-0.32814,-0.0047583,-0.11943
0.93703,-0.32816,-0.0044861,-0.1194
0.93702,-0.32821,-0.0042629,-0.11938
0.937,-0.32826,-0.0041663,-0.1194
0.93698,-0.32832,-0.0041141,-0.11942
0.93696,-0.32838,-0.0040299,-0.11944
0.93693,-0.32843,-0.0039041,-0.11947
0.93691,-0.3285,-0.0037436,-0.11945
0.93689,-0.32858,-0.0035884,-0.11938
0.93689,-0.32864,-0.0034717,-0.11925
0.9369,-0.32867,-0.0033858,-0.11909
0.93692,-0.32867,-0.0033197,-0.11893
0.93696,-0.32863,-0.0032546,-0.11876
0.93699,-0.32859,-0.0031897,-0.1186
0.93703,-0.32854,-0.0031412,-0.11844
0.93707,-0.32849,-0.0031341,-0.11823
0.93712,-0.32846,-0.003166,-0.11798
0.93716,-0.32844,-0.0031822,-0.1177
0.93721,-0.32841,-0.0031811,-0.1174
0.93726,-0.32836,-0.0031704,-0.11709
0.93733,-0.32827,-0.0030885,-0.1168
0.9374,-0.32816,-0.0028506,-0.11655
0.93746,-0.32805,-0.0024148,-0.11642
0.9375,-0.32795,-0.0019328,-0.11638
0.93753,-0.32785,-0.0015837,-0.11639
0.93757,-0.32775,-0.0013578,-0.11638
0.93761,-0.32764,-0.0011414,-0.11634
0.93766,-0.32751,-0.00081717,-0.1163
0.93772,-0.32736,-0.00031405,-0.11623
0.93779,-0.32721,0.00030655,-0.11611
0.93786,-0.32707,0.00083524,-0.11594
0.93794,-0.32692,0.001193,-0.11569
0.93804,-0.32675,0.0013162,-0.11535
0.93817,-0.32656,0.0013582,-0.11491
0.9383,-0.32633,0.0014916,-0.11445
0.93843,-0.32613,0.0018191,-0.11399
0.93855,-0.32594,0.0023559,-0.11351
0.93865,-0.3258,0.0030773,-0.11302
0.93875,-0.32567,0.003782,-0.11253
0.93884,-0.32557,0.004389,-0.11209
0.93891,-0.32549,0.0048066,-0.11171
0.93897,-0.32544,0.0050016,-0.11139
0.93902,-0.32538,0.0051065,-0.1111
0.93908,-0.32531,0.0052054,-0.11081
0.93914,-0.32525,0.0053503,-0.11049
0.93919,-0.32522,0.0055301,-0.11012
0.93924,-0.3252,0.0057559,-0.10973
0.93927,-0.32523,0.0059885,-0.10934
0.93931,-0.32526,0.0060598,-0.10895
0.93934,-0.32529,0.0059324,-0.10855
0.93938,-0.32534,0.0057516,-0.10812
0.93941,-0.3254,0.0055698,-0.10766
0.93944,-0.32549,0.0053965,-0.10718
0.93945,-0.3256,0.0052701,-0.1067
0.93945,-0.32578,0.0052372,-0.10621
0.9394,-0.32606,0.0052882,-0.10576
0.93932,-0.32642,0.0053011,-0.10538
0.93918,-0.32692,0.0051722,-0.10507
0.939,-0.32751,0.0049202,-0.10482
0.93878,-0.32822,0.0046288,-0.10458
0.93853,-0.32904,0.004315,-0.10428
0.93824,-0.32999,0.0040182,-0.10387
0.9379,-0.33113,0.0038122,-0.10333
0.93754,-0.33237,0.0036028,-0.10264
0.93716,-0.33372,0.0033557,-0.10177
0.93676,-0.33516,0.0031495,-0.10074
0.93629,-0.33678,0.0030842,-0.099622
0.93576,-0.33862,0.0031875,-0.098431
0.93519,-0.34055,0.0032768,-0.097134
0.93461,-0.34259,0.0030859,-0.09557
0.93402,-0.3447,0.0025651,-0.093708
0.93341,-0.34692,0.001752,-0.091573
0.93276,-0.3493,0.00063223,-0.089183
0.93202,-0.35191,-0.00061938,-0.086576
0.9312,-0.35475,-0.0019374,-0.083808
0.93031,-0.35774,-0.0033667,-0.080844
0.92938,-0.36084,-0.004897,-0.077591
0.9284,-0.36406,-0.0065408,-0.074044
0.92735,-0.36747,-0.0082384,-0.070213
0.92624,-0.37096,-0.0098746,-0.066198
0.92508,-0.3745,-0.011369,-0.061993
0.92389,-0.37809,-0.01275,-0.057614
0.92264,-0.38173,-0.014113,-0.053059
0.92134,-0.38544,-0.015535,-0.048304
0.92,-0.38915,-0.016978,-0.043332
0.9186,-0.39291,-0.018396,-0.038128
0.9171,-0.3968,-0.01968,-0.032853
0.91551,-0.40079,-0.020889,-0.027644
0.91389,-0.40475,-0.022122,-0.022391
0.91232,-0.40845,-0.023504,-0.016921
0.9108,-0.41194,-0.024979,-0.011236
0.90926,-0.41535,-0.026459,-0.0053779
0.90768,-0.41874,-0.027882,0.00059991
0.90606,-0.42211,-0.029056,0.0065693
0.90437,-0.42552,-0.02983,0.012456
0.90261,-0.429,-0.030187,0.018286
0.9008,-0.43251,-0.03032,0.024069
0.89897,-0.43592,-0.030451,0.029871
0.89718,-0.43916,-0.030561,0.035787
0.89534,-0.44235,-0.030699,0.041776
0.89349,-0.44546,-0.030891,0.047858
0.89163,-0.44844,-0.031134,0.054107
0.88976,-0.4513,-0.031484,0.060517
0.88788,-0.45403,-0.031903,0.067053
0.88599,-0.45668,-0.032214,0.073682
0.88407,-0.45925,-0.0324,0.080368
0.88212,-0.46176,-0.032531,0.087079
0.88013,-0.46425,-0.032633,0.09373
0.87812,-0.4667,-0.032565,0.10023
0.87613,-0.46905,-0.032251,0.1065
0.87419,-0.47129,-0.031771,0.11258
0.87227,-0.4734,-0.031248,0.11857
0.87041,-0.47532,-0.030844,0.12456
0.8686,-0.47701,-0.030622,0.13059
0.86682,-0.47855,-0.030474,0.13665
0.86506,-0.48002,-0.030308,0.1426
0.86331,-0.48144,-0.030038,0.14837
0.86158,-0.48287,-0.029394,0.15383
0.85984,-0.48437,-0.028244,0.15896
0.85811,-0.48592,-0.026625,0.16374
0.85646,-0.4874,-0.024682,0.16828
0.85483,-0.48876,-0.022667,0.17282
0.85323,-0.48996,-0.020696,0.17752
0.85167,-0.49093,-0.018943,0.18245
0.85016,-0.49162,-0.017513,0.18769
0.84868,-0.49207,-0.016414,0.19322
0.8472,-0.49236,-0.01553,0.199
0.84568,-0.49257,-0.01462,0.20492
0.84415,-0.4926,-0.013486,0.21112
0.84264,-0.49237,-0.012086,0.21766
0.84113,-0.49193,-0.010371,0.2245
0.83962,-0.49127,-0.0084377,0.23157
0.83809,-0.49039,-0.0064344,0.23892
0.83651,-0.48927,-0.0044071,0.24667
0.83483,-0.48805,-0.0021309,0.25468
0.83295,-0.48703,0.00086812,0.26266
0.8308,-0.48639,0.0050471,0.27051
0.82832,-0.48619,0.010623,0.27819
0.82551,-0.48641,0.017814,0.28571
0.82237,-0.48686,0.026421,0.29322
0.81894,-0.48733,0.03607,0.3009
0.81526,-0.48758,0.046311,0.30899
0.81132,-0.48742,0.05668,0.31775
0.80718,-0.48672,0.066912,0.32725
0.80283,-0.4854,0.076949,0.33752
0.79821,-0.48356,0.087039,0.34851
0.7932,-0.48143,0.097653,0.35988
0.78779,-0.47918,0.10893,0.37137
0.78197,-0.47686,0.12079,0.38279
0.77576,-0.47453,0.13324,0.39405
0.76903,-0.47235,0.14646,0.405
0.76184,-0.47011,0.16032,0.41581
0.75433,-0.46743,0.17421,0.42679
0.74664,-0.46413,0.18763,0.43807
0.73897,-0.45994,0.20017,0.44979
0.73125,-0.45488,0.21187,0.46202
0.72345,-0.44907,0.22291,0.47462
0.71551,-0.44278,0.23359,0.48727
0.70725,-0.43635,0.24433,0.4997
0.69857,-0.43001,0.2554,0.51173
0.68944,-0.4238,0.26677,0.52335
0.67993,-0.41764,0.27818,0.53469
0.6701,-0.4115,0.28955,0.5457
0.66006,-0.40538,0.30077,0.55636
0.64998,-0.39904,0.31153,0.56679
0.64019,-0.39204,0.32141,0.5772
0.6308,-0.38407,0.33031,0.58777
0.62163,-0.37522,0.33841,0.59855
0.61251,-0.36582,0.34606,0.60931
0.60315,-0.35648,0.35375,0.61967
0.59327,-0.34758,0.36191,0.62947
0.58276,-0.33931,0.37059,0.63869
0.57162,-0.33173,0.37976,0.64729
0.56005,-0.32472,0.38916,0.65532
0.54839,-0.31766,0.39833,0.66309
0.5369,-0.31007,0.40696,0.6708
0.52588,-0.3015,0.41482,0.67858
0.5152,-0.29216,0.42209,0.68633
0.50461,-0.28253,0.42902,0.6939
0.49397,-0.27309,0.43573,0.70111
0.48321,-0.264,0.44225,0.70797
0.47219,-0.25527,0.44862,0.71457
0.4611,-0.24675,0.45475,0.7209
0.45018,-0.23831,0.46055,0.72694
0.43959,-0.2298,0.46594,0.7327
0.42933,-0.22113,0.47095,0.73823
0.41933,-0.21233,0.4756,0.74356
0.40938,-0.20369,0.48008,0.74863
0.39933,-0.1956,0.48444,0.75339
0.3893,-0.18799,0.4886,0.75787
0.37952,-0.1806,0.49252,0.76208
0.37019,-0.17318,0.49617,0.76602
0.3614,-0.16565,0.49955,0.76967
0.35315,-0.15798,0.50276,0.77302
0.34536,-0.15034,0.50586,0.77603
0.33789,-0.14289,0.50887,0.77876
0.33064,-0.13594,0.5118,0.78119
0.32356,-0.12985,0.51468,0.7833
0.31666,-0.1247,0.51757,0.78505
0.31013,-0.12019,0.52043,0.78646
0.30393,-0.11611,0.52322,0.78764
0.29791,-0.11236,0.52598,0.78865
0.29202,-0.10898,0.52868,0.78952
0.28634,-0.10584,0.53122,0.79032
0.2809,-0.10283,0.53358,0.79109
0.27584,-0.09982,0.53576,0.79177
0.27109,-0.096798,0.53785,0.79237
0.26661,-0.093938,0.53991,0.79284
0.26218,-0.091408,0.54201,0.79318
0.25757,-0.089305,0.54412,0.79348
0.25264,-0.087798,0.54618,0.79382
0.2472,-0.086925,0.54821,0.79423
0.24146,-0.086555,0.55014,0.7947
0.23564,-0.086598,0.55192,0.79521
0.22996,-0.086728,0.5536,0.79569
0.22455,-0.086641,0.55523,0.79611
0.21958,-0.086227,0.55679,0.79645
0.21493,-0.085642,0.55833,0.7967
0.21058,-0.084915,0.55987,0.79687
0.20645,-0.08417,0.56133,0.797
0.2024,-0.083441,0.56267,0.79717
0.19831,-0.082768,0.56393,0.79738
0.19417,-0.082297,0.56517,0.79756
0.18999,-0.082159,0.56645,0.79768
0.18587,-0.082346,0.56775,0.7977
0.18188,-0.082741,0.56904,0.79766
0.17822,-0.083262,0.57027,0.79756
0.17493,-0.083726,0.57138,0.79744
0.17191,-0.084016,0.57238,0.79735
0.1691,-0.084113,0.57326,0.79731
0.1665,-0.083956,0.57403,0.79732
0.1641,-0.083515,0.57472,0.79736
0.16183,-0.082893,0.57539,0.79741
0.15959,-0.082244,0.57609,0.79742
0.15735,-0.081695,0.57687,0.79736
0.155,-0.081422,0.57777,0.7972
0.15245,-0.081738,0.57883,0.79689
0.14973,-0.082594,0.57995,0.7965
0.14692,-0.083758,0.58103,0.79612
0.14413,-0.085045,0.58197,0.7958
0.14157,-0.086178,0.58269,0.79562
0.13941,-0.086785,0.58315,0.79559
0.13763,-0.086864,0.58346,0.79567
0.13625,-0.086458,0.58366,0.7958
0.1352,-0.085582,0.58382,0.79596
0.13435,-0.084351,0.58387,0.7962
0.13345,-0.083179,0.58377,0.79654
0.13225,-0.082403,0.58348,0.79704
0.13067,-0.082098,0.58303,0.79766
0.12883,-0.082174,0.58247,0.79836
0.12682,-0.082614,0.58187,0.79907
0.12477,-0.08319,0.58126,0.79978
0.12292,-0.083668,0.58068,0.80044
0.12155,-0.083905,0.5801,0.80104
0.1205,-0.083885,0.57953,0.80161
0.11987,-0.083569,0.57903,0.80211
0.1195,-0.083044,0.57857,0.80255
0.11923,-0.082294,0.57814,0.80297
0.11888,-0.081507,0.57767,0.80344
0.11839,-0.080915,0.57714,0.80396
0.1178,-0.0807,0.57654,0.80449
0.11721,-0.08065,0.57591,0.80504
0.1167,-0.080653,0.57525,0.80558
0.11633,-0.080622,0.57459,0.80611
0.11615,-0.080505,0.57396,0.8066
0.1161,-0.080228,0.5733,0.8071
0.11612,-0.079783,0.57253,0.80769
0.11604,-0.079462,0.57163,0.80837
0.1158,-0.079439,0.5706,0.80914
0.11543,-0.0796,0.56943,0.81
0.11503,-0.079786,0.56821,0.81089
0.11465,-0.079917,0.56699,0.81178
0.1143,-0.079981,0.56583,0.81263
0.11394,-0.080003,0.56466,0.81349
0.1135,-0.080062,0.56347,0.81438
0.11293,-0.080217,0.56225,0.81529
0.11225,-0.080416,0.56098,0.81623
0.1115,-0.080513,0.55964,0.81724
0.11067,-0.080473,0.55824,0.81832
0.10974,-0.08041,0.55681,0.81942
0.10882,-0.080315,0.55541,0.82051
0.10794,-0.080048,0.55408,0.82154
0.10703,-0.079576,0.55285,0.82254
0.10595,-0.079103,0.55171,0.82349
0.10456,-0.078889,0.55066,0.82439
0.10288,-0.078997,0.54963,0.82528
0.10093,-0.079368,0.54858,0.82618
0.098783,-0.079932,0.54746,0.82713
0.096576,-0.08048,0.54623,0.82815
0.094428,-0.080661,0.54487,0.82927
0.092264,-0.080337,0.54342,0.8305
0.089957,-0.079711,0.54191,0.8318
0.087362,-0.078957,0.54032,0.83318
0.084359,-0.078131,0.53869,0.83462
0.080814,-0.077346,0.53704,0.83611
0.076497,-0.077003,0.53543,0.83758
0.071375,-0.077274,0.53388,0.83899
0.065704,-0.078117,0.53243,0.8403
0.059831,-0.079484,0.53114,0.84142
0.054197,-0.080826,0.52983,0.8425
0.049071,-0.081613,0.52831,0.84369
0.044347,-0.081957,0.52637,0.84513
0.039679,-0.082337,0.52407,0.84676
0.034445,-0.083368,0.52117,0.84867
0.028439,-0.085393,0.51772,0.8508
0.022269,-0.088401,0.51395,0.85296
0.017334,-0.090432,0.51024,0.85509
0.014707,-0.088567,0.50651,0.85755
0.015038,-0.081647,0.50253,0.86056
0.018057,-0.071809,0.4979,0.86407
0.023334,-0.060231,0.4921,0.86814
0.030143,-0.047266,0.48559,0.87239
0.038373,-0.033797,0.47949,0.87606
0.047827,-0.020614,0.47396,0.879
0.057991,-0.0076413,0.46913,0.88119
0.06742,0.0033764,0.46349,0.88353
0.076511,0.0097928,0.45603,0.88661
0.088047,0.012945,0.44739,0.8899
0.105,0.01751,0.44028,0.89153
0.12985,0.026437,0.43559,0.89034
0.16384,0.041829,0.43271,0.88553
0.2039,0.059813,0.42968,0.87762
0.24732,0.074046,0.42452,0.86783
0.29264,0.081329,0.41622,0.85704
0.3397,0.077696,0.40396,0.8458
0.38959,0.059175,0.3864,0.83392
0.44671,0.024904,0.35857,0.8193
0.52079,-0.020841,0.31585,0.79283
0.61353,-0.065055,0.2399,0.74954
0.68461,-0.10768,0.15227,0.70465
0.72306,-0.14502,0.12577,0.66357
0.73189,-0.18213,0.16291,0.6361
0.69828,-0.21579,0.21274,0.64852
0.64509,-0.23125,0.24847,0.68458
0.59466,-0.22806,0.2701,0.72209
0.55643,-0.20649,0.27023,0.75811
0.5243,-0.16789,0.25968,0.7934
0.48894,-0.12909,0.26332,0.82155
0.45001,-0.11456,0.28394,0.83889
0.411,-0.12136,0.31366,0.84733
0.3729,-0.13667,0.34535,0.8503
0.3366,-0.14563,0.3737,0.85196
0.30476,-0.14185,0.39756,0.85378
0.27616,-0.13127,0.41967,0.85462
0.24959,-0.12071,0.4408,0.85371
0.22537,-0.1113,0.4596,0.85181
0.20284,-0.10413,0.47569,0.84955
0.18125,-0.099184,0.4903,0.84671
0.16083,-0.094044,0.504,0.84337
0.14178,-0.0878,0.51555,0.84047
0.12377,-0.081889,0.52531,0.83787
0.10829,-0.076703,0.53336,0.83542
0.096531,-0.070547,0.53957,0.83341
0.088638,-0.063273,0.54365,0.83221
0.083782,-0.056394,0.54633,0.83146
0.080898,-0.050857,0.54845,0.83071
0.080394,-0.048005,0.55006,0.82986
0.081905,-0.047367,0.55127,0.82894
0.085163,-0.048675,0.55221,0.82791
0.08966,-0.051566,0.55291,0.8268
0.095019,-0.05601,0.55313,0.82576
0.10051,-0.060997,0.55297,0.82486
0.10594,-0.066034,0.55224,0.82429
0.11123,-0.070543,0.55092,0.8241
0.11605,-0.074431,0.54929,0.82418
0.11978,-0.078342,0.54758,0.82442
0.12243,-0.082898,0.54598,0.82465
0.12424,-0.087769,0.54473,0.8247
0.12563,-0.092208,0.544,0.82449
0.12692,-0.095752,0.54379,0.82402
0.12822,-0.098305,0.54399,0.82339
0.12951,-0.10011,0.54443,0.82268
0.13066,-0.10144,0.54496,0.82198
0.13139,-0.10265,0.54544,0.8214
0.13134,-0.10442,0.54589,0.82089
0.13068,-0.10693,0.54638,0.82034
0.12983,-0.10958,0.54693,0.81976
0.12907,-0.11179,0.54756,0.81916
0.1287,-0.11309,0.54821,0.8186
0.12874,-0.11347,0.54883,0.81813
0.12903,-0.11317,0.54936,0.81777
0.12923,-0.11298,0.54975,0.8175
0.12919,-0.11328,0.55001,0.81729
0.12882,-0.11432,0.55014,0.81712
0.12821,-0.11601,0.55014,0.81697
0.12761,-0.11798,0.55001,0.81688
0.12723,-0.11987,0.54981,0.81679
0.12723,-0.12136,0.54958,0.81673
0.12768,-0.12204,0.54925,0.81678
0.12841,-0.12194,0.54876,0.81701
0.12914,-0.12146,0.54816,0.81737
0.12971,-0.12093,0.54748,0.81781
0.13016,-0.12048,0.54675,0.81829
0.13045,-0.1201,0.54602,0.81879
0.13059,-0.11982,0.54534,0.81926
0.13054,-0.11976,0.54475,0.81968
0.13029,-0.11992,0.54428,0.82
0.12991,-0.12021,0.54392,0.82026
0.12954,-0.12042,0.54363,0.82048
0.12928,-0.12026,0.54346,0.82066
0.12913,-0.11975,0.54337,0.82081
0.12904,-0.11903,0.54334,0.82095
0.12897,-0.11822,0.54336,0.82106
0.12886,-0.11748,0.54343,0.82115
0.12855,-0.117,0.54351,0.82121
0.12803,-0.11689,0.54356,0.82128
0.12736,-0.11709,0.54353,0.82137
0.12672,-0.11729,0.54345,0.82149
0.12618,-0.11732,0.54334,0.82164
0.12578,-0.11706,0.54319,0.82184
0.12542,-0.11657,0.54298,0.8221
0.12498,-0.11612,0.54268,0.82243
0.12445,-0.11591,0.54226,0.82282
0.12388,-0.11598,0.54181,0.82319
0.12326,-0.11626,0.54136,0.82354
0.1227,-0.11676,0.54099,0.8238
0.12236,-0.11714,0.54072,0.82397
0.12228,-0.11723,0.54055,0.82408
0.12241,-0.11707,0.54045,0.82415
0.12256,-0.11676,0.54042,0.82419
0.12253,-0.11663,0.54039,0.82424
0.12221,-0.1169,0.54037,0.82426
0.12166,-0.11752,0.54039,0.82424
0.12105,-0.11824,0.54037,0.82424
0.12055,-0.11885,0.54029,0.82428
0.12019,-0.11926,0.54019,0.82433
0.11998,-0.11958,0.54011,0.82437
0.11989,-0.11987,0.54008,0.82436
0.11987,-0.12008,0.54011,0.82432
0.11976,-0.12025,0.54012,0.8243
0.11949,-0.12055,0.54007,0.82433
0.11904,-0.1211,0.53993,0.8244
0.11844,-0.12186,0.53969,0.82454
0.11783,-0.12268,0.53932,0.82474
0.11727,-0.12357,0.53887,0.82498
0.11676,-0.12457,0.53837,0.82523
0.11631,-0.12568,0.53782,0.82549
0.11591,-0.12687,0.53728,0.82571
0.1155,-0.12807,0.53677,0.82591
0.11505,-0.1292,0.53625,0.82614
0.11456,-0.1303,0.53572,0.82638
0.11398,-0.13136,0.5352,0.82663
0.11329,-0.13241,0.53472,0.82687
0.11245,-0.1335,0.5343,0.82708
0.11147,-0.13467,0.53393,0.82726
0.11034,-0.136,0.53361,0.8274
0.10914,-0.13751,0.53327,0.82753
0.10783,-0.13935,0.5329,0.82763
0.10648,-0.14151,0.53249,0.8277
0.10525,-0.14388,0.53202,0.82776
0.10434,-0.14609,0.53146,0.82784
0.10379,-0.1479,0.53086,0.82797
0.1036,-0.14923,0.53021,0.82817
0.10359,-0.15042,0.52951,0.82841
0.10362,-0.15167,0.5288,0.82863
0.10361,-0.15314,0.52806,0.82883
0.10359,-0.15483,0.52732,0.82899
0.10355,-0.15667,0.52661,0.82911
0.10353,-0.15858,0.52591,0.82919
0.10355,-0.16049,0.52523,0.82925
0.1036,-0.16222,0.52456,0.82933
0.10371,-0.16371,0.52395,0.82941
0.10388,-0.16495,0.52339,0.8295
0.10408,-0.16596,0.52286,0.8296
0.10428,-0.16682,0.52243,0.82968
0.10439,-0.16754,0.52213,0.82971
0.10433,-0.16812,0.52198,0.82969
0.10403,-0.16868,0.52201,0.82959
0.10348,-0.1692,0.52225,0.82941
0.10278,-0.16958,0.5226,0.82919
0.10196,-0.16985,0.52306,0.82895
0.10109,-0.17004,0.52359,0.82869
0.10022,-0.17014,0.52419,0.82839
0.099472,-0.17006,0.52489,0.82806
0.098974,-0.1697,0.52567,0.8277
0.098769,-0.16893,0.52653,0.82733
0.098683,-0.16791,0.5274,0.82699
0.098673,-0.16681,0.52825,0.82668
0.098726,-0.16565,0.52906,0.82638
0.098936,-0.16436,0.52983,0.82612
0.099331,-0.16287,0.53058,0.82589
0.09989,-0.16118,0.53138,0.82564
0.10054,-0.15947,0.53228,0.82532
0.1013,-0.15784,0.53325,0.82491
0.10222,-0.15632,0.53426,0.82443
0.10338,-0.15494,0.53523,0.82391
0.10476,-0.15383,0.53612,0.82337
0.10635,-0.15302,0.53687,0.82283
0.10818,-0.15231,0.53749,0.82232
0.11036,-0.15153,0.53792,0.82189
0.11279,-0.15046,0.53825,0.82154
0.11529,-0.14902,0.53856,0.82125
0.11773,-0.14718,0.53885,0.82105
0.11997,-0.14497,0.53912,0.82094
0.12198,-0.14269,0.53938,0.82087
0.12354,-0.14061,0.53964,0.82082
0.12461,-0.13909,0.5399,0.82075
0.12523,-0.1382,0.54012,0.82066
0.12548,-0.13786,0.54027,0.82058
0.12548,-0.1379,0.54032,0.82055
0.12528,-0.13821,0.54022,0.82059
0.125,-0.13857,0.54003,0.8207
0.12469,-0.13876,0.53977,0.82088
0.12445,-0.13859,0.53946,0.82115
0.12427,-0.13809,0.53912,0.82149
0.12408,-0.13741,0.53874,0.82188
0.12391,-0.13684,0.53826,0.82231
0.12377,-0.13653,0.53766,0.82278
0.12373,-0.13644,0.53693,0.82327
0.12386,-0.1365,0.53609,0.82379
0.12412,-0.13666,0.5352,0.8243
0.12448,-0.13688,0.5343,0.8248
0.12488,-0.13713,0.53343,0.82526
0.12527,-0.13734,0.53267,0.82565
0.12558,-0.13752,0.53208,0.82596
0.12575,-0.13769,0.53165,0.82618
0.1257,-0.13793,0.53137,0.82633
0.12541,-0.13839,0.53118,0.82642
0.12485,-0.13911,0.53109,0.82644
0.12407,-0.14006,0.53105,0.82642
0.12317,-0.14106,0.53101,0.82641
0.12227,-0.14193,0.53102,0.82639
0.12135,-0.14266,0.53118,0.8263
0.12038,-0.14324,0.53152,0.82612
0.11932,-0.14373,0.53196,0.82591
0.11804,-0.14438,0.53244,0.82567
0.11652,-0.14539,0.53291,0.8254
0.11473,-0.14689,0.53331,0.82513
0.11279,-0.14872,0.53358,0.82489
0.11088,-0.1505,0.5337,0.82475
0.10901,-0.15208,0.53376,0.82467
0.10714,-0.15361,0.53382,0.8246
0.10527,-0.15512,0.53387,0.82453
0.10342,-0.15666,0.53389,0.82445
0.10159,-0.15829,0.53386,0.82439
0.099857,-0.16012,0.53374,0.82432
0.098187,-0.16208,0.53351,0.82429
0.096616,-0.16407,0.53307,0.82437
0.095151,-0.16593,0.53245,0.82456
0.093695,-0.16764,0.53172,0.82486
0.092188,-0.16928,0.53093,0.82521
0.090665,-0.17081,0.53007,0.82561
0.089142,-0.17224,0.52922,0.82603
0.087623,-0.17367,0.52844,0.82639
0.086107,-0.1752,0.52777,0.82665
0.084572,-0.17682,0.52723,0.8268
0.082977,-0.17863,0.52681,0.82685
0.081332,-0.18072,0.52643,0.8268
0.079691,-0.18324,0.52604,0.82665
0.078199,-0.18611,0.52556,0.82646
0.077059,-0.18923,0.52495,0.82624
0.076382,-0.19248,0.52422,0.82602
0.076146,-0.19573,0.52343,0.82578
0.076424,-0.19889,0.52261,0.82552
0.077162,-0.20191,0.52177,0.82525
0.078161,-0.20483,0.52088,0.825
0.079303,-0.20765,0.51991,0.82479
0.080439,-0.21034,0.51887,0.82466
0.081435,-0.21297,0.51778,0.82457
0.082099,-0.21565,0.51667,0.8245
0.082279,-0.21847,0.51565,0.82438
0.082096,-0.22137,0.51473,0.8242
0.081656,-0.22416,0.51392,0.824
0.081066,-0.22668,0.51322,0.8238
0.080468,-0.22882,0.51266,0.82362
0.080029,-0.23052,0.51221,0.82347
0.079823,-0.23164,0.51191,0.82336
0.079814,-0.23223,0.51178,0.82327
0.079914,-0.23242,0.51178,0.82321
0.080053,-0.23239,0.5119,0.82313
0.080181,-0.23234,0.51213,0.82299
0.080231,-0.23233,0.51244,0.82279
0.080224,-0.23241,0.51283,0.82253
0.080184,-0.23258,0.5133,0.82219
0.080104,-0.23279,0.51384,0.8218
0.079977,-0.23294,0.51447,0.82138
0.079831,-0.23301,0.51516,0.82094
0.079658,-0.23292,0.51596,0.82048
0.07952,-0.23266,0.51685,0.82001
0.079451,-0.23221,0.51779,0.81955
0.079491,-0.23149,0.51879,0.81912
0.079626,-0.23054,0.51984,0.8187
0.079861,-0.22941,0.52095,0.8183
0.080197,-0.22822,0.52207,0.81788
0.080559,-0.22705,0.5232,0.81745
0.080891,-0.22602,0.52433,0.81697
0.08117,-0.22521,0.52549,0.81643
0.081407,-0.22458,0.5267,0.8158
0.081653,-0.22403,0.52796,0.81511
0.081991,-0.22338,0.52927,0.8144
0.08244,-0.22248,0.53063,0.81372
0.08301,-0.22121,0.53208,0.81306
0.083629,-0.21963,0.53361,0.81242
0.084192,-0.21795,0.5352,0.81177
0.084654,-0.21629,0.53683,0.81109
0.084997,-0.21478,0.53848,0.81036
0.085191,-0.21348,0.54014,0.80958
0.08532,-0.21229,0.5418,0.80877
0.085434,-0.2111,0.54344,0.80796
0.085554,-0.20984,0.54506,0.80719
0.085697,-0.20856,0.54663,0.80645
0.085862,-0.2073,0.54812,0.80574
0.086025,-0.20608,0.54948,0.80511
0.086182,-0.20497,0.55072,0.80453
0.08637,-0.20403,0.55181,0.804
0.086622,-0.20327,0.55278,0.8035
0.086923,-0.20267,0.55366,0.80301
0.087273,-0.20219,0.55447,0.80253
0.087747,-0.20174,0.55521,0.80209
0.088367,-0.20117,0.55588,0.8017
0.08907,-0.20042,0.55648,0.80139
0.089792,-0.19958,0.55702,0.80115
0.090476,-0.19873,0.55751,0.80094
0.09107,-0.19792,0.55799,0.80074
0.091544,-0.19724,0.55849,0.8005
0.091927,-0.19671,0.55898,0.80025
0.092273,-0.1963,0.55947,0.79996
0.092635,-0.19589,0.55995,0.79969
0.093021,-0.19542,0.56038,0.79946
0.09341,-0.1949,0.5608,0.79924
0.093805,-0.19436,0.56123,0.79903
0.094168,-0.19375,0.56164,0.79885
0.094465,-0.19314,0.56204,0.79868
0.094663,-0.19266,0.56239,0.79852
0.094758,-0.19231,0.56269,0.79839
0.094801,-0.19203,0.56292,0.79828
0.094814,-0.19175,0.5631,0.79822
0.094805,-0.19141,0.56322,0.79822
0.094809,-0.19098,0.56329,0.79828
0.094855,-0.19047,0.56329,0.79839
0.094947,-0.18985,0.56322,0.79858
0.095082,-0.1891,0.56306,0.79885
0.095218,-0.18829,0.56282,0.7992
0.095297,-0.18745,0.56246,0.79964
0.095292,-0.1867,0.56198,0.80015
0.095212,-0.18602,0.56138,0.80074
0.095081,-0.18535,0.56064,0.80143
0.094927,-0.18465,0.55979,0.80221
0.094776,-0.18389,0.55888,0.80303
0.094668,-0.18302,0.55791,0.80391
0.094688,-0.18207,0.55693,0.8048
0.09487,-0.18105,0.556,0.80566
0.095242,-0.17999,0.55513,0.80645
0.095786,-0.17888,0.55432,0.80719
0.096498,-0.17766,0.5536,0.80787
0.097288,-0.1763,0.55294,0.80852
0.098104,-0.17485,0.55233,0.80916
0.098919,-0.17331,0.55172,0.8098
0.099766,-0.17171,0.55117,0.81041
0.10065,-0.17015,0.55065,0.81099
0.10153,-0.16871,0.55011,0.81155
0.10231,-0.16762,0.5495,0.81209
0.103,-0.16696,0.54878,0.81263
0.10387,-0.16647,0.54799,0.81315
0.10509,-0.16572,0.54715,0.81371
0.10667,-0.16447,0.54625,0.81436
0.10852,-0.16281,0.54535,0.81505
0.11045,-0.161,0.54449,0.81573
0.11225,-0.15914,0.54367,0.81639
0.11377,-0.15744,0.54289,0.81703
0.11489,-0.15615,0.54218,0.8176
0.11555,-0.15538,0.54155,0.81806
0.11576,-0.15511,0.54098,0.81846
0.11569,-0.15512,0.54046,0.81881
0.11553,-0.15512,0.54002,0.81912
0.11542,-0.15486,0.53971,0.81939
0.11536,-0.15419,0.53956,0.81963
0.11527,-0.15314,0.53964,0.81979
0.11508,-0.15191,0.53993,0.81985
0.11473,-0.1507,0.54037,0.81983
0.11418,-0.14954,0.54091,0.81977
0.1134,-0.14846,0.54149,0.81968
0.11238,-0.14762,0.54206,0.8196
0.11112,-0.14712,0.54261,0.8195
0.10974,-0.14682,0.54313,0.8194
0.10839,-0.14643,0.54361,0.81933
0.10712,-0.14568,0.54407,0.81932
0.10587,-0.14464,0.54455,0.81935
0.10456,-0.14343,0.54502,0.81942
0.10311,-0.14215,0.54554,0.81948
0.10157,-0.14086,0.54606,0.81955
0.099752,-0.13974,0.54659,0.81961
0.097668,-0.13905,0.54708,0.81965
0.095454,-0.13882,0.54754,0.81965
0.093343,-0.13889,0.54797,0.81959
0.09147,-0.13895,0.54838,0.81951
0.089789,-0.1389,0.54878,0.81944
0.088349,-0.13883,0.54917,0.81935
0.087138,-0.13871,0.54955,0.81924
0.086234,-0.13845,0.54991,0.81914
0.085673,-0.13788,0.55025,0.81907
0.085301,-0.13706,0.55055,0.81904
0.085052,-0.13608,0.55086,0.81903
0.08486,-0.13512,0.55115,0.81901
0.084765,-0.1343,0.55142,0.81897
0.084785,-0.13355,0.55167,0.81892
0.084936,-0.13276,0.55195,0.81885
0.085255,-0.1319,0.55225,0.81875
0.085732,-0.13104,0.55256,0.81863
0.08633,-0.13014,0.5529,0.81848
0.087013,-0.12919,0.55328,0.8183
0.087687,-0.12832,0.55369,0.81809
0.088319,-0.12761,0.55411,0.81785
0.088959,-0.12711,0.55455,0.81756
0.089804,-0.12662,0.55497,0.81726
0.090954,-0.12593,0.55536,0.81698
0.092401,-0.12504,0.55573,0.8167
0.094065,-0.12405,0.5561,0.8164
0.095866,-0.12307,0.5565,0.81607
0.097698,-0.1222,0.55689,0.81572
0.099471,-0.12165,0.55725,0.81534
0.10129,-0.1215,0.55755,0.81494
0.10326,-0.12156,0.55775,0.81454
0.10546,-0.12163,0.5579,0.81414
0.10794,-0.12162,0.55804,0.81373
0.11076,-0.12136,0.55815,0.81331
0.11382,-0.12069,0.55821,0.81295
0.11696,-0.11972,0.55819,0.81266
0.12001,-0.11874,0.55813,0.8124
0.12281,-0.11797,0.55809,0.81212
0.12535,-0.11758,0.55812,0.81177
0.1277,-0.11746,0.55822,0.81135
0.13004,-0.11732,0.55833,0.81092
0.13257,-0.11687,0.55845,0.8105
0.13546,-0.11568,0.55855,0.81012
0.13859,-0.11373,0.55863,0.80981
0.14182,-0.11129,0.55867,0.80956
0.14498,-0.10873,0.55869,0.80933
0.14799,-0.1063,0.55873,0.80908
0.15063,-0.10433,0.55882,0.80879
0.15297,-0.10283,0.55896,0.80845
0.15521,-0.10156,0.55912,0.80807
0.15761,-0.10013,0.55926,0.80769
0.1604,-0.097954,0.55929,0.80738
0.16345,-0.095163,0.55924,0.80714
0.16665,-0.091788,0.55918,0.80692
0.16971,-0.088235,0.55916,0.8067
0.17248,-0.084846,0.55914,0.80648
0.17463,-0.082204,0.55916,0.80628
0.17623,-0.080413,0.55918,0.8061
0.17718,-0.079772,0.55919,0.80594
0.17784,-0.079589,0.55918,0.80583
0.1784,-0.07951,0.55909,0.80577
0.17904,-0.079305,0.55892,0.80577
0.17982,-0.078747,0.5587,0.8058
0.18079,-0.077669,0.55844,0.80587
0.1819,-0.076028,0.5581,0.80601
0.18291,-0.074229,0.55768,0.80624
0.18371,-0.072658,0.55717,0.80656
0.18422,-0.071466,0.55657,0.80696
0.18438,-0.070773,0.55592,0.80743
0.18411,-0.070786,0.55525,0.80795
0.18343,-0.071503,0.55454,0.80854
0.18247,-0.07273,0.55375,0.80918
0.18139,-0.074275,0.55289,0.80987
0.18027,-0.075971,0.55196,0.8106
0.17924,-0.077622,0.55096,0.81135
0.17847,-0.078932,0.54981,0.81217
0.17802,-0.079664,0.54847,0.81311
0.17771,-0.07994,0.54704,0.81411
0.17745,-0.080043,0.54561,0.81512
0.17705,-0.080202,0.54417,0.81615
0.17629,-0.080562,0.54268,0.81727
0.17494,-0.081377,0.54115,0.81849
0.17296,-0.082847,0.53955,0.81982
0.17042,-0.084956,0.53783,0.82126
0.16747,-0.087479,0.53601,0.8228
0.16419,-0.090285,0.5341,0.8244
0.16066,-0.093154,0.53216,0.82602
0.15703,-0.09583,0.53023,0.82765
0.15345,-0.098259,0.52837,0.82923
0.15001,-0.10049,0.52656,0.83074
0.14666,-0.10254,0.52473,0.83224
0.14321,-0.10465,0.52286,0.83376
0.13946,-0.10727,0.52088,0.8353
0.13505,-0.11079,0.51873,0.83691
0.12977,-0.11539,0.51642,0.83854
0.12381,-0.12091,0.51402,0.84014
0.11779,-0.12661,0.51144,0.84174
0.11257,-0.13093,0.50851,0.84357
0.10859,-0.13274,0.5051,0.84585
0.10568,-0.13192,0.50121,0.84866
0.10306,-0.12987,0.49705,0.85174
0.099276,-0.12885,0.49257,0.85493
0.09391,-0.13083,0.48786,0.85794
0.08742,-0.13576,0.48291,0.86065
0.081348,-0.1418,0.47806,0.86298
0.077212,-0.14567,0.47346,0.86525
0.076651,-0.14202,0.46951,0.86805
0.079416,-0.13076,0.46577,0.87158
0.085025,-0.11426,0.4615,0.87563
0.093528,-0.094628,0.45599,0.87998
0.10578,-0.074862,0.44793,0.88463
0.12162,-0.054536,0.43763,0.88922
0.14155,-0.033296,0.42716,0.89241
0.16479,-0.014304,0.41921,0.89269
0.19178,0.0010712,0.4124,0.89059
0.22288,0.014208,0.40511,0.88657
0.2579,0.026429,0.397,0.88044
0.29801,0.038809,0.38784,0.87135
0.34365,0.052606,0.37554,0.85913
0.39255,0.064297,0.35734,0.84503
0.44371,0.064893,0.33351,0.82926
0.4981,0.047951,0.3052,0.81021
0.5634,0.0054912,0.2702,0.78073
0.64722,-0.049674,0.20143,0.73353
0.71094,-0.094634,0.11169,0.68784
0.74349,-0.099797,0.11532,0.65112
0.74903,-0.1045,0.15736,0.63504
0.72017,-0.11623,0.19582,0.65536
0.66303,-0.14549,0.22967,0.69748
0.6056,-0.17926,0.26017,0.73036
0.56219,-0.17391,0.25481,0.76732
0.52386,-0.12386,0.23012,0.81073
0.48107,-0.076409,0.22468,0.84395
0.43249,-0.068715,0.24847,0.864
0.38287,-0.084214,0.27976,0.87639
0.33969,-0.095567,0.30476,0.88465
0.30096,-0.096033,0.32534,0.89127
0.26373,-0.091591,0.34487,0.89617
0.22856,-0.089457,0.36419,0.8984
0.19644,-0.093408,0.38386,0.89741
0.1694,-0.097417,0.40225,0.89443
0.1485,-0.096226,0.41807,0.89101
0.13182,-0.093173,0.43282,0.88691
0.11669,-0.091183,0.44718,0.8821
0.10238,-0.091054,0.46074,0.87689
0.089674,-0.092978,0.47338,0.87134
0.079655,-0.095104,0.48531,0.86549
0.073047,-0.093689,0.49604,0.86013
0.068793,-0.089344,0.50534,0.85552
0.06658,-0.083425,0.51284,0.85182
0.065624,-0.078519,0.51834,0.84903
0.065837,-0.075089,0.52179,0.84721
0.067249,-0.073209,0.5237,0.84608
0.069274,-0.072418,0.52497,0.8452
0.071938,-0.073335,0.52561,0.8445
0.074854,-0.075048,0.52586,0.84394
0.077895,-0.077219,0.52578,0.84352
0.080958,-0.079777,0.52553,0.84315
0.083838,-0.082087,0.52535,0.84276
0.086512,-0.084059,0.52525,0.84236
0.088726,-0.085707,0.52532,0.84191
0.090453,-0.087155,0.52569,0.84135
0.091774,-0.088405,0.52622,0.84075
0.092684,-0.089575,0.52691,0.84009
0.093297,-0.090923,0.52782,0.83931
0.09361,-0.092511,0.52885,0.83845
0.093742,-0.094317,0.52995,0.83754
0.093947,-0.096121,0.53123,0.8365
0.094479,-0.097394,0.53266,0.83538
0.095279,-0.097986,0.53397,0.83438
0.096148,-0.098242,0.53503,0.83357
0.096948,-0.098637,0.53583,0.83292
0.097687,-0.099421,0.5363,0.83244
0.098375,-0.10029,0.53649,0.83213
0.098972,-0.1011,0.53642,0.83201
0.099406,-0.10204,0.53604,0.83209
0.099653,-0.10326,0.5355,0.83225
0.099831,-0.10472,0.53493,0.83241
0.1001,-0.10613,0.53435,0.83258
0.10061,-0.10704,0.5337,0.83282
0.10127,-0.10738,0.53309,0.83308
0.10193,-0.1073,0.53263,0.83331
0.10233,-0.10721,0.53236,0.83344
0.10241,-0.10747,0.53223,0.83348
0.10233,-0.10793,0.53221,0.83344
0.10221,-0.10843,0.53229,0.83335
0.10208,-0.10895,0.53247,0.83318
0.10196,-0.10947,0.53276,0.83294
0.10189,-0.10995,0.53306,0.83269
0.10184,-0.11027,0.53329,0.83251
0.10181,-0.11037,0.53341,0.83243
0.10179,-0.11029,0.53338,0.83245
0.10172,-0.11004,0.53319,0.83262
0.10151,-0.10991,0.53287,0.83286
0.10112,-0.11015,0.53243,0.83316
0.10064,-0.11067,0.53189,0.83349
0.10019,-0.1113,0.53135,0.83381
0.099861,-0.1119,0.53087,0.83408
0.099735,-0.11225,0.53041,0.83433
0.099866,-0.11212,0.52998,0.83461
0.10019,-0.11146,0.52959,0.83491
0.10054,-0.11064,0.52922,0.83521
0.10078,-0.1099,0.52887,0.8355
0.10081,-0.10944,0.52863,0.83571
0.10063,-0.10949,0.52851,0.8358
0.10028,-0.11004,0.52851,0.83577
0.099935,-0.11083,0.52863,0.83563
0.099696,-0.11155,0.52884,0.83543
0.099718,-0.11188,0.52906,0.83524
0.099912,-0.11174,0.52925,0.83512
0.1002,-0.11131,0.52936,0.83507
0.10051,-0.11076,0.5294,0.83508
0.1008,-0.11022,0.52942,0.83511
0.10101,-0.10972,0.5294,0.83516
0.10106,-0.10941,0.52934,0.83523
0.10097,-0.10935,0.52924,0.83532
0.10078,-0.10944,0.52908,0.83543
0.10059,-0.10953,0.52887,0.83557
0.10049,-0.10945,0.52862,0.83575
0.10054,-0.10918,0.52832,0.83597
0.10076,-0.10872,0.52799,0.83622
0.10115,-0.10813,0.52765,0.83646
0.10156,-0.1075,0.52734,0.83669
0.10192,-0.107,0.52705,0.83689
0.10213,-0.10669,0.52678,0.83707
0.10218,-0.10658,0.52659,0.8372
0.10209,-0.10658,0.52654,0.83724
0.10195,-0.10649,0.52662,0.83722
0.10177,-0.10623,0.5268,0.83716
0.10155,-0.1059,0.52705,0.83707
0.10131,-0.10564,0.52732,0.83696
0.10108,-0.10548,0.52762,0.83682
0.10088,-0.1054,0.52793,0.83666
0.10076,-0.10545,0.52824,0.83648
0.10077,-0.10555,0.52857,0.83625
0.10091,-0.10562,0.52892,0.836
0.10114,-0.10557,0.5293,0.83574
0.10139,-0.10554,0.5297,0.83546
0.10159,-0.10565,0.5301,0.83517
0.10176,-0.10593,0.53046,0.83489
0.10189,-0.10634,0.53076,0.83463
0.10199,-0.10682,0.53102,0.83439
0.10209,-0.10738,0.53125,0.83416
0.1023,-0.10799,0.53143,0.83394
0.10265,-0.10849,0.53154,0.83376
0.10317,-0.10877,0.53156,0.83365
0.10381,-0.10896,0.5315,0.83358
0.10445,-0.10936,0.53138,0.83353
0.10501,-0.11026,0.53116,0.83348
0.10549,-0.11166,0.53087,0.83342
0.10591,-0.11332,0.53051,0.83336
0.10627,-0.1151,0.5301,0.83334
0.10655,-0.11694,0.52966,0.83333
0.10675,-0.11885,0.5292,0.83332
0.10686,-0.12074,0.52875,0.83332
0.10695,-0.12259,0.52831,0.83332
0.10709,-0.12442,0.5279,0.83329
0.10731,-0.12612,0.5275,0.83326
0.1076,-0.12759,0.5271,0.83325
0.10791,-0.12884,0.52672,0.83326
0.10818,-0.12999,0.52632,0.8333
0.10831,-0.1311,0.52597,0.83333
0.10837,-0.13213,0.52569,0.83334
0.10845,-0.13294,0.52545,0.83335
0.10862,-0.13346,0.52519,0.83341
0.10893,-0.13381,0.52486,0.83352
0.10937,-0.13409,0.52445,0.83367
0.10992,-0.13433,0.52403,0.83383
0.11058,-0.13461,0.52359,0.83397
0.11126,-0.13489,0.52309,0.83415
0.11195,-0.1351,0.52256,0.83436
0.11257,-0.13527,0.522,0.83459
0.11307,-0.13545,0.52135,0.8349
0.11345,-0.1356,0.52058,0.83531
0.11374,-0.13576,0.51968,0.8358
0.1139,-0.13608,0.51869,0.83634
0.11394,-0.13652,0.51764,0.83692
0.11383,-0.1371,0.51655,0.83751
0.11352,-0.1379,0.51547,0.83809
0.11301,-0.13899,0.51445,0.8386
0.11243,-0.14018,0.51346,0.83909
0.11184,-0.14121,0.51242,0.83963
0.11123,-0.1421,0.51129,0.84025
0.11063,-0.14294,0.5101,0.84091
0.11019,-0.14356,0.50879,0.84165
0.10994,-0.14383,0.50732,0.84253
0.10981,-0.14414,0.50573,0.84345
0.10973,-0.14469,0.50408,0.84435
0.10971,-0.14551,0.50232,0.84526
0.10974,-0.14663,0.50048,0.84615
0.10981,-0.14805,0.49862,0.84699
0.10987,-0.14983,0.49676,0.84777
0.10992,-0.15187,0.49487,0.8485
0.11007,-0.154,0.49289,0.84925
0.11041,-0.156,0.49086,0.85002
0.11084,-0.1579,0.4889,0.85074
0.11129,-0.15981,0.4871,0.85136
0.11166,-0.16186,0.48548,0.85185
0.1119,-0.16413,0.48399,0.85223
0.11195,-0.16673,0.48257,0.85252
0.11184,-0.16946,0.48112,0.85282
0.11172,-0.17198,0.4796,0.85318
0.11165,-0.17404,0.47812,0.85361
0.11164,-0.17578,0.47677,0.85401
0.11164,-0.17713,0.47574,0.8543
0.11162,-0.17827,0.47507,0.85444
0.11155,-0.17937,0.47473,0.85441
0.11141,-0.18053,0.47471,0.8542
0.11123,-0.18174,0.47489,0.85386
0.11099,-0.18296,0.47526,0.85343
0.11064,-0.18422,0.4758,0.8529
0.1101,-0.18549,0.47651,0.85229
0.10935,-0.18669,0.47738,0.85164
0.10841,-0.18782,0.47839,0.85095
0.10723,-0.18886,0.47951,0.85023
0.10575,-0.19001,0.48076,0.84946
0.10397,-0.19157,0.48201,0.84862
0.10208,-0.19355,0.4832,0.84772
0.10035,-0.1958,0.4843,0.84679
0.098815,-0.19818,0.48528,0.84585
0.097553,-0.20071,0.48617,0.84489
0.09677,-0.20349,0.48698,0.84385
0.096441,-0.20642,0.48769,0.84276
0.096585,-0.20958,0.48826,0.84164
0.097058,-0.21297,0.48871,0.84047
0.097926,-0.21658,0.48896,0.8393
0.099266,-0.22028,0.48897,0.83817
0.10105,-0.22381,0.48875,0.83715
0.10315,-0.22699,0.48842,0.83623
0.10539,-0.22986,0.48799,0.83542
0.10761,-0.23269,0.48752,0.83463
0.10963,-0.23566,0.48706,0.8338
0.11136,-0.2389,0.48662,0.83291
0.11281,-0.24252,0.48615,0.83193
0.11412,-0.24643,0.48565,0.8309
0.11533,-0.25037,0.48512,0.82986
0.11653,-0.25415,0.48457,0.82886
0.11778,-0.25768,0.48403,0.82792
0.11915,-0.26085,0.48348,0.82705
0.12065,-0.26351,0.48298,0.82628
0.12222,-0.26571,0.48253,0.82561
0.12374,-0.26753,0.48216,0.825
0.12513,-0.26919,0.4819,0.82441
0.12634,-0.27087,0.48178,0.82374
0.12739,-0.27258,0.48182,0.823
0.12837,-0.27422,0.48199,0.8222
0.12932,-0.2757,0.4823,0.82137
0.13021,-0.27696,0.48284,0.82049
0.13106,-0.27797,0.48363,0.81955
0.13188,-0.27865,0.48465,0.81858
0.13265,-0.2789,0.48589,0.81764
0.1334,-0.27882,0.48726,0.81673
0.13409,-0.27835,0.48876,0.81588
0.1347,-0.27754,0.49032,0.81511
0.13526,-0.2765,0.49192,0.81442
0.13576,-0.2753,0.49352,0.81377
0.13622,-0.27399,0.49515,0.81314
0.13664,-0.27257,0.49679,0.81255
0.13699,-0.27105,0.49838,0.81202
0.13725,-0.26945,0.49995,0.81155
0.13742,-0.2678,0.50149,0.81111
0.13746,-0.26616,0.50297,0.81073
0.13737,-0.26453,0.50441,0.81039
0.13717,-0.26291,0.50578,0.8101
0.13695,-0.26126,0.50704,0.80987
0.13676,-0.25959,0.50817,0.80973
0.13667,-0.25795,0.50919,0.80964
0.13672,-0.2564,0.51009,0.80955
0.13695,-0.25498,0.51083,0.8095
0.1373,-0.25369,0.51136,0.8095
0.13778,-0.25251,0.51171,0.80958
0.1384,-0.25136,0.51187,0.80973
0.13907,-0.25027,0.51188,0.80994
0.1397,-0.24927,0.51179,0.8102
0.14024,-0.24844,0.51157,0.8105
0.14066,-0.24782,0.51124,0.81082
0.14117,-0.24736,0.51083,0.81114
0.142,-0.24676,0.51038,0.81146
0.14318,-0.24571,0.5099,0.81187
0.14462,-0.24419,0.50946,0.81235
0.14626,-0.24247,0.50915,0.81276
0.14791,-0.24076,0.50897,0.81308
0.14943,-0.2392,0.5089,0.81331
0.15085,-0.23777,0.50885,0.8135
0.15221,-0.23636,0.50878,0.8137
0.15356,-0.23486,0.50871,0.81393
0.15487,-0.23326,0.50866,0.81417
0.15611,-0.23154,0.50858,0.81447
0.15724,-0.22969,0.50847,0.81485
0.1582,-0.22768,0.50832,0.81532
0.15887,-0.22573,0.50817,0.81582
0.15923,-0.22405,0.50801,0.81632
0.15917,-0.22264,0.5078,0.81685
0.15883,-0.22135,0.50742,0.81749
0.15833,-0.22005,0.50683,0.81831
0.15767,-0.21865,0.50597,0.81935
0.15681,-0.21714,0.50481,0.82063
0.1557,-0.21549,0.50343,0.82212
0.15434,-0.2136,0.50187,0.82382
0.15282,-0.21151,0.50027,0.82562
0.15109,-0.20923,0.49871,0.82745
0.14926,-0.20696,0.49732,0.82919
0.14742,-0.20473,0.49615,0.83078
0.14573,-0.20252,0.49518,0.8322
0.14427,-0.20033,0.4944,0.83344
0.143,-0.19819,0.49371,0.83458
0.142,-0.19614,0.49307,0.83561
0.14123,-0.19413,0.49244,0.83658
0.14058,-0.19218,0.49185,0.83749
0.14,-0.19036,0.49129,0.83833
0.13945,-0.18869,0.49074,0.83912
0.13891,-0.1872,0.49017,0.83988
0.1384,-0.18596,0.4896,0.84057
0.13796,-0.18489,0.48903,0.84121
0.13759,-0.18379,0.48852,0.84181
0.13724,-0.18257,0.4881,0.84237
0.13685,-0.18126,0.48785,0.84286
0.13634,-0.17995,0.4878,0.84325
0.13562,-0.17867,0.48791,0.84358
0.13469,-0.17742,0.48814,0.84386
0.13367,-0.17618,0.4885,0.84407
0.13261,-0.17489,0.48893,0.84426
0.13153,-0.17343,0.48948,0.84441
0.13059,-0.17197,0.49024,0.84442
0.12971,-0.17064,0.49126,0.84423
0.12885,-0.16931,0.49255,0.84388
0.1281,-0.16773,0.49405,0.84343
0.12755,-0.16571,0.49574,0.84292
0.12723,-0.1632,0.49764,0.84234
0.12698,-0.16039,0.4997,0.8417
0.12661,-0.15764,0.50191,0.84095
0.12607,-0.15521,0.50426,0.84008
0.12531,-0.15325,0.50679,0.83903
0.12441,-0.15165,0.50948,0.83783
0.12338,-0.15017,0.51222,0.83657
0.12227,-0.14873,0.51501,0.83528
0.12117,-0.14724,0.51785,0.83395
0.12004,-0.14569,0.52075,0.83257
0.11885,-0.1442,0.52375,0.83112
0.11763,-0.14284,0.52688,0.82955
0.11645,-0.14152,0.53018,0.82784
0.11531,-0.13998,0.53343,0.82617
0.11421,-0.13838,0.5366,0.82454
0.11308,-0.1369,0.53961,0.82298
0.11189,-0.13555,0.54233,0.82158
0.11067,-0.13431,0.54473,0.82035
0.10943,-0.13326,0.54681,0.81931
0.10813,-0.13246,0.5487,0.81835
0.10674,-0.13224,0.55038,0.81744
0.10542,-0.13276,0.55189,0.8165
0.10437,-0.13396,0.55315,0.81559
0.10379,-0.13552,0.55407,0.81478
0.10396,-0.13687,0.55456,0.8142
0.10454,-0.13777,0.55483,0.81379
0.10547,-0.13801,0.55479,0.81366
0.10653,-0.13785,0.55453,0.81372
0.10768,-0.13748,0.55408,0.81394
0.10888,-0.13688,0.55344,0.81432
0.11008,-0.13609,0.55259,0.81486
0.11115,-0.1353,0.55151,0.81558
0.11191,-0.13478,0.55023,0.81643
0.11226,-0.13473,0.54887,0.8173
0.11224,-0.1353,0.54755,0.8181
0.11201,-0.13639,0.54635,0.81875
0.11175,-0.13782,0.54536,0.8192
0.1116,-0.13912,0.54461,0.81951
0.11149,-0.14004,0.54407,0.81973
0.11143,-0.14059,0.54371,0.81988
0.1114,-0.14083,0.54347,0.82
0.11134,-0.14076,0.54331,0.82012
0.11117,-0.14047,0.54321,0.82026
0.1108,-0.14016,0.54315,0.82041
0.11013,-0.14002,0.54317,0.82051
0.10914,-0.14014,0.54326,0.82056
0.10792,-0.1405,0.54342,0.82055
0.10651,-0.14108,0.54362,0.82051
0.10492,-0.14187,0.54381,0.82045
0.10334,-0.14259,0.54394,0.82044
0.10185,-0.14312,0.54394,0.82053
0.10042,-0.14357,0.54382,0.82071
0.099179,-0.14395,0.54355,0.82097
0.098228,-0.14417,0.5431,0.82134
0.09752,-0.14403,0.54244,0.82189
0.096921,-0.14369,0.54161,0.82256
0.096365,-0.14345,0.54067,0.82329
0.095879,-0.14321,0.53956,0.82412
0.095369,-0.14301,0.53831,0.82503
0.094792,-0.14294,0.53695,0.82599
0.09423,-0.14304,0.53552,0.82697
0.093688,-0.14314,0.53403,0.82798
0.093179,-0.14322,0.53252,0.82899
0.092737,-0.14333,0.53097,0.83002
0.092322,-0.14358,0.52935,0.83106
0.091903,-0.14403,0.52765,0.8321
0.091627,-0.14447,0.52587,0.83318
0.091562,-0.14468,0.524,0.83433
0.091617,-0.14454,0.52205,0.83557
0.091563,-0.14438,0.52021,0.83675
0.091359,-0.14426,0.51855,0.83782
0.090988,-0.14418,0.51712,0.83876
0.090429,-0.14414,0.51588,0.83959
0.08962,-0.14425,0.51479,0.84033
0.088606,-0.14463,0.51376,0.841
0.087404,-0.14521,0.5127,0.84167
0.086016,-0.14593,0.51162,0.84235
0.08446,-0.14674,0.51047,0.84306
0.08277,-0.1475,0.5093,0.84381
0.08095,-0.14815,0.50813,0.84457
0.078908,-0.1489,0.50703,0.84529
0.076351,-0.1501,0.50598,0.84594
0.073028,-0.1522,0.50491,0.8465
0.068894,-0.15543,0.50367,0.847
0.063968,-0.15982,0.50219,0.84745
0.058692,-0.16478,0.50034,0.84798
0.053806,-0.16929,0.4981,0.84873
0.050019,-0.17216,0.49548,0.84992
0.047315,-0.17278,0.49258,0.85163
0.04546,-0.17063,0.48936,0.85402
0.043763,-0.16608,0.48564,0.85712
0.041365,-0.16046,0.48118,0.86082
0.038107,-0.15477,0.47596,0.8649
0.034208,-0.14873,0.47009,0.86932
0.030265,-0.14163,0.46399,0.87392
0.02737,-0.132,0.45848,0.87842
0.027003,-0.11892,0.45407,0.88258
0.031041,-0.10148,0.45078,0.8863
0.041417,-0.079263,0.44785,0.88963
0.05873,-0.05232,0.44392,0.89261
0.08364,-0.020745,0.43798,0.89485
0.11575,0.012004,0.42889,0.89583
0.15289,0.042546,0.41712,0.89489
0.19265,0.067575,0.40327,0.89202
0.23325,0.084029,0.38844,0.88749
0.27553,0.089306,0.37397,0.88105
0.32276,0.085206,0.36012,0.87114
0.37611,0.07724,0.34513,0.85642
0.43806,0.070775,0.32109,0.83665
0.50701,0.060906,0.28468,0.81129
0.59829,0.038061,0.22196,0.76899
0.6955,-0.0010111,0.097282,0.71191
0.74736,-0.049306,0.070775,0.6588
0.78107,-0.080843,0.14024,0.6031
0.76689,-0.10545,0.20974,0.5973
0.70926,-0.14041,0.25333,0.6427
0.64003,-0.19183,0.27562,0.69109
0.58791,-0.23378,0.29321,0.71675
0.55078,-0.22661,0.27677,0.75411
0.52073,-0.15553,0.24466,0.80299
0.48325,-0.10507,0.23143,0.83778
0.43684,-0.099107,0.24747,0.85913
0.39004,-0.12467,0.27776,0.86901
0.34547,-0.15028,0.30697,0.87397
0.30305,-0.16152,0.33164,0.87868
0.26426,-0.1556,0.35093,0.88476
0.22919,-0.14145,0.36787,0.89002
0.19714,-0.13485,0.3847,0.8916
0.17058,-0.13309,0.39958,0.8908
0.15099,-0.13083,0.41255,0.88876
0.13674,-0.12831,0.42534,0.8854
0.12585,-0.12746,0.43802,0.88094
0.11842,-0.12821,0.44949,0.87607
0.11351,-0.1288,0.45959,0.87138
0.10977,-0.12826,0.46848,0.8672
0.10706,-0.12653,0.4758,0.8638
0.1045,-0.12395,0.48185,0.86112
0.10183,-0.12142,0.48655,0.85916
0.099148,-0.11963,0.49018,0.85766
0.09653,-0.11899,0.4931,0.85637
0.094334,-0.11911,0.49557,0.85517
0.092992,-0.11911,0.49754,0.85418
0.092486,-0.11834,0.49899,0.85349
0.092305,-0.11687,0.50005,0.85309
0.092331,-0.11517,0.50069,0.85295
0.092173,-0.11379,0.50132,0.85278
0.091913,-0.11254,0.50204,0.85255
0.091681,-0.11127,0.50282,0.85228
0.091535,-0.11034,0.50387,0.8518
0.091471,-0.11008,0.50546,0.8509
0.09172,-0.11013,0.50749,0.84966
0.092459,-0.10996,0.50982,0.8482
0.093611,-0.10933,0.51238,0.84661
0.095045,-0.10823,0.51505,0.84497
0.096444,-0.10684,0.51758,0.84344
0.097539,-0.10557,0.51973,0.84216
0.097664,-0.10532,0.52131,0.84119
0.097066,-0.10608,0.5225,0.84043
0.095978,-0.10763,0.5232,0.83992
0.094946,-0.10885,0.52357,0.83965
0.094119,-0.1091,0.52379,0.83957
0.093541,-0.10854,0.52374,0.83974
0.093131,-0.10782,0.52364,0.83994
0.092901,-0.10723,0.52362,0.84006
0.093026,-0.10669,0.52364,0.8401
0.093528,-0.10605,0.52367,0.8401
0.094315,-0.10542,0.52368,0.84009
0.095237,-0.10498,0.52361,0.84009
0.096232,-0.10468,0.52343,0.84012
0.097226,-0.10454,0.52321,0.84016
0.098164,-0.10465,0.52297,0.84019
0.099047,-0.10496,0.5228,0.84015
0.099938,-0.10536,0.5228,0.83999
0.10086,-0.10576,0.52298,0.83972
0.10184,-0.10609,0.52328,0.83938
0.10299,-0.10619,0.52369,0.83897
0.10435,-0.1059,0.52412,0.83857
0.10587,-0.10527,0.52452,0.83821
0.10742,-0.10451,0.52488,0.83788
0.10888,-0.10385,0.52518,0.83758
0.11019,-0.10347,0.52539,0.83733
0.11109,-0.10353,0.52551,0.83713
0.11152,-0.10424,0.52556,0.83695
0.11146,-0.10564,0.52551,0.83681
0.11111,-0.10748,0.52538,0.83671
0.11075,-0.10944,0.52518,0.83662
0.11065,-0.11105,0.52494,0.83658
0.111,-0.11196,0.52457,0.83664
0.11168,-0.11235,0.52408,0.83681
0.11253,-0.11253,0.52354,0.83701
0.11342,-0.11274,0.523,0.8372
0.11426,-0.11317,0.52243,0.83738
0.11501,-0.11389,0.52184,0.83755
0.1156,-0.11496,0.52124,0.83769
0.11602,-0.11628,0.52068,0.8378
0.11632,-0.11782,0.52018,0.83786
0.11661,-0.11925,0.51976,0.83787
0.11692,-0.12034,0.51943,0.83788
0.1173,-0.12102,0.51919,0.83788
0.11772,-0.12135,0.51908,0.83784
0.11815,-0.12145,0.51907,0.83777
0.11846,-0.12137,0.51913,0.8377
0.11846,-0.12144,0.51922,0.83763
0.11804,-0.12197,0.51933,0.83755
0.11717,-0.123,0.51946,0.83744
0.11604,-0.12431,0.51957,0.83733
0.11473,-0.12548,0.51967,0.83728
0.11344,-0.12624,0.51977,0.83728
0.11229,-0.12658,0.51985,0.83733
0.11129,-0.12652,0.51991,0.83744
0.11035,-0.12623,0.51997,0.83756
0.10942,-0.12595,0.52007,0.83767
0.10842,-0.12578,0.52022,0.83773
0.10737,-0.12581,0.52038,0.83777
0.10624,-0.126,0.52058,0.83776
0.10504,-0.12632,0.52085,0.83769
0.10384,-0.12666,0.5212,0.83757
0.10277,-0.1268,0.52159,0.83744
0.10189,-0.12661,0.52203,0.8373
0.10122,-0.12618,0.52249,0.83716
0.10069,-0.12563,0.52294,0.83702
0.10021,-0.12508,0.52337,0.8369
0.099733,-0.12463,0.5238,0.83675
0.099204,-0.1243,0.52423,0.83659
0.098642,-0.12399,0.52466,0.83644
0.098124,-0.12374,0.52505,0.83629
0.097667,-0.12346,0.52538,0.83618
0.097326,-0.12311,0.52562,0.83612
0.097066,-0.1227,0.52578,0.83611
0.096899,-0.12235,0.52588,0.83612
0.096852,-0.12207,0.52588,0.83616
0.09691,-0.12183,0.52584,0.83622
0.09703,-0.12171,0.52578,0.83626
0.097206,-0.1219,0.52571,0.83625
0.097498,-0.12234,0.52561,0.83622
0.098134,-0.12273,0.5254,0.83622
0.099129,-0.12294,0.52507,0.83628
0.10041,-0.12307,0.52469,0.83634
0.10194,-0.12319,0.52431,0.83638
0.10359,-0.12331,0.52393,0.8364
0.10527,-0.12345,0.52355,0.8364
0.10692,-0.12367,0.52317,0.8364
0.1085,-0.12405,0.5228,0.83638
0.10983,-0.12485,0.52244,0.83631
0.11093,-0.12604,0.52197,0.83628
0.11201,-0.12711,0.5214,0.83633
0.11322,-0.12769,0.52079,0.83646
0.1144,-0.12792,0.52021,0.83662
0.11546,-0.1282,0.51977,0.8367
0.11635,-0.12853,0.51947,0.83672
0.11703,-0.12875,0.51928,0.83671
0.11749,-0.12884,0.51916,0.8367
0.11765,-0.12901,0.51911,0.83668
0.11755,-0.12936,0.51907,0.83667
0.11709,-0.1301,0.519,0.83666
0.11647,-0.13089,0.51889,0.83669
0.11596,-0.13124,0.51869,0.83683
0.11554,-0.1312,0.51839,0.83708
0.11513,-0.13115,0.51802,0.83738
0.11478,-0.13127,0.51762,0.83765
0.11456,-0.13133,0.51712,0.83798
0.11453,-0.13137,0.51649,0.83837
0.11462,-0.13146,0.51572,0.83881
0.1148,-0.13164,0.51487,0.83928
0.11498,-0.13198,0.51393,0.83978
0.11511,-0.13268,0.51283,0.84033
0.11529,-0.13364,0.51163,0.84089
0.11561,-0.13465,0.51029,0.84149
0.11605,-0.13576,0.50882,0.84214
0.1166,-0.13688,0.50725,0.84283
0.11732,-0.13786,0.50561,0.84356
0.11807,-0.1387,0.504,0.84428
0.1188,-0.13967,0.50247,0.84493
0.11952,-0.14081,0.50106,0.84548
0.12018,-0.14193,0.49974,0.84597
0.12073,-0.14307,0.49855,0.84641
0.12111,-0.1444,0.49745,0.84677
0.12131,-0.14598,0.49642,0.84708
0.1215,-0.14761,0.49538,0.84738
0.12172,-0.14915,0.49439,0.84766
0.12195,-0.15059,0.49349,0.84789
0.12217,-0.15199,0.49269,0.84807
0.12238,-0.15334,0.492,0.8482
0.12251,-0.15468,0.4914,0.84829
0.12251,-0.1562,0.49082,0.84834
0.12239,-0.15797,0.4902,0.84839
0.12217,-0.16,0.48952,0.84844
0.12201,-0.16207,0.48881,0.84848
0.12193,-0.16398,0.4881,0.84853
0.12192,-0.16572,0.48744,0.84857
0.12189,-0.16742,0.48687,0.84857
0.12177,-0.16921,0.48644,0.84848
0.12152,-0.17114,0.48612,0.84831
0.1211,-0.17321,0.4859,0.84808
0.12051,-0.17543,0.48574,0.8478
0.11976,-0.17777,0.48562,0.84748
0.11887,-0.18013,0.48552,0.84717
0.11786,-0.18245,0.48541,0.84687
0.11678,-0.18478,0.48532,0.84657
0.11567,-0.18717,0.4853,0.84621
0.11454,-0.18969,0.48541,0.84574
0.11343,-0.19238,0.48561,0.84517
0.11242,-0.19537,0.48588,0.84446
0.11157,-0.1985,0.4862,0.84366
0.11091,-0.20159,0.48654,0.84282
0.11051,-0.20453,0.48685,0.84198
0.1103,-0.20735,0.48713,0.84116
0.11028,-0.21005,0.48735,0.84036
0.11046,-0.21259,0.48749,0.83962
0.11085,-0.21498,0.48756,0.83892
0.11138,-0.21725,0.48762,0.83823
0.11202,-0.2195,0.48771,0.8375
0.11271,-0.2217,0.48784,0.83675
0.11342,-0.22393,0.48798,0.83598
0.11413,-0.22615,0.48813,0.8352
0.11485,-0.22829,0.4883,0.83442
0.11554,-0.23035,0.48843,0.83368
0.11619,-0.23232,0.4885,0.833
0.11677,-0.23417,0.48854,0.83238
0.11715,-0.23592,0.48854,0.83183
0.1173,-0.2377,0.48854,0.8313
0.11723,-0.23961,0.48853,0.83077
0.117,-0.24159,0.48855,0.83022
0.11674,-0.24355,0.48859,0.82966
0.11654,-0.24537,0.48863,0.82913
0.11646,-0.24696,0.48872,0.82861
0.11662,-0.24833,0.48885,0.8281
0.117,-0.24944,0.48904,0.82761
0.11761,-0.25028,0.48936,0.82708
0.11841,-0.25091,0.48981,0.8265
0.11937,-0.25132,0.4904,0.82589
0.12038,-0.2515,0.49117,0.82523
0.12132,-0.25155,0.49209,0.82453
0.1221,-0.25158,0.49311,0.8238
0.12269,-0.25167,0.49427,0.82299
0.12309,-0.25177,0.49556,0.82212
0.12338,-0.25183,0.49697,0.82121
0.12367,-0.25166,0.49847,0.82031
0.12398,-0.25123,0.49999,0.81946
0.12431,-0.25042,0.50153,0.81872
0.12467,-0.24927,0.50307,0.81807
0.12499,-0.24781,0.5046,0.81752
0.12519,-0.24615,0.50611,0.81706
0.12527,-0.24443,0.50762,0.81663
0.12516,-0.24277,0.50911,0.81622
0.12492,-0.24124,0.51056,0.8158
0.12466,-0.23977,0.51194,0.8154
0.12445,-0.23816,0.51329,0.81506
0.12433,-0.23623,0.51461,0.81481
0.12431,-0.23408,0.51589,0.81462
0.1244,-0.23171,0.51711,0.81451
0.12454,-0.22925,0.51828,0.81445
0.1247,-0.22683,0.5194,0.81439
0.12486,-0.22458,0.52045,0.81432
0.12507,-0.22253,0.52142,0.81422
0.12537,-0.22064,0.5223,0.81413
0.12577,-0.21883,0.52304,0.81408
0.12628,-0.21709,0.52365,0.81407
0.12691,-0.21541,0.52413,0.81411
0.12772,-0.21377,0.52449,0.81419
0.1288,-0.21207,0.52474,0.8143
0.13016,-0.21022,0.52492,0.81445
0.13182,-0.20819,0.525,0.81465
0.13372,-0.20608,0.52502,0.81486
0.13575,-0.20407,0.52498,0.81506
0.13786,-0.20225,0.52489,0.81522
0.14003,-0.20062,0.52478,0.81532
0.14222,-0.19926,0.52467,0.81535
0.14439,-0.1981,0.52457,0.81531
0.14656,-0.19704,0.5245,0.81523
0.14869,-0.19592,0.52444,0.81515
0.15075,-0.19458,0.52436,0.81514
0.15257,-0.19307,0.52424,0.81524
0.15398,-0.19162,0.5241,0.81541
0.155,-0.1903,0.52394,0.81563
0.15567,-0.18913,0.52378,0.81588
0.15596,-0.18821,0.52362,0.81613
0.15596,-0.18754,0.52346,0.81639
0.15582,-0.18694,0.52324,0.8167
0.15562,-0.18625,0.52288,0.81712
0.15537,-0.18546,0.52235,0.81769
0.15506,-0.18449,0.52153,0.81849
0.15468,-0.18343,0.52048,0.81947
0.15422,-0.18229,0.51928,0.82057
0.15363,-0.18098,0.51803,0.82176
0.15297,-0.17947,0.51685,0.82296
0.15222,-0.17788,0.51576,0.82412
0.15138,-0.17621,0.51487,0.82519
0.1505,-0.17453,0.51418,0.82614
0.14963,-0.17272,0.51361,0.82703
0.14879,-0.17071,0.51319,0.82786
0.14795,-0.16862,0.51289,0.82863
0.14705,-0.16648,0.5127,0.82933
0.14609,-0.16441,0.51259,0.82998
0.14506,-0.16247,0.51256,0.83057
0.14396,-0.16066,0.51259,0.83109
0.14284,-0.15895,0.51268,0.83156
0.14173,-0.15735,0.51283,0.83196
0.14066,-0.15581,0.51303,0.83231
0.13969,-0.15424,0.51327,0.83262
0.13885,-0.15258,0.51351,0.83291
0.1382,-0.15082,0.51372,0.83321
0.13772,-0.14894,0.51389,0.83352
0.13736,-0.14698,0.51404,0.83384
0.13714,-0.14496,0.51418,0.83415
0.13704,-0.14288,0.51435,0.83442
0.13702,-0.14081,0.51457,0.83464
0.13703,-0.13882,0.51485,0.83479
0.13708,-0.13698,0.51522,0.83486
0.13717,-0.13534,0.51565,0.83485
0.13735,-0.13396,0.51613,0.83475
0.13762,-0.13277,0.51662,0.83459
0.138,-0.13171,0.51712,0.83438
0.13852,-0.13072,0.5176,0.83415
0.13916,-0.12969,0.51806,0.83392
0.13985,-0.1286,0.5185,0.83371
0.14046,-0.12751,0.51893,0.8335
0.1409,-0.12647,0.5194,0.83329
0.14114,-0.12554,0.51985,0.83311
0.14113,-0.12482,0.52029,0.83295
0.14094,-0.12436,0.52074,0.83277
0.14064,-0.12411,0.52119,0.83257
0.14031,-0.12404,0.52168,0.83233
0.14003,-0.12411,0.52222,0.83203
0.13991,-0.1243,0.52282,0.83164
0.13998,-0.12453,0.52346,0.8312
0.14027,-0.12478,0.52409,0.83071
0.14077,-0.12511,0.52466,0.83022
0.14141,-0.12566,0.52516,0.82971
0.14237,-0.12674,0.52547,0.82918
0.1439,-0.12819,0.52549,0.82868
0.14616,-0.12956,0.52518,0.82827
0.14903,-0.1304,0.52472,0.82792
0.15212,-0.13056,0.52415,0.82769
0.15516,-0.13011,0.52351,0.82761
0.15786,-0.1294,0.52287,0.82761
0.16011,-0.12871,0.52232,0.82764
0.1619,-0.1283,0.52188,0.82763
0.16318,-0.12838,0.52163,0.82753
0.16417,-0.12875,0.52149,0.82735
0.16488,-0.12931,0.52152,0.82711
0.16541,-0.12985,0.52166,0.82683
0.16588,-0.13046,0.52187,0.82651
0.1663,-0.13121,0.5221,0.82616
0.16676,-0.13203,0.52231,0.82581
0.16736,-0.13282,0.52244,0.82547
0.16819,-0.13344,0.52246,0.82519
0.16922,-0.1339,0.52237,0.82496
0.17044,-0.13423,0.52213,0.82481
0.17182,-0.13449,0.5217,0.82476
0.17334,-0.1348,0.52101,0.82482
0.17495,-0.13534,0.52009,0.82497
0.1766,-0.13634,0.51892,0.82519
0.17826,-0.1379,0.51751,0.82546
0.17994,-0.14015,0.51584,0.82577
0.18169,-0.14306,0.5139,0.8261
0.18363,-0.14655,0.51162,0.82646
0.18602,-0.15047,0.50896,0.82687
0.18926,-0.15469,0.5058,0.8273
0.19365,-0.1589,0.50218,0.82769
0.19922,-0.16282,0.4981,0.82807
0.2061,-0.16634,0.49349,0.82845
0.21431,-0.16954,0.48833,0.82877
0.22398,-0.1726,0.4826,0.82894
0.23482,-0.17561,0.47637,0.82891
0.24661,-0.17861,0.46971,0.82865
0.25953,-0.18166,0.46257,0.82805
0.27352,-0.18431,0.45488,0.82722
0.28832,-0.18623,0.44655,0.82631
0.30339,-0.18781,0.43776,0.82526
0.31817,-0.18989,0.42882,0.82391
0.33244,-0.19302,0.41999,0.82209
0.34611,-0.19759,0.41146,0.81968
0.3592,-0.2035,0.40322,0.81668
0.37185,-0.21013,0.39533,0.8132
0.38438,-0.21678,0.38773,0.80928
0.39688,-0.22319,0.38029,0.80502
0.40951,-0.22906,0.37293,0.80047
0.42225,-0.23436,0.36553,0.79572
0.43493,-0.23942,0.358,0.79079
0.4472,-0.245,0.35054,0.78556
0.45883,-0.25179,0.34341,0.77984
0.46967,-0.26025,0.33685,0.77345
0.47977,-0.27019,0.33074,0.76644
0.48935,-0.28094,0.32488,0.75899
0.49868,-0.29184,0.31914,0.75119
0.50807,-0.30224,0.31322,0.74324
0.51772,-0.31158,0.30668,0.73541
0.5279,-0.31921,0.29917,0.72796
0.53849,-0.32542,0.29065,0.72087
0.54906,-0.33119,0.28163,0.71382
0.55917,-0.33744,0.2727,0.70647
0.56861,-0.34474,0.26431,0.69855
0.57734,-0.3533,0.25659,0.68994
0.58535,-0.36317,0.24957,0.68058
