0.64724,-0.762,0.013604,0.01565
0.64729,-0.76197,0.013721,0.01548
0.6473,-0.76195,0.013775,0.015368
0.64731,-0.76195,0.01377,0.015311
0.64734,-0.76192,0.013735,0.015306
0.64741,-0.76187,0.013722,0.015342
0.64749,-0.7618,0.013731,0.0154
0.64754,-0.76175,0.01375,0.015483
0.64757,-0.76172,0.013759,0.01558
0.6476,-0.7617,0.013741,0.015671
0.64763,-0.76167,0.013714,0.015741
0.64769,-0.76162,0.013737,0.015803
0.64777,-0.76154,0.013812,0.01589
0.64789,-0.76144,0.013888,0.016016
0.648,-0.76134,0.013927,0.016164
0.64808,-0.76127,0.013881,0.016323
0.6481,-0.76125,0.013717,0.016499
0.64807,-0.76128,0.013474,0.016676
0.64804,-0.76131,0.013252,0.01682
0.64805,-0.7613,0.01313,0.016897
0.64813,-0.76123,0.013175,0.016881
0.64824,-0.76114,0.013343,0.016807
0.64831,-0.76108,0.013501,0.016736
0.64832,-0.76107,0.013546,0.016707
0.64829,-0.76109,0.013445,0.016729
0.64824,-0.76114,0.013233,0.016795
0.64819,-0.76118,0.013009,0.016864
0.64818,-0.76119,0.01285,0.016893
0.64822,-0.76116,0.012815,0.016854
0.64828,-0.76111,0.012914,0.016756
0.64836,-0.76104,0.013118,0.01665
0.64842,-0.76099,0.013348,0.0166
0.64845,-0.76096,0.013497,0.016634
0.64846,-0.76094,0.013531,0.016755
0.6485,-0.76091,0.013511,0.01691
0.64858,-0.76083,0.01355,0.017026
0.64874,-0.76069,0.013776,0.017029
0.6489,-0.76055,0.014155,0.016941
0.64902,-0.76045,0.014571,0.016834
0.64909,-0.76038,0.014884,0.016787
0.64911,-0.76036,0.015045,0.016829
0.6491,-0.76037,0.015038,0.016972
0.6491,-0.76037,0.01496,0.017154
0.64914,-0.76033,0.014918,0.0173
0.64922,-0.76026,0.014968,0.017346
0.64931,-0.76018,0.015075,0.01733
0.64938,-0.76011,0.015181,0.017318
0.6494,-0.7601,0.015229,0.017335
0.64937,-0.76012,0.015219,0.017357
0.64934,-0.76015,0.015178,0.017361
0.64933,-0.76016,0.015138,0.017335
0.64935,-0.76014,0.015141,0.01729
0.6494,-0.7601,0.015215,0.017215
0.64949,-0.76003,0.015357,0.017094
0.64957,-0.75996,0.015491,0.016962
0.64962,-0.75992,0.01555,0.016856
0.64965,-0.75989,0.015514,0.016789
0.64969,-0.75986,0.015382,0.016812
0.64971,-0.75984,0.015218,0.016887
0.64974,-0.75982,0.015112,0.016924
0.64979,-0.75978,0.015094,0.016914
0.64984,-0.75973,0.015143,0.016894
0.6499,-0.75968,0.015214,0.016893
0.64996,-0.75963,0.015276,0.016913
0.64999,-0.7596,0.015301,0.016911
0.65004,-0.75956,0.015304,0.01686
0.6501,-0.75951,0.015297,0.016779
0.65017,-0.75945,0.015312,0.016681
0.65027,-0.75937,0.015398,0.016574
0.65037,-0.75928,0.015541,0.016487
0.65045,-0.75921,0.015638,0.016476
0.65048,-0.75918,0.015576,0.016596
0.65046,-0.7592,0.015373,0.016806
0.65043,-0.75923,0.015091,0.01705
0.65041,-0.75924,0.014839,0.017238
0.65045,-0.75921,0.01472,0.017311
0.65053,-0.75914,0.014765,0.017278
0.65062,-0.75907,0.01491,0.017192
0.6507,-0.759,0.015076,0.017122
0.65077,-0.75893,0.015185,0.017112
0.65081,-0.7589,0.015185,0.017171
0.65082,-0.75889,0.015056,0.017274
0.65081,-0.7589,0.014804,0.017408
0.65081,-0.7589,0.014501,0.017578
0.65089,-0.75883,0.014274,0.017735
0.65103,-0.75871,0.014204,0.017783
0.65121,-0.75856,0.014247,0.017715
0.65134,-0.75845,0.014254,0.017644
0.65142,-0.75838,0.014174,0.017627
0.65144,-0.75836,0.013936,0.017743
0.65144,-0.75837,0.013607,0.017926
0.65143,-0.75838,0.013283,0.018096
0.65141,-0.75839,0.013039,0.018203
0.65143,-0.75838,0.012945,0.018209
0.65147,-0.75835,0.012973,0.018141
0.65154,-0.75829,0.013136,0.017965
0.65162,-0.75822,0.013313,0.017749
0.6517,-0.75816,0.013415,0.017579
0.65176,-0.7581,0.013453,0.017438
0.65181,-0.75806,0.013495,0.017294
0.65185,-0.75803,0.013567,0.017164
0.65191,-0.75798,0.013679,0.017068
0.65196,-0.75793,0.01377,0.017041
0.652,-0.7579,0.013758,0.017096
0.65201,-0.7579,0.013634,0.017216
0.65199,-0.75791,0.013414,0.017354
0.65203,-0.75788,0.013205,0.017454
0.65214,-0.75779,0.01312,0.017469
0.65225,-0.75769,0.013183,0.017399
0.65235,-0.7576,0.013365,0.017276
0.65244,-0.75753,0.013595,0.017179
0.65251,-0.75746,0.013738,0.017172
0.65256,-0.75742,0.013661,0.017333
0.65257,-0.75741,0.013421,0.017579
0.65255,-0.75743,0.013142,0.017782
0.65256,-0.75742,0.012934,0.017873
0.65264,-0.75735,0.01286,0.017839
0.65278,-0.75723,0.012912,0.017749
0.6529,-0.75713,0.013035,0.017658
0.65298,-0.75706,0.013132,0.017611
0.65303,-0.75701,0.013095,0.017631
0.65306,-0.75699,0.012882,0.017728
0.65306,-0.75699,0.012583,0.017887
0.65307,-0.75698,0.012335,0.018049
0.65312,-0.75694,0.012277,0.018126
0.65319,-0.75687,0.01235,0.018114
0.65326,-0.75682,0.012512,0.018014
0.65331,-0.75678,0.012701,0.017889
0.65335,-0.75674,0.012902,0.01775
0.6534,-0.75669,0.013081,0.017635
0.65347,-0.75663,0.013201,0.017566
0.65355,-0.75656,0.013274,0.017525
0.65361,-0.75651,0.013313,0.017514
0.65366,-0.75647,0.01334,0.017499
0.65371,-0.75643,0.013352,0.017483
0.65372,-0.75641,0.013273,0.0175
0.65372,-0.75642,0.013119,0.017571
0.65369,-0.75644,0.012937,0.017698
0.65372,-0.75642,0.012836,0.017766
0.65379,-0.75636,0.012862,0.017743
0.65387,-0.75629,0.013012,0.017662
0.65396,-0.75621,0.013194,0.017577
0.65403,-0.75615,0.013327,0.017508
0.65404,-0.75614,0.013324,0.01748
0.65403,-0.75615,0.013215,0.017522
0.654,-0.75618,0.013055,0.017592
0.65397,-0.7562,0.012906,0.017633
0.65394,-0.75623,0.012803,0.017622
0.65396,-0.75622,0.012766,0.017574
0.65403,-0.75615,0.012835,0.017499
0.65415,-0.75606,0.012991,0.017397
0.65426,-0.75596,0.013169,0.017306
0.65435,-0.75588,0.01331,0.017275
0.6544,-0.75583,0.013366,0.017324
0.65445,-0.75579,0.013342,0.017385
0.65448,-0.75576,0.013278,0.017384
0.65448,-0.75576,0.013248,0.017313
0.65452,-0.75573,0.013277,0.017227
0.65457,-0.75569,0.013345,0.017166
0.65462,-0.75564,0.013427,0.017144
0.65467,-0.7556,0.013503,0.017125
0.65472,-0.75556,0.013548,0.017097
0.65473,-0.75555,0.01356,0.017084
0.65471,-0.75557,0.013531,0.01709
0.6547,-0.75558,0.013507,0.017081
0.65471,-0.75556,0.013553,0.017021
0.65475,-0.75553,0.013682,0.016911
0.65479,-0.7555,0.013848,0.016823
0.65481,-0.75548,0.013948,0.016791
0.65481,-0.75548,0.013907,0.016802
0.65481,-0.75548,0.0138,0.016816
0.65482,-0.75547,0.013708,0.016819
0.65483,-0.75547,0.013632,0.016841
0.65482,-0.75547,0.013566,0.016888
0.65482,-0.75548,0.013536,0.016937
0.65483,-0.75546,0.013545,0.016963
0.65488,-0.75542,0.01357,0.016968
0.65494,-0.75536,0.013611,0.016976
0.655,-0.75531,0.01369,0.016958
0.65505,-0.75527,0.013789,0.016902
0.65509,-0.75524,0.013876,0.016828
0.65513,-0.7552,0.013918,0.016773
0.65518,-0.75516,0.013928,0.016743
0.6552,-0.75514,0.013941,0.016745
0.65519,-0.75515,0.01395,0.016772
0.65517,-0.75516,0.013934,0.016821
0.65519,-0.75515,0.013874,0.016879
0.65522,-0.75512,0.013787,0.016938
0.65524,-0.7551,0.013714,0.016983
0.65526,-0.75508,0.01368,0.016996
0.65529,-0.75506,0.013671,0.016972
0.65532,-0.75504,0.013669,0.016933
0.65538,-0.75499,0.013702,0.016861
0.65546,-0.75492,0.013764,0.016778
0.65551,-0.75487,0.013823,0.016735
0.65553,-0.75485,0.013819,0.01678
0.65554,-0.75485,0.013722,0.016891
0.65553,-0.75485,0.013587,0.016983
0.65554,-0.75485,0.013486,0.017004
0.65558,-0.75481,0.013456,0.016954
0.65565,-0.75475,0.013509,0.016863
0.65573,-0.75469,0.01363,0.016767
0.6558,-0.75462,0.013768,0.0167
0.65585,-0.75458,0.013881,0.016656
0.65588,-0.75455,0.013941,0.016613
0.65589,-0.75455,0.013943,0.016579
0.65588,-0.75455,0.013889,0.016572
0.6559,-0.75454,0.013802,0.016573
0.65595,-0.7545,0.013729,0.016555
0.65599,-0.75446,0.013715,0.016529
0.65603,-0.75443,0.013756,0.016499
0.65606,-0.7544,0.013817,0.016472
0.65606,-0.7544,0.013836,0.016459
0.65602,-0.75443,0.013795,0.016465
0.656,-0.75445,0.013726,0.016487
0.65603,-0.75443,0.013675,0.016493
0.65607,-0.7544,0.013653,0.016486
0.65611,-0.75436,0.013665,0.016478
0.65614,-0.75433,0.013711,0.01647
0.65618,-0.7543,0.013767,0.016468
0.65621,-0.75427,0.01379,0.016498
0.65623,-0.75426,0.013786,0.016548
0.65625,-0.75424,0.013764,0.01657
0.65626,-0.75423,0.013742,0.016553
0.65629,-0.7542,0.013737,0.016513
0.65636,-0.75414,0.013782,0.016461
0.65644,-0.75407,0.013874,0.016401
0.65649,-0.75403,0.01397,0.016354
0.65649,-0.75402,0.013974,0.016363
0.65649,-0.75403,0.013842,0.016414
0.65647,-0.75405,0.013652,0.016479
0.65645,-0.75407,0.013521,0.016532
0.65645,-0.75406,0.013469,0.016565
0.65647,-0.75405,0.013489,0.016577
0.65649,-0.75403,0.013515,0.016567
0.65653,-0.75399,0.01356,0.016514
0.65658,-0.75396,0.013616,0.016445
0.6566,-0.75393,0.013661,0.016382
0.65661,-0.75393,0.013684,0.016318
0.65661,-0.75393,0.01367,0.016256
0.65663,-0.75392,0.013651,0.016212
0.65665,-0.75389,0.013665,0.01619
0.65668,-0.75387,0.013717,0.016197
0.65668,-0.75387,0.013763,0.016246
0.65668,-0.75387,0.01377,0.016306
0.65669,-0.75386,0.013741,0.016337
0.65674,-0.75381,0.013741,0.016307
0.65683,-0.75374,0.013807,0.016225
0.65693,-0.75365,0.013922,0.016129
0.65699,-0.7536,0.014082,0.016073
0.65702,-0.75357,0.014233,0.016061
0.65704,-0.75355,0.014282,0.016088
0.65703,-0.75356,0.01421,0.016135
0.657,-0.75359,0.014058,0.016175
0.65698,-0.75361,0.013899,0.016194
0.65703,-0.75356,0.013834,0.016189
0.65713,-0.75348,0.013904,0.016161
0.65723,-0.75339,0.014053,0.016128
0.65733,-0.7533,0.014208,0.016102
0.65743,-0.75321,0.014333,0.016077
0.6575,-0.75314,0.01441,0.016028
0.65755,-0.7531,0.014429,0.015958
0.65761,-0.75305,0.014399,0.015911
0.65769,-0.75298,0.014372,0.015901
0.65779,-0.75289,0.014372,0.015904
0.65791,-0.75279,0.014419,0.015897
0.65807,-0.75265,0.014492,0.015873
0.65828,-0.75246,0.014576,0.015854
0.65858,-0.7522,0.014728,0.015818
0.65897,-0.75186,0.014989,0.0157
0.65944,-0.75144,0.015394,0.015453
0.65996,-0.75098,0.0159,0.015088
0.66057,-0.75044,0.016506,0.014619
0.66128,-0.74981,0.017187,0.014183
0.66204,-0.74913,0.017912,0.013936
0.66284,-0.7484,0.018631,0.014059
0.66371,-0.74761,0.019265,0.014434
0.66469,-0.74671,0.019671,0.014923
0.66576,-0.74575,0.019847,0.015354
0.66688,-0.74473,0.019952,0.015537
0.66802,-0.74371,0.020113,0.015529
0.66922,-0.74262,0.020519,0.01521
0.67053,-0.74143,0.021245,0.014611
0.67194,-0.74014,0.022206,0.013881
0.67348,-0.73872,0.023324,0.013167
0.67516,-0.73715,0.024531,0.012517
0.67692,-0.73551,0.025796,0.011857
0.67861,-0.73392,0.02706,0.011091
0.68019,-0.73242,0.028342,0.010144
0.68168,-0.73099,0.029817,0.0089453
0.68316,-0.72954,0.031596,0.0075273
0.68473,-0.72799,0.033703,0.0059354
0.68641,-0.7263,0.036118,0.0042517
0.68823,-0.72446,0.038726,0.0026092
0.69013,-0.72251,0.041152,0.0011863
0.69208,-0.72053,0.04319,4.2955e-05
0.69406,-0.71853,0.044697,-0.00074281
0.69604,-0.71655,0.045736,-0.0012798
0.69799,-0.71459,0.04651,-0.0017778
0.69989,-0.71268,0.04728,-0.0025077
0.70179,-0.71074,0.048279,-0.0035224
0.70374,-0.70871,0.049575,-0.0046956
0.70575,-0.70659,0.051183,-0.0059201
0.70786,-0.70433,0.05305,-0.007157
0.71009,-0.7019,0.055139,-0.0084277
0.71243,-0.69932,0.057361,-0.0097089
0.71484,-0.69665,0.059658,-0.010989
0.71728,-0.69391,0.061988,-0.012292
0.71967,-0.69119,0.064332,-0.013642
0.72202,-0.68848,0.066676,-0.015054
0.72438,-0.68574,0.069024,-0.016458
0.72675,-0.68296,0.071361,-0.017779
0.72926,-0.67999,0.073729,-0.018956
0.73196,-0.67678,0.076127,-0.02005
0.73493,-0.67326,0.078476,-0.021096
0.73805,-0.66953,0.080708,-0.022188
0.74126,-0.6657,0.082696,-0.023343
0.74443,-0.66187,0.084498,-0.02448
0.74757,-0.65807,0.086153,-0.025578
0.75067,-0.65426,0.087888,-0.026725
0.75369,-0.65046,0.089821,-0.027975
0.75659,-0.64672,0.091972,-0.029314
0.75944,-0.64298,0.094264,-0.030694
0.7623,-0.63915,0.096729,-0.032061
0.76525,-0.63515,0.099346,-0.033339
0.76833,-0.63092,0.10202,-0.034563
0.77154,-0.6265,0.10464,-0.035724
0.77478,-0.622,0.10715,-0.036817
0.778,-0.61747,0.1096,-0.03781
0.78121,-0.6129,0.11205,-0.038764
0.7844,-0.60827,0.11461,-0.039778
0.78759,-0.60355,0.11731,-0.040869
0.79079,-0.59872,0.1201,-0.042025
0.794,-0.59377,0.123,-0.04324
0.79722,-0.5887,0.1261,-0.044488
0.80041,-0.58351,0.12948,-0.045687
0.80361,-0.57825,0.13291,-0.046664
0.80678,-0.573,0.13615,-0.047293
0.80992,-0.5678,0.13915,-0.047644
0.81302,-0.56266,0.14189,-0.047777
0.81609,-0.5576,0.14423,-0.047695
0.81915,-0.55266,0.14606,-0.047167
0.82221,-0.5478,0.14747,-0.04615
0.82528,-0.54297,0.14863,-0.044786
0.82833,-0.53815,0.14962,-0.043263
0.83138,-0.5333,0.15046,-0.041848
0.83443,-0.52842,0.15114,-0.040656
0.83744,-0.52354,0.15172,-0.039804
0.84032,-0.51873,0.15249,-0.0392
0.84309,-0.51391,0.15361,-0.038837
0.84581,-0.50895,0.1552,-0.038615
0.84851,-0.50385,0.15717,-0.038333
0.85118,-0.49863,0.15946,-0.037917
0.85378,-0.49328,0.16224,-0.037549
0.85628,-0.48784,0.16553,-0.037452
0.8586,-0.48231,0.16958,-0.037757
0.86072,-0.47672,0.17442,-0.038424
0.86271,-0.47101,0.17985,-0.039304
0.86457,-0.4652,0.1857,-0.040284
0.86632,-0.4594,0.19167,-0.041251
0.86797,-0.45367,0.19755,-0.042131
0.86962,-0.44802,0.20299,-0.042878
0.87126,-0.44251,0.20788,-0.043398
0.8729,-0.43721,0.2121,-0.043678
0.87457,-0.43223,0.21541,-0.043637
0.87623,-0.42749,0.21815,-0.043351
0.87787,-0.42301,0.22041,-0.042786
0.87943,-0.41864,0.22264,-0.042122
0.88086,-0.41437,0.22509,-0.041581
0.88215,-0.41021,0.22766,-0.041236
0.88336,-0.40618,0.23021,-0.041051
0.88451,-0.40228,0.23266,-0.040971
0.88561,-0.39843,0.23508,-0.040929
0.88665,-0.39463,0.23759,-0.040942
0.88761,-0.39088,0.24018,-0.041029
0.88853,-0.38718,0.24274,-0.041171
0.8894,-0.38351,0.2453,-0.041355
0.89013,-0.37995,0.24814,-0.041577
0.89065,-0.37656,0.25139,-0.041866
0.89094,-0.37335,0.25503,-0.042245
0.89106,-0.3703,0.25896,-0.04269
0.89109,-0.36743,0.26284,-0.043172
0.89109,-0.36476,0.26645,-0.043721
0.89105,-0.36237,0.26971,-0.044406
0.89098,-0.36017,0.27275,-0.045198
0.89086,-0.35809,0.2757,-0.046055
0.8907,-0.35605,0.2787,-0.046963
0.8905,-0.35407,0.28169,-0.047886
0.89032,-0.35226,0.28437,-0.048693
0.89027,-0.3508,0.28624,-0.049159
0.89043,-0.34968,0.28712,-0.04923
0.89079,-0.34888,0.28703,-0.049
0.89131,-0.34841,0.28604,-0.048655
0.89181,-0.34818,0.28479,-0.048499
0.8921,-0.34797,0.28407,-0.048704
0.89215,-0.3477,0.28418,-0.049219
0.89203,-0.34737,0.28484,-0.049814
0.89181,-0.347,0.28591,-0.050343
0.89158,-0.3466,0.28701,-0.050655
0.89144,-0.34626,0.28786,-0.050734
0.89139,-0.34605,0.28827,-0.050733
0.89141,-0.346,0.28824,-0.050805
0.89145,-0.34606,0.28803,-0.050994
0.89141,-0.34618,0.28794,-0.05133
0.89125,-0.34628,0.28823,-0.051785
0.89102,-0.34638,0.28874,-0.05224
0.89084,-0.34652,0.28908,-0.052515
0.89072,-0.34672,0.28918,-0.05264
0.89068,-0.34696,0.28904,-0.052646
0.89062,-0.34724,0.28887,-0.052659
0.89046,-0.34753,0.289,-0.052777
0.89016,-0.34782,0.28953,-0.053013
0.88976,-0.34812,0.29034,-0.053309
0.88933,-0.34845,0.29123,-0.053545
0.88895,-0.34888,0.29186,-0.053646
0.88867,-0.3494,0.29209,-0.053645
0.88853,-0.34998,0.29183,-0.053581
0.88849,-0.35059,0.2912,-0.053546
0.8885,-0.35119,0.29045,-0.053618
0.8885,-0.35173,0.28975,-0.053835
0.8885,-0.35218,0.28916,-0.054105
0.88847,-0.35259,0.28868,-0.054375
0.88843,-0.35296,0.28834,-0.054606
0.88836,-0.35324,0.28815,-0.054796
0.88826,-0.35344,0.28818,-0.054978
0.88812,-0.35355,0.28843,-0.055219
0.88797,-0.35357,0.28882,-0.055549
0.88782,-0.35352,0.28925,-0.055908
0.88769,-0.35346,0.28966,-0.056254
0.8876,-0.35342,0.28993,-0.056583
0.88756,-0.35339,0.29003,-0.056895
0.88756,-0.35338,0.29001,-0.057152
0.88756,-0.35343,0.28991,-0.057309
0.88758,-0.35355,0.28968,-0.057347
0.88767,-0.35371,0.28922,-0.05728
0.88784,-0.35391,0.28848,-0.057152
0.88804,-0.35413,0.28762,-0.057043
0.88822,-0.35429,0.28687,-0.057016
0.88831,-0.35436,0.28649,-0.057092
0.8883,-0.35433,0.28654,-0.057257
0.88818,-0.35419,0.28702,-0.057496
0.88801,-0.35399,0.28773,-0.057745
0.88783,-0.35379,0.28849,-0.057963
0.8877,-0.35364,0.28906,-0.058112
0.88765,-0.35354,0.28931,-0.058161
0.88774,-0.35347,0.28913,-0.058102
0.88793,-0.35342,0.28864,-0.058006
0.88812,-0.35337,0.28812,-0.057944
0.88822,-0.35334,0.28786,-0.057938
0.8882,-0.35329,0.28797,-0.057978
0.88812,-0.35322,0.28829,-0.058049
0.88803,-0.35315,0.28863,-0.058107
0.88801,-0.35314,0.2887,-0.058121
0.88809,-0.35317,0.28843,-0.058077
0.88824,-0.35321,0.28794,-0.057936
0.88843,-0.35321,0.28741,-0.057734
0.88861,-0.35316,0.28695,-0.057561
0.88873,-0.35306,0.28671,-0.057479
0.88875,-0.35294,0.28679,-0.057495
0.88869,-0.35285,0.28707,-0.057545
0.88861,-0.35277,0.28741,-0.057603
0.88855,-0.35268,0.2877,-0.057687
0.88854,-0.35257,0.28784,-0.057791
0.88855,-0.35243,0.28795,-0.057896
0.88855,-0.35229,0.28812,-0.057997
0.88854,-0.35212,0.28835,-0.058074
0.88853,-0.3519,0.28861,-0.058127
0.88847,-0.35167,0.28905,-0.05821
0.88839,-0.35151,0.28949,-0.058316
0.88835,-0.35152,0.28959,-0.05834
0.88842,-0.35165,0.28923,-0.058245
0.8886,-0.35183,0.28852,-0.05806
0.88881,-0.35197,0.2877,-0.057907
0.88895,-0.35201,0.28722,-0.057898
0.88901,-0.35195,0.28711,-0.058014
0.88899,-0.35185,0.28725,-0.058185
0.88892,-0.35175,0.28756,-0.058351
0.88879,-0.35162,0.28809,-0.058508
0.88858,-0.35149,0.28884,-0.058706
0.8884,-0.3514,0.28948,-0.058915
0.88829,-0.35136,0.28982,-0.059058
0.88827,-0.35136,0.28987,-0.059129
0.8883,-0.35137,0.28976,-0.059153
0.88834,-0.35135,0.28965,-0.05918
0.88833,-0.35136,0.28968,-0.059237
0.88828,-0.35138,0.28978,-0.0593
0.88825,-0.35141,0.28984,-0.059331
0.88824,-0.35144,0.28983,-0.059328
0.88824,-0.35146,0.2898,-0.059295
0.88824,-0.35148,0.2898,-0.059265
0.88822,-0.35153,0.28978,-0.059239
0.88819,-0.35164,0.28975,-0.059206
0.88816,-0.35179,0.2897,-0.059172
0.88815,-0.35196,0.28951,-0.059104
0.8882,-0.35213,0.28918,-0.059038
0.88823,-0.35227,0.2889,-0.059018
0.88821,-0.35233,0.28888,-0.059054
0.88815,-0.35233,0.28908,-0.059115
0.88805,-0.35232,0.28939,-0.059114
0.88794,-0.35237,0.28966,-0.059063
0.88787,-0.35248,0.28977,-0.058986
0.88784,-0.35263,0.28969,-0.058869
0.88785,-0.35281,0.28948,-0.058728
0.88788,-0.35297,0.28923,-0.058596
0.8879,-0.35309,0.28904,-0.058493
0.88784,-0.35315,0.28914,-0.058456
0.88769,-0.35318,0.28956,-0.058496
0.88752,-0.35319,0.29006,-0.058557
0.88741,-0.35321,0.29036,-0.058542
0.88738,-0.35333,0.29036,-0.058416
0.88743,-0.35349,0.29004,-0.058233
0.88752,-0.35365,0.28961,-0.058069
0.88757,-0.35373,0.28935,-0.057985
0.88757,-0.35375,0.28933,-0.057998
0.88749,-0.35368,0.28964,-0.058123
0.88731,-0.35361,0.29026,-0.058295
0.8871,-0.35355,0.29094,-0.058404
0.88693,-0.35353,0.29146,-0.058439
0.88684,-0.3536,0.29167,-0.058384
0.88682,-0.35372,0.29162,-0.058273
0.88685,-0.35383,0.2914,-0.058166
0.88691,-0.35389,0.29116,-0.058129
0.88691,-0.35395,0.29107,-0.058168
0.88688,-0.35398,0.29113,-0.058194
0.88682,-0.35395,0.29133,-0.058183
0.88675,-0.35387,0.29167,-0.058168
0.88668,-0.35383,0.29192,-0.058177
0.88668,-0.35391,0.29183,-0.058167
0.88673,-0.35403,0.29154,-0.058135
0.8868,-0.3541,0.29123,-0.058104
0.88685,-0.35408,0.29112,-0.058082
0.88684,-0.35393,0.29134,-0.058082
0.88677,-0.35372,0.29181,-0.058085
0.88668,-0.35347,0.29239,-0.058085
0.8866,-0.35323,0.2929,-0.058135
0.88647,-0.35308,0.29345,-0.058225
0.88629,-0.35304,0.29402,-0.058372
0.88615,-0.35305,0.29441,-0.058496
0.88613,-0.3531,0.2944,-0.058443
0.88622,-0.35312,0.29416,-0.058241
0.88635,-0.35305,0.29391,-0.058017
0.88648,-0.35282,0.2938,-0.057909
0.88652,-0.35251,0.29402,-0.058025
0.88643,-0.3522,0.29459,-0.058358
0.88625,-0.35189,0.29543,-0.058788
0.88609,-0.35158,0.2962,-0.059146
0.88604,-0.35129,0.29666,-0.059349
0.88611,-0.35103,0.29673,-0.059434
0.88625,-0.35079,0.29659,-0.059471
0.88637,-0.35059,0.29647,-0.059535
0.88643,-0.35039,0.2965,-0.059654
0.88646,-0.35015,0.29665,-0.059789
0.88644,-0.34996,0.29692,-0.059853
0.88634,-0.34985,0.29735,-0.059842
0.88625,-0.34984,0.29766,-0.059743
0.88625,-0.34995,0.29758,-0.059507
0.88637,-0.35015,0.29707,-0.059155
0.88659,-0.35034,0.29626,-0.058772
0.88683,-0.35044,0.29547,-0.058545
0.88698,-0.35045,0.29498,-0.058554
0.88695,-0.35039,0.29511,-0.058766
0.88679,-0.35028,0.29566,-0.059058
0.88661,-0.35016,0.29631,-0.059341
0.88651,-0.35008,0.29665,-0.059518
0.88653,-0.35005,0.29662,-0.059597
0.88661,-0.35004,0.29636,-0.059666
0.88672,-0.35005,0.296,-0.059792
0.88679,-0.35007,0.29572,-0.060003
0.88679,-0.35009,0.29564,-0.060272
0.88668,-0.35013,0.29588,-0.060519
0.88649,-0.35028,0.29624,-0.060667
0.88636,-0.35058,0.29629,-0.060687
0.88632,-0.35105,0.29585,-0.060586
0.88639,-0.3517,0.29491,-0.060407
0.88649,-0.35249,0.29368,-0.060278
0.88651,-0.35339,0.29254,-0.060326
0.88637,-0.35433,0.29178,-0.060536
0.88606,-0.35522,0.29156,-0.06089
0.88563,-0.35602,0.29182,-0.061302
0.88509,-0.35683,0.2924,-0.061639
0.88447,-0.3578,0.29304,-0.061776
0.88388,-0.35905,0.29332,-0.06162
0.88338,-0.36055,0.29307,-0.061256
0.88302,-0.36249,0.29191,-0.060562
0.88276,-0.36473,0.2901,-0.059616
0.88252,-0.36718,0.28793,-0.058534
0.88221,-0.36986,0.28568,-0.057442
0.88176,-0.37287,0.28338,-0.056283
0.88121,-0.37617,0.28096,-0.054938
0.8806,-0.37973,0.27839,-0.053306
0.87997,-0.38343,0.27568,-0.051355
0.87933,-0.38718,0.27285,-0.049171
0.87867,-0.39101,0.26989,-0.046896
0.87797,-0.39494,0.26685,-0.044616
0.87713,-0.39911,0.26375,-0.042322
0.87609,-0.40356,0.26077,-0.039953
0.87488,-0.40828,0.25786,-0.037485
0.8736,-0.41315,0.25478,-0.034946
0.8723,-0.41809,0.2515,-0.032319
0.87096,-0.42309,0.24808,-0.029519
0.86957,-0.42818,0.24458,-0.026446
0.86807,-0.4334,0.24102,-0.02307
0.86646,-0.43876,0.23739,-0.019303
0.86475,-0.44426,0.2337,-0.015046
0.86292,-0.44984,0.23,-0.010511
0.86096,-0.45552,0.22633,-0.0059725
0.85887,-0.46121,0.22278,-0.0015662
0.85664,-0.46678,0.21972,0.002766
0.8542,-0.47222,0.21747,0.0071105
0.85153,-0.47762,0.21598,0.011599
0.84862,-0.48309,0.21492,0.016496
0.84563,-0.48856,0.21386,0.022023
0.84261,-0.49398,0.21262,0.02809
0.83951,-0.49946,0.21111,0.034499
0.83631,-0.50508,0.20929,0.041023
0.83299,-0.5108,0.20724,0.047509
0.82962,-0.51649,0.20513,0.053847
0.82621,-0.52202,0.20316,0.059981
0.82276,-0.52735,0.20156,0.065941
0.81928,-0.53242,0.2004,0.071778
0.81579,-0.53721,0.19968,0.077629
0.81228,-0.54177,0.19919,0.083697
0.80875,-0.54617,0.19876,0.090034
0.8051,-0.55061,0.19834,0.096411
0.80126,-0.55525,0.19788,0.10255
0.7973,-0.56,0.19734,0.10846
0.79329,-0.56472,0.19682,0.11418
0.78925,-0.56929,0.19669,0.11966
0.78514,-0.57366,0.19716,0.12487
0.78102,-0.57782,0.19822,0.12976
0.77689,-0.58185,0.19956,0.13442
0.77268,-0.58582,0.20125,0.13885
0.76841,-0.58973,0.2031,0.14322
0.76412,-0.59356,0.20492,0.14766
0.75977,-0.59735,0.2068,0.1522
0.75537,-0.60103,0.20881,0.15678
0.75101,-0.60451,0.21097,0.16138
0.74671,-0.60779,0.21324,0.16595
0.74244,-0.61091,0.2156,0.17056
0.73813,-0.61397,0.21793,0.17524
0.73377,-0.61702,0.22008,0.18009
0.72942,-0.62001,0.22197,0.18512
0.72522,-0.62277,0.22345,0.19051
0.72122,-0.6252,0.22463,0.19624
0.71731,-0.62743,0.2257,0.20215
0.71342,-0.6295,0.22682,0.20812
0.70955,-0.63143,0.22797,0.21415
0.70569,-0.63318,0.2291,0.22044
0.70187,-0.63471,0.23012,0.22709
0.69814,-0.636,0.23101,0.23398
0.69462,-0.63697,0.23189,0.24083
0.69126,-0.63772,0.23294,0.2474
0.68801,-0.63831,0.23447,0.25344
0.68469,-0.63886,0.23662,0.25896
0.68117,-0.63948,0.23939,0.26413
0.67747,-0.64015,0.24257,0.26909
0.6737,-0.64081,0.24601,0.27383
0.66995,-0.64142,0.24951,0.27836
0.6663,-0.64202,0.25301,0.28258
0.66268,-0.64271,0.25669,0.28617
0.65902,-0.64361,0.2607,0.28895
0.65527,-0.64476,0.26501,0.291
0.65146,-0.64605,0.26925,0.29279
0.64774,-0.64725,0.27293,0.29496
0.64419,-0.64827,0.27583,0.29779
0.64082,-0.64916,0.27788,0.30122
0.63758,-0.65003,0.2792,0.30495
0.63441,-0.65101,0.27984,0.30886
0.63131,-0.65214,0.27965,0.31297
0.62829,-0.65336,0.27866,0.31736
0.62524,-0.65461,0.2773,0.32197
0.62209,-0.65584,0.27595,0.3267
0.61889,-0.65694,0.27485,0.33147
0.61568,-0.65784,0.27412,0.3362
0.61255,-0.65857,0.27377,0.34075
0.60953,-0.65925,0.27365,0.34493
0.60659,-0.66007,0.27373,0.34847
0.60359,-0.66117,0.27415,0.35125
0.60048,-0.66248,0.27489,0.35353
0.59707,-0.6641,0.27618,0.35525
0.59349,-0.66586,0.27779,0.3567
0.58977,-0.66774,0.27964,0.35791
0.58595,-0.66977,0.2816,0.35886
0.5822,-0.67186,0.28335,0.35966
0.57872,-0.67389,0.28436,0.36068
0.57554,-0.67579,0.28435,0.36221
0.57268,-0.67748,0.28323,0.36448
0.57011,-0.67887,0.28115,0.36751
0.56795,-0.67982,0.27809,0.37142
0.56601,-0.68049,0.27453,0.37576
0.56419,-0.68101,0.27082,0.38023
0.56242,-0.68145,0.26723,0.38458
0.56064,-0.68185,0.2638,0.38881
0.55885,-0.68219,0.26047,0.39303
0.55715,-0.68238,0.25705,0.39732
0.55578,-0.68224,0.25341,0.40179
0.55478,-0.68181,0.24975,0.40617
0.55389,-0.68145,0.2465,0.40997
0.55299,-0.68132,0.24388,0.41294
0.55215,-0.68133,0.24156,0.41541
0.55149,-0.68137,0.23907,0.41766
0.55104,-0.68139,0.23647,0.4197
0.55044,-0.6818,0.2344,0.42098
0.54962,-0.68266,0.23302,0.42142
0.5488,-0.68371,0.23216,0.42126
0.54816,-0.68465,0.23141,0.42098
0.54771,-0.68533,0.23032,0.42106
0.5474,-0.68567,0.22853,0.42189
0.54723,-0.68569,0.22609,0.42338
0.54712,-0.68553,0.22342,0.4252
0.54699,-0.6854,0.22086,0.42691
0.54693,-0.68542,0.21848,0.42818
0.54717,-0.68545,0.21631,0.42891
0.54789,-0.68555,0.21429,0.42886
0.54887,-0.68582,0.21243,0.4281
0.55009,-0.68629,0.2108,0.42658
0.55142,-0.68695,0.20939,0.42448
0.55259,-0.68797,0.2083,0.42185
0.5536,-0.68915,0.20762,0.41892
0.5547,-0.69015,0.20747,0.41589
0.5558,-0.69101,0.20758,0.41291
0.55681,-0.6917,0.20767,0.41035
0.55785,-0.69209,0.20721,0.40851
0.55888,-0.69235,0.20633,0.40711
0.55977,-0.6927,0.20534,0.40579
0.56063,-0.69302,0.20435,0.40455
0.56151,-0.69329,0.20333,0.40338
0.56235,-0.69356,0.20219,0.40232
0.56319,-0.69371,0.20069,0.40163
0.56407,-0.6936,0.19872,0.40156
0.56469,-0.6936,0.19644,0.40182
0.56498,-0.69394,0.1942,0.40191
0.56511,-0.69448,0.19185,0.40192
0.56536,-0.69489,0.18924,0.40211
0.56587,-0.69512,0.18654,0.40224
0.56648,-0.69542,0.18421,0.40194
0.567,-0.6959,0.18236,0.40121
0.5674,-0.69656,0.18103,0.40012
0.56776,-0.69727,0.18016,0.39876
0.56824,-0.69788,0.17942,0.39733
0.56881,-0.69847,0.17883,0.39575
0.56955,-0.69902,0.17848,0.39386
0.57048,-0.69954,0.17828,0.39167
0.57147,-0.70012,0.17804,0.38931
0.57225,-0.70094,0.17775,0.3868
0.57281,-0.7019,0.17736,0.38442
0.57334,-0.70259,0.17674,0.38264
0.5738,-0.70306,0.17593,0.38146
0.57407,-0.70337,0.17493,0.38094
0.57422,-0.70354,0.1738,0.38093
0.57419,-0.70371,0.17257,0.3812
0.57403,-0.70407,0.17131,0.38135
0.57382,-0.7046,0.1701,0.38123
0.57363,-0.70521,0.16901,0.38089
0.57358,-0.70566,0.16815,0.38049
0.57378,-0.70577,0.16767,0.3802
0.57403,-0.70569,0.16741,0.38009
0.57425,-0.70552,0.1672,0.38016
0.57441,-0.70527,0.16684,0.38053
0.57446,-0.70505,0.16629,0.38111
0.57443,-0.70494,0.16569,0.38163
0.57445,-0.70489,0.16517,0.38192
0.57451,-0.70478,0.16459,0.38228
0.57453,-0.70465,0.16404,0.38273
0.57454,-0.70444,0.16361,0.38327
0.5746,-0.70407,0.16323,0.38403
0.57467,-0.70358,0.16273,0.38503
0.57487,-0.70293,0.16219,0.38613
0.57519,-0.70217,0.16166,0.38727
0.57547,-0.70141,0.16103,0.38851
0.57561,-0.70075,0.16036,0.38976
0.57568,-0.70024,0.15987,0.39076
0.57579,-0.69987,0.15981,0.39129
0.57598,-0.69957,0.1601,0.39143
0.5762,-0.69928,0.16059,0.39143
0.57648,-0.69881,0.16101,0.39167
0.57685,-0.69813,0.16123,0.39226
0.57723,-0.6974,0.16123,0.39299
0.5776,-0.69681,0.16107,0.39355
0.57802,-0.69629,0.16085,0.39395
0.57859,-0.69568,0.16062,0.39429
0.5792,-0.69496,0.16046,0.39473
0.57971,-0.69416,0.16038,0.39541
0.58005,-0.69332,0.16025,0.39645
0.58026,-0.69244,0.16002,0.39777
0.58044,-0.69158,0.15974,0.3991
0.58075,-0.69076,0.15946,0.40019
0.58122,-0.68993,0.159,0.40112
0.58174,-0.68913,0.15828,0.40202
0.58221,-0.68838,0.15745,0.40295
0.58261,-0.68763,0.1567,0.40396
0.58297,-0.68681,0.15613,0.40504
0.58335,-0.68589,0.15576,0.40621
0.58376,-0.6848,0.15552,0.40753
0.58421,-0.68359,0.15531,0.409
0.58466,-0.68242,0.1552,0.41036
0.58511,-0.6814,0.15518,0.4114
0.58561,-0.68053,0.15508,0.41218
0.58615,-0.67976,0.15475,0.41281
0.58669,-0.67902,0.15425,0.41344
0.58723,-0.67821,0.15377,0.41419
0.58774,-0.67723,0.15341,0.41519
0.58821,-0.67603,0.15315,0.41658
0.58862,-0.67458,0.15294,0.41843
0.58901,-0.67299,0.15275,0.42051
0.58948,-0.67131,0.15261,0.42256
0.59019,-0.66961,0.15252,0.42431
0.59107,-0.66803,0.15257,0.42555
0.59199,-0.66668,0.15297,0.42624
0.59294,-0.66548,0.15396,0.42645
0.59393,-0.66425,0.15549,0.42643
0.59497,-0.66297,0.15738,0.42627
0.59614,-0.66173,0.15969,0.42571
0.59754,-0.66064,0.16256,0.42434
0.59928,-0.65967,0.16583,0.42213
0.60145,-0.65874,0.16878,0.41932
0.60394,-0.65779,0.17126,0.41622
0.60723,-0.65655,0.17325,0.41255
0.61159,-0.65467,0.17583,0.40799
0.61701,-0.65196,0.1802,0.40221
0.62319,-0.64849,0.18756,0.39486
0.62955,-0.64445,0.19766,0.38637
0.63612,-0.63932,0.2093,0.37791
0.64316,-0.63273,0.22174,0.36991
0.65072,-0.6246,0.23634,0.36136
0.65834,-0.61492,0.25551,0.35095
0.66197,-0.60573,0.28497,0.33717
0.65867,-0.599,0.32057,0.3234
0.65105,-0.59486,0.34835,0.3177
0.6502,-0.58884,0.35519,0.32304
0.65541,-0.57751,0.34805,0.34027
0.66007,-0.56423,0.33799,0.36293
0.66155,-0.55215,0.33022,0.38527
0.66175,-0.54071,0.32448,0.4055
0.65925,-0.53188,0.32087,0.42372
0.65226,-0.52799,0.32096,0.43905
0.64069,-0.52791,0.32748,0.4512
0.62484,-0.52881,0.33942,0.4634
0.6023,-0.53137,0.35386,0.47922
0.57246,-0.5371,0.36688,0.4992
0.532,-0.54677,0.37591,0.52603
0.48476,-0.55212,0.36983,0.56867
0.45823,-0.52718,0.33348,0.63316
0.45019,-0.4797,0.29182,0.6943
0.41599,-0.48201,0.30071,0.71006
0.4352,-0.49157,0.26358,0.70674
0.47853,-0.50274,0.25454,0.6734
0.49299,-0.52522,0.26875,0.63944
0.50071,-0.5399,0.27873,0.61652
0.50305,-0.55163,0.28562,0.60088
0.50439,-0.5584,0.29127,0.59071
0.51193,-0.53404,0.28632,0.6089
0.53142,-0.50263,0.25213,0.63355
0.56898,-0.47713,0.18531,0.64364
0.59418,-0.4899,0.12414,0.62573
0.60423,-0.52997,0.099536,0.58663
0.61583,-0.56798,0.10407,0.53602
0.63567,-0.58348,0.11941,0.49113
0.64792,-0.59883,0.152,0.44554
0.64799,-0.62054,0.19896,0.39428
0.6419,-0.63702,0.24003,0.35292
0.63277,-0.64817,0.26425,0.33114
0.62279,-0.65668,0.27208,0.32692
0.61952,-0.66163,0.26398,0.32979
0.61973,-0.66231,0.25053,0.3384
0.62117,-0.65878,0.23158,0.35572
0.6227,-0.65477,0.21044,0.37314
0.62005,-0.65152,0.19898,0.38918
0.61623,-0.65105,0.19314,0.39885
0.61337,-0.65198,0.18985,0.4033
0.61227,-0.65251,0.18628,0.40578
0.61167,-0.65261,0.18202,0.40846
0.61091,-0.65351,0.17887,0.40953
0.61069,-0.65573,0.17893,0.40627
0.61172,-0.65811,0.18136,0.39976
0.61363,-0.6601,0.18419,0.39219
0.61594,-0.66157,0.18629,0.38502
0.618,-0.6628,0.18701,0.37922
0.61974,-0.66371,0.18602,0.37526
0.62108,-0.66443,0.18359,0.37294
0.62189,-0.66494,0.17982,0.37252
0.62222,-0.66533,0.17528,0.37344
0.62188,-0.66606,0.17061,0.37486
0.62131,-0.6671,0.16626,0.3759
0.62102,-0.66813,0.1623,0.37629
0.62103,-0.66907,0.15883,0.3761
0.62118,-0.6701,0.1564,0.37502
0.6213,-0.67129,0.1549,0.37332
0.62129,-0.67267,0.15433,0.37107
0.62112,-0.67426,0.1544,0.36844
0.6208,-0.67599,0.15494,0.36556
0.62031,-0.67779,0.15575,0.36273
0.61958,-0.6795,0.15653,0.3604
0.61857,-0.68105,0.15708,0.35898
0.61738,-0.68234,0.15712,0.35855
0.6162,-0.68338,0.15647,0.35891
0.61518,-0.68413,0.15507,0.35983
0.61437,-0.68465,0.15291,0.36115
0.61376,-0.685,0.15009,0.36269
0.61342,-0.68529,0.14703,0.36398
0.61346,-0.68549,0.14454,0.36453
0.61378,-0.68559,0.1428,0.36449
0.61426,-0.68562,0.14178,0.364
0.61488,-0.68561,0.14139,0.36315
0.61549,-0.68556,0.14145,0.36218
0.61602,-0.68544,0.14162,0.36144
0.61649,-0.68525,0.14184,0.36091
0.6168,-0.68502,0.14206,0.36072
0.61699,-0.68472,0.14205,0.36098
0.61711,-0.68435,0.14181,0.36158
0.61717,-0.68406,0.14138,0.36218
0.61718,-0.68395,0.14075,0.36261
0.61717,-0.68391,0.13998,0.36302
0.61704,-0.68398,0.13936,0.36335
0.61687,-0.68412,0.13909,0.36348
0.61675,-0.68418,0.13917,0.36352
0.6167,-0.6841,0.1395,0.36362
0.61668,-0.68398,0.14002,0.36369
0.61657,-0.68392,0.14071,0.36372
0.61638,-0.68391,0.14124,0.36386
0.61619,-0.68391,0.1415,0.36407
0.61596,-0.68402,0.14159,0.36424
0.6157,-0.68417,0.14155,0.3644
0.61545,-0.68428,0.14139,0.36469
0.61526,-0.68427,0.14113,0.36513
0.61507,-0.68419,0.14077,0.36572
0.61478,-0.68412,0.14033,0.36651
0.61442,-0.68406,0.13975,0.36745
0.61408,-0.68398,0.13902,0.36845
0.61379,-0.68389,0.13818,0.36941
0.61352,-0.68393,0.13731,0.37011
0.61327,-0.68415,0.13658,0.37039
0.61307,-0.68443,0.13603,0.37041
0.61291,-0.68465,0.13563,0.37042
0.61271,-0.68482,0.13544,0.37049
0.61246,-0.685,0.13549,0.37056
0.61213,-0.68524,0.13571,0.37057
0.61183,-0.6855,0.13592,0.3705
0.61159,-0.68572,0.13596,0.37048
0.61138,-0.6859,0.13569,0.37059
0.61111,-0.68614,0.13525,0.37076
0.61084,-0.68639,0.13474,0.37092
0.61058,-0.68667,0.13421,0.37104
0.61034,-0.68695,0.13371,0.37109
0.61012,-0.68723,0.13328,0.37109
0.60989,-0.68747,0.13279,0.37119
0.6096,-0.68768,0.13209,0.37154
0.60925,-0.68786,0.1312,0.3721
0.60891,-0.68797,0.13004,0.37284
0.6086,-0.68806,0.12861,0.37368
0.60831,-0.68821,0.12699,0.37444
0.60804,-0.68846,0.12534,0.37498
0.60777,-0.68882,0.12372,0.37529
0.60751,-0.68924,0.12217,0.37544
0.60728,-0.68962,0.12069,0.3756
0.60708,-0.68992,0.11937,0.37578
0.6069,-0.6902,0.11821,0.37594
0.60674,-0.69044,0.11716,0.37608
0.60658,-0.69067,0.11619,0.37621
0.60643,-0.69089,0.1152,0.37634
0.60627,-0.69108,0.11415,0.37658
0.60611,-0.69123,0.1129,0.37694
0.60594,-0.6914,0.11141,0.37736
0.60578,-0.6916,0.10963,0.37776
0.60569,-0.69182,0.10762,0.37809
0.60561,-0.69206,0.10545,0.37839
0.60537,-0.69241,0.10299,0.37879
0.60492,-0.69286,0.10027,0.37943
0.60429,-0.69329,0.097383,0.38038
0.6035,-0.69371,0.094402,0.38162
0.60259,-0.69416,0.091444,0.38297
0.60161,-0.69464,0.088586,0.3843
0.60074,-0.69504,0.085876,0.38555
0.60006,-0.69532,0.083321,0.38668
0.59952,-0.6955,0.08092,0.38769
0.5991,-0.69562,0.078732,0.38858
0.59873,-0.69573,0.076846,0.38932
0.59836,-0.6959,0.075373,0.38987
0.59796,-0.6962,0.074352,0.39017
0.59752,-0.69665,0.073731,0.39015
0.59704,-0.69728,0.073461,0.3898
0.59655,-0.69802,0.073443,0.38923
0.59612,-0.69876,0.073706,0.3885
0.59577,-0.69942,0.074202,0.38776
0.59542,-0.69995,0.074856,0.38722
0.59496,-0.70036,0.075603,0.38706
0.59438,-0.70068,0.076439,0.38718
0.59375,-0.70096,0.077358,0.38745
0.59311,-0.70124,0.078324,0.38774
0.59249,-0.70155,0.079291,0.38794
0.59193,-0.70186,0.080207,0.38805
0.59145,-0.70214,0.081055,0.3881
0.59099,-0.70243,0.081907,0.38808
0.59054,-0.70283,0.082865,0.38786
0.59002,-0.70331,0.083897,0.38754
0.5894,-0.70384,0.084896,0.38732
0.58869,-0.70437,0.085875,0.38721
0.58798,-0.70491,0.086915,0.38707
0.5874,-0.70539,0.088063,0.38681
0.58698,-0.70582,0.089247,0.38641
0.58674,-0.70623,0.090405,0.38575
0.58686,-0.7066,0.091555,0.38462
0.5873,-0.70691,0.092744,0.38308
0.5882,-0.70709,0.094127,0.38103
0.58922,-0.7073,0.095756,0.37866
0.59012,-0.70762,0.097652,0.37615
0.59087,-0.70806,0.09985,0.37357
0.59151,-0.70849,0.10244,0.37104
0.59206,-0.70888,0.10529,0.36861
0.59252,-0.70911,0.10825,0.36655
0.59292,-0.70919,0.1109,0.36497
0.59329,-0.70911,0.11288,0.3639
0.59367,-0.70895,0.11397,0.36325
0.59407,-0.70876,0.11436,0.36284
0.59453,-0.70849,0.11393,0.36275
0.59504,-0.70814,0.113,0.3629
0.59554,-0.70773,0.11191,0.36321
0.59604,-0.70728,0.11093,0.36357
0.59652,-0.70679,0.11028,0.36392
0.59692,-0.70636,0.11007,0.36419
0.59722,-0.70599,0.11017,0.36438
0.59752,-0.70562,0.11033,0.36456
0.59789,-0.70517,0.11042,0.36478
0.5984,-0.70463,0.11036,0.365
0.599,-0.70404,0.11007,0.36526
0.5995,-0.70352,0.10942,0.36562
0.59984,-0.70314,0.10846,0.3661
0.60004,-0.70283,0.10733,0.36669
0.60013,-0.70256,0.10622,0.3674
0.60016,-0.7023,0.10521,0.36812
0.60018,-0.70207,0.10439,0.36877
0.60017,-0.70191,0.1037,0.36928
0.60007,-0.70191,0.1032,0.36959
0.59977,-0.70208,0.10278,0.36986
0.59927,-0.70237,0.1023,0.37023
0.59855,-0.70276,0.10162,0.37086
0.59767,-0.7032,0.10072,0.37168
0.59676,-0.70368,0.099651,0.37253
0.59581,-0.70421,0.098439,0.37337
0.59473,-0.70484,0.097042,0.37427
0.59352,-0.70555,0.095496,0.37525
0.59218,-0.70634,0.093751,0.37633
0.59083,-0.7071,0.091777,0.3775
0.58955,-0.70775,0.089578,0.3788
0.58834,-0.70832,0.087276,0.38015
0.58719,-0.70888,0.085013,0.3814
0.58611,-0.70944,0.082845,0.38249
0.58509,-0.70997,0.080714,0.38353
0.58412,-0.7104,0.078558,0.38466
0.58317,-0.71075,0.0764,0.3859
0.58221,-0.71108,0.074269,0.38715
0.5813,-0.71142,0.072091,0.38829
0.58052,-0.71173,0.069808,0.38932
0.57989,-0.71197,0.06757,0.3902
0.57944,-0.71212,0.065601,0.39094
0.57907,-0.7122,0.063982,0.39161
0.57869,-0.71226,0.062551,0.39229
0.57818,-0.71237,0.061312,0.39303
0.57748,-0.71261,0.060273,0.39378
0.57663,-0.71299,0.059256,0.3945
0.57565,-0.71347,0.058014,0.39525
0.57455,-0.71402,0.056471,0.39608
0.5733,-0.71465,0.054573,0.39703
0.57183,-0.71533,0.052393,0.39821
0.57014,-0.716,0.049837,0.39975
0.5683,-0.71663,0.046786,0.4016
0.5665,-0.71722,0.043245,0.40349
0.56486,-0.71784,0.03911,0.4051
0.56373,-0.71852,0.034502,0.40589
0.56319,-0.71923,0.029874,0.40576
0.56309,-0.71998,0.025582,0.40485
0.56318,-0.72078,0.021932,0.40351
0.56327,-0.7216,0.018928,0.40207
0.56333,-0.72233,0.016586,0.40078
0.56323,-0.723,0.014836,0.39977
0.56303,-0.72362,0.013365,0.39898
0.56275,-0.72418,0.011934,0.39842
0.56234,-0.72469,0.010416,0.3981
0.56166,-0.72519,0.008855,0.39818
0.56082,-0.72566,0.0074535,0.39855
0.56,-0.72599,0.0064277,0.39912
0.55934,-0.72619,0.005765,0.39969
0.55878,-0.72641,0.0053246,0.40008
0.55824,-0.72674,0.0050133,0.40023
0.55765,-0.72721,0.0048154,0.40021
0.55686,-0.72781,0.0047318,0.40023
0.55588,-0.72849,0.004736,0.40035
0.55487,-0.7292,0.0048848,0.40044
0.55403,-0.72986,0.0051875,0.40042
0.55343,-0.73044,0.0056489,0.40018
0.553,-0.73103,0.0062895,0.39969
0.55254,-0.73168,0.0071506,0.39912
0.55194,-0.73236,0.0081481,0.39868
0.55123,-0.73303,0.0092743,0.3984
0.5505,-0.73362,0.010501,0.39829
0.54981,-0.73415,0.011774,0.39824
0.54917,-0.73471,0.013066,0.39805
0.54865,-0.73534,0.014329,0.39757
0.54824,-0.73596,0.015602,0.39692
0.54791,-0.73658,0.016994,0.39618
0.54754,-0.73717,0.018496,0.39552
0.54709,-0.73771,0.02006,0.39506
0.54656,-0.73818,0.021655,0.39485
0.54595,-0.73861,0.023301,0.39477
0.5453,-0.73909,0.024999,0.39467
0.54463,-0.73963,0.026842,0.39448
0.54403,-0.74017,0.028829,0.39413
0.54354,-0.7407,0.030985,0.39366
0.54309,-0.74121,0.03331,0.39313
0.54263,-0.74172,0.035709,0.39259
0.5421,-0.74221,0.038119,0.39217
0.54147,-0.74266,0.040473,0.39194
0.54085,-0.74308,0.04276,0.39176
0.5403,-0.74346,0.044981,0.39156
0.5398,-0.74381,0.047118,0.39133
0.53936,-0.74414,0.049151,0.39107
0.539,-0.74442,0.051042,0.39079
0.53876,-0.74465,0.052788,0.39043
0.53864,-0.74489,0.054415,0.38994
0.53856,-0.7451,0.055867,0.38944
0.53845,-0.74525,0.057127,0.3891
0.53831,-0.74534,0.058251,0.38897
0.5382,-0.74534,0.059328,0.38896
0.53817,-0.7453,0.06042,0.38891
0.53821,-0.74527,0.061512,0.38874
0.53834,-0.74523,0.062607,0.38846
0.53859,-0.74516,0.06376,0.38806
0.5389,-0.74508,0.065035,0.38758
0.53922,-0.74502,0.066467,0.38699
0.53951,-0.74501,0.067984,0.38636
0.53975,-0.74501,0.06946,0.38576
0.53992,-0.74501,0.070792,0.38527
0.54,-0.745,0.071965,0.38496
0.54001,-0.74498,0.072994,0.3848
0.54005,-0.74489,0.073984,0.38472
0.54021,-0.74471,0.075045,0.38465
0.54051,-0.74445,0.07624,0.38448
0.54091,-0.74417,0.077599,0.38419
0.54136,-0.74393,0.079078,0.38371
0.5418,-0.7438,0.080571,0.38305
0.54225,-0.74373,0.081978,0.38225
0.54275,-0.74365,0.083324,0.38141
0.54331,-0.74351,0.084672,0.38057
0.5439,-0.74331,0.086019,0.37983
0.54452,-0.74296,0.087337,0.37931
0.54522,-0.74246,0.088595,0.379
0.546,-0.74189,0.08975,0.37872
0.54688,-0.74131,0.090647,0.37838
0.54782,-0.74074,0.091252,0.37798
0.54877,-0.74017,0.091672,0.37763
0.54974,-0.73951,0.092118,0.37739
0.55079,-0.73869,0.092824,0.37728
0.55193,-0.73775,0.093728,0.37725
0.55305,-0.73672,0.094799,0.37733
0.5541,-0.73572,0.095851,0.37749
0.55509,-0.73473,0.096812,0.37773
0.55609,-0.73372,0.097699,0.37799
0.55714,-0.73268,0.09858,0.37823
0.55825,-0.73166,0.099562,0.37831
0.55937,-0.73075,0.10074,0.37812
0.56046,-0.72996,0.10212,0.37763
0.56154,-0.72924,0.10364,0.37701
0.56258,-0.7285,0.10519,0.37646
0.56354,-0.72767,0.10668,0.37623
0.5644,-0.7267,0.10798,0.37642
0.5653,-0.72565,0.10905,0.37679
0.56633,-0.72454,0.10982,0.37717
0.56752,-0.72334,0.11027,0.37755
0.56877,-0.72212,0.11051,0.37793
0.56996,-0.72098,0.11062,0.37828
0.57102,-0.71992,0.11061,0.3787
0.57202,-0.71887,0.11052,0.37922
0.57298,-0.71781,0.11053,0.37976
0.57394,-0.7168,0.11082,0.38014
0.57493,-0.71589,0.11151,0.38015
0.5759,-0.71513,0.11254,0.37983
0.57678,-0.71451,0.11377,0.37927
0.57753,-0.71403,0.11518,0.37863
0.57814,-0.71363,0.11681,0.37795
0.5786,-0.71329,0.11865,0.37731
0.57893,-0.71297,0.12045,0.37683
0.57909,-0.7127,0.12197,0.37662
0.57908,-0.71249,0.1232,0.37662
0.57892,-0.71238,0.12426,0.37673
0.57869,-0.71234,0.12531,0.3768
0.57836,-0.7124,0.12634,0.37686
0.57789,-0.71252,0.12727,0.37703
0.57725,-0.71266,0.12791,0.37755
0.57646,-0.71273,0.12825,0.3785
0.57557,-0.71274,0.12837,0.3798
0.5746,-0.71271,0.1284,0.38129
0.57358,-0.7127,0.12841,0.38285
0.57254,-0.71268,0.1284,0.38444
0.57147,-0.71267,0.12842,0.38604
0.57039,-0.71267,0.12848,0.38763
0.56929,-0.71269,0.12862,0.38915
0.56814,-0.71278,0.12881,0.39059
0.56693,-0.71297,0.12894,0.39196
0.56567,-0.71325,0.12893,0.39328
0.56435,-0.71359,0.12864,0.39464
0.56301,-0.71396,0.12806,0.3961
0.56167,-0.71431,0.12714,0.39765
0.56043,-0.71459,0.12599,0.39926
0.55933,-0.7148,0.12466,0.40085
0.55838,-0.71502,0.12328,0.40218
0.55758,-0.71527,0.12202,0.40324
0.55698,-0.71549,0.12098,0.40399
0.5565,-0.71569,0.12012,0.40455
0.55604,-0.71591,0.11936,0.40503
0.55552,-0.71615,0.11861,0.40553
0.55495,-0.7164,0.11776,0.40612
0.55438,-0.71665,0.11678,0.40673
0.55393,-0.71691,0.11566,0.40723
0.55362,-0.71715,0.11445,0.40756
0.55345,-0.71739,0.11322,0.40771
0.55338,-0.71762,0.11204,0.40772
0.55338,-0.71787,0.11097,0.40758
0.55344,-0.71819,0.11014,0.40716
0.55355,-0.71861,0.10958,0.40641
0.55366,-0.71911,0.10917,0.40549
0.55373,-0.7196,0.10882,0.40462
0.55374,-0.72007,0.10851,0.40386
0.55374,-0.72046,0.10835,0.4032
0.55377,-0.7208,0.10837,0.40254
0.55382,-0.72118,0.10842,0.40178
0.5539,-0.72159,0.10842,0.40094
0.554,-0.72201,0.10832,0.40007
0.55406,-0.72244,0.108,0.39929
0.55409,-0.72287,0.10747,0.39862
0.55429,-0.72321,0.10694,0.39787
0.55472,-0.72348,0.1065,0.39689
0.55531,-0.72377,0.10619,0.39562
0.55599,-0.72406,0.10602,0.39416
0.55665,-0.72437,0.10608,0.39265
0.55714,-0.72476,0.10634,0.39116
0.5575,-0.72521,0.10684,0.38969
0.55786,-0.72558,0.10749,0.3883
0.55828,-0.72582,0.10824,0.38703
0.5588,-0.72596,0.10909,0.38577
0.55943,-0.72601,0.11006,0.38448
0.56013,-0.72597,0.11106,0.38327
0.56076,-0.72591,0.11207,0.38217
0.56132,-0.72586,0.11312,0.38111
0.5618,-0.72584,0.11433,0.38009
0.56227,-0.7258,0.11565,0.37907
0.56282,-0.72572,0.11705,0.37797
0.56353,-0.72557,0.11855,0.37673
0.56446,-0.72531,0.1202,0.37531
0.5655,-0.725,0.12201,0.37376
0.56652,-0.72469,0.12413,0.37211
0.56742,-0.72444,0.12647,0.37044
0.56821,-0.72419,0.12888,0.36888
0.56895,-0.72387,0.13116,0.36756
0.56969,-0.72346,0.13325,0.36647
0.57044,-0.72298,0.13498,0.36563
0.57125,-0.72246,0.13651,0.36481
0.57216,-0.72194,0.13797,0.36388
0.57313,-0.72141,0.13933,0.36287
0.57416,-0.72085,0.14059,0.36186
0.57523,-0.72025,0.14185,0.36087
0.5763,-0.71962,0.14318,0.3599
0.57737,-0.71897,0.14454,0.35894
0.57844,-0.7183,0.14579,0.35804
0.57956,-0.71757,0.14682,0.35727
0.58071,-0.71682,0.14768,0.35656
0.58192,-0.71602,0.14848,0.35585
0.58319,-0.71521,0.14927,0.35508
0.58446,-0.71443,0.14996,0.35426
0.58566,-0.71371,0.15049,0.3535
0.58678,-0.71304,0.15085,0.35286
0.58787,-0.71235,0.15085,0.35244
0.58902,-0.71159,0.15056,0.35218
0.59025,-0.71077,0.15,0.35202
0.59155,-0.70984,0.14925,0.35201
0.59296,-0.70877,0.14833,0.3522
0.59439,-0.70763,0.14741,0.35247
0.59589,-0.70642,0.14661,0.35269
0.59747,-0.70514,0.14601,0.35283
0.5991,-0.70379,0.1456,0.35292
0.60076,-0.70241,0.14529,0.353
0.60235,-0.70102,0.14501,0.35315
0.60377,-0.69968,0.14467,0.35352
0.605,-0.69838,0.14414,0.35422
0.60614,-0.69705,0.14339,0.35518
0.60737,-0.69568,0.14256,0.3561
0.60873,-0.69429,0.14171,0.35682
0.61022,-0.69298,0.14082,0.35717
0.61182,-0.69182,0.13993,0.35703
0.61364,-0.69068,0.13924,0.35639
0.61584,-0.6894,0.13923,0.35508
0.6183,-0.68806,0.13965,0.35324
0.62095,-0.68673,0.14022,0.35095
0.62388,-0.68542,0.14145,0.34781
0.6273,-0.68394,0.14371,0.3436
0.63128,-0.68203,0.14661,0.33886
0.63583,-0.67947,0.14964,0.33413
0.6409,-0.67633,0.1528,0.32935
0.64669,-0.67259,0.15644,0.32396
0.65313,-0.66845,0.16079,0.3174
0.66022,-0.66378,0.16596,0.30978
0.66801,-0.65791,0.17217,0.30211
0.67654,-0.65061,0.18004,0.29425
0.68677,-0.64052,0.19203,0.28496
0.69748,-0.62752,0.21473,0.27135
0.70215,-0.6168,0.25029,0.2528
0.6996,-0.60948,0.2886,0.23626
0.69822,-0.60215,0.30755,0.23521
0.70157,-0.59301,0.30988,0.24516
0.70758,-0.58161,0.30053,0.26597
0.71136,-0.57038,0.29016,0.29058
0.71226,-0.55994,0.28047,0.31699
0.70986,-0.55043,0.27276,0.34457
0.70375,-0.54209,0.26929,0.37196
0.6939,-0.53498,0.27159,0.39816
0.68004,-0.52749,0.28141,0.42439
0.66131,-0.52025,0.29695,0.45148
0.63579,-0.51793,0.31423,0.47831
0.60227,-0.52221,0.3297,0.50582
0.56001,-0.52728,0.33486,0.54428
0.52926,-0.50541,0.29892,0.61245
0.50675,-0.45408,0.26145,0.68459
0.46612,-0.46164,0.28113,0.70042
0.51324,-0.44898,0.23927,0.69119
0.55692,-0.44404,0.22433,0.66509
0.57417,-0.47427,0.23964,0.62287
0.57725,-0.5057,0.26657,0.58309
0.57339,-0.5285,0.28373,0.55804
0.5674,-0.55237,0.28463,0.54031
0.56001,-0.55503,0.2827,0.54627
0.56873,-0.53822,0.25795,0.56598
0.60473,-0.52087,0.20163,0.56776
0.63458,-0.52561,0.14439,0.5479
0.64731,-0.55653,0.1072,0.50968
0.65154,-0.58851,0.084364,0.4712
0.6583,-0.60621,0.067001,0.44121
0.67081,-0.61176,0.068817,0.41355
0.67875,-0.62134,0.097249,0.37917
0.67486,-0.63873,0.13707,0.34322
0.66423,-0.65714,0.16512,0.31575
0.65333,-0.67278,0.17758,0.29831
0.64558,-0.68499,0.17702,0.28753
0.64227,-0.69276,0.16987,0.28058
0.64147,-0.69667,0.16125,0.27777
0.64043,-0.69872,0.15542,0.27836
0.63951,-0.69928,0.15323,0.28029
0.63867,-0.69851,0.15452,0.28339
0.63671,-0.69805,0.15605,0.28805
0.63306,-0.69863,0.15631,0.29448
0.62811,-0.70026,0.15444,0.3021
0.6232,-0.70215,0.15093,0.30956
0.61927,-0.70389,0.14648,0.31558
0.6165,-0.70513,0.14277,0.3199
0.61476,-0.70579,0.14044,0.32281
0.61367,-0.70611,0.13931,0.32468
0.61255,-0.70666,0.13841,0.32597
0.61097,-0.70771,0.13682,0.32734
0.60867,-0.7094,0.13398,0.32913
0.60618,-0.71135,0.13057,0.33088
0.60407,-0.71319,0.12746,0.33198
0.60282,-0.71456,0.12532,0.33213
0.60242,-0.71547,0.12443,0.33122
0.60273,-0.71605,0.1249,0.32923
0.60341,-0.71646,0.12654,0.32646
0.60394,-0.71689,0.12846,0.32377
0.60415,-0.71741,0.13003,0.3216
0.60409,-0.71797,0.13087,0.32009
0.60383,-0.71858,0.13076,0.31928
0.60349,-0.71916,0.12997,0.31894
0.6033,-0.71957,0.1288,0.31884
0.60335,-0.71975,0.12758,0.31883
0.60356,-0.71975,0.12638,0.31891
0.60379,-0.71969,0.12528,0.31906
0.60395,-0.71959,0.1242,0.3194
0.60405,-0.71939,0.12291,0.32015
0.60411,-0.71915,0.1214,0.32114
0.60405,-0.71908,0.11988,0.322
0.60388,-0.7192,0.11851,0.32256
0.60364,-0.71945,0.1174,0.32285
0.60336,-0.71974,0.11653,0.32303
0.60303,-0.72005,0.11586,0.32321
0.60271,-0.7203,0.11546,0.32337
0.60248,-0.7205,0.11539,0.32339
0.60236,-0.72064,0.11568,0.3232
0.60225,-0.72078,0.11612,0.32293
0.60216,-0.72091,0.11655,0.32264
0.60211,-0.72105,0.11689,0.32232
0.60208,-0.72116,0.1171,0.32204
0.6021,-0.72118,0.1172,0.32193
0.60221,-0.72102,0.11718,0.3221
0.60239,-0.72068,0.11708,0.32255
0.60262,-0.72022,0.11695,0.32318
0.60282,-0.71975,0.11677,0.32393
0.60288,-0.71935,0.11647,0.32481
0.60273,-0.71908,0.11589,0.32591
0.60242,-0.71889,0.1151,0.32717
0.602,-0.71876,0.11415,0.32855
0.60152,-0.71866,0.11308,0.33001
0.60103,-0.71859,0.11209,0.33139
0.60062,-0.71854,0.11141,0.33247
0.60029,-0.7185,0.111,0.33329
0.60003,-0.71846,0.11083,0.3339
0.59982,-0.71845,0.11096,0.33426
0.59961,-0.71853,0.11143,0.33432
0.5994,-0.71865,0.11202,0.33424
0.59924,-0.71874,0.11263,0.33411
0.59912,-0.71878,0.11314,0.33409
0.599,-0.71876,0.11347,0.33424
0.59893,-0.71868,0.11363,0.33448
0.59897,-0.71848,0.11366,0.33482
0.59908,-0.71818,0.11359,0.33529
0.59921,-0.71782,0.1135,0.33584
0.59938,-0.71746,0.11353,0.33631
0.59958,-0.71711,0.11369,0.33664
0.59981,-0.71676,0.11391,0.33691
0.60003,-0.71644,0.11416,0.33711
0.60027,-0.71615,0.11446,0.3372
0.6005,-0.71585,0.11476,0.33732
0.60071,-0.71552,0.11498,0.33758
0.60093,-0.71514,0.11512,0.33795
0.60114,-0.71477,0.11521,0.33832
0.60138,-0.71444,0.11534,0.33853
0.60156,-0.71424,0.11557,0.33857
0.60161,-0.71415,0.11584,0.33858
0.60154,-0.71413,0.11613,0.33865
0.6014,-0.71414,0.11645,0.33876
0.60126,-0.71413,0.11685,0.33889
0.60115,-0.71408,0.11734,0.33903
0.601,-0.71408,0.11784,0.33912
0.60076,-0.71419,0.11824,0.33917
0.60047,-0.71434,0.1185,0.33929
0.60014,-0.7145,0.1186,0.33949
0.59981,-0.71466,0.11857,0.33974
0.59946,-0.71487,0.1184,0.33999
0.59909,-0.71514,0.11811,0.34017
0.59876,-0.71539,0.1178,0.34034
0.59849,-0.71559,0.11756,0.34049
0.59826,-0.71572,0.11741,0.34065
0.59805,-0.7158,0.11731,0.34089
0.59779,-0.71593,0.1171,0.34115
0.59747,-0.71615,0.1167,0.34138
0.5971,-0.71641,0.11611,0.34168
0.59664,-0.71671,0.11527,0.34214
0.59617,-0.717,0.11421,0.34269
0.59581,-0.71724,0.11306,0.34323
0.59559,-0.71741,0.11189,0.34364
0.59542,-0.71761,0.11071,0.3439
0.59524,-0.71787,0.10954,0.34404
0.59508,-0.71809,0.10842,0.34418
0.59509,-0.7182,0.10747,0.34425
0.59526,-0.71823,0.10676,0.34411
0.59555,-0.71824,0.10629,0.34374
0.59589,-0.71823,0.1059,0.34328
0.59627,-0.71815,0.10559,0.3429
0.59659,-0.71805,0.1052,0.34267
0.5968,-0.71799,0.10464,0.3426
0.59688,-0.718,0.10391,0.34264
0.59692,-0.71806,0.10314,0.3427
0.59698,-0.7181,0.1024,0.34272
0.59713,-0.71812,0.1019,0.34256
0.59735,-0.71811,0.10172,0.34225
0.59754,-0.7181,0.10182,0.34191
0.5977,-0.71809,0.10204,0.3416
0.59785,-0.71802,0.10226,0.34143
0.598,-0.71791,0.10244,0.34133
0.5982,-0.71783,0.10254,0.34112
0.59849,-0.71776,0.10253,0.34077
0.5989,-0.71759,0.10242,0.34043
0.59944,-0.71729,0.10231,0.34014
0.60022,-0.71682,0.1025,0.3397
0.60116,-0.71628,0.10306,0.33901
0.60209,-0.71575,0.10375,0.33826
0.60295,-0.71524,0.10436,0.33762
0.60378,-0.71471,0.10478,0.33713
0.60459,-0.71418,0.1049,0.33679
0.60529,-0.71372,0.10475,0.33654
0.60589,-0.71335,0.10436,0.33635
0.60653,-0.71294,0.10381,0.33625
0.60723,-0.71245,0.10317,0.33622
0.60801,-0.71188,0.10251,0.33623
0.60886,-0.71124,0.10189,0.33623
0.60977,-0.71052,0.1013,0.33626
0.61067,-0.70974,0.10062,0.3365
0.61138,-0.70897,0.099656,0.33711
0.61197,-0.70818,0.098328,0.33808
0.61259,-0.70735,0.096627,0.3392
0.61327,-0.70651,0.094563,0.34029
0.61397,-0.70577,0.092127,0.34123
0.61472,-0.70511,0.089369,0.34198
0.61559,-0.70441,0.086605,0.34257
0.6166,-0.70364,0.084141,0.34296
0.61766,-0.70285,0.082026,0.34316
0.61864,-0.70216,0.080219,0.34325
0.61943,-0.70164,0.078503,0.34329
0.62003,-0.70129,0.076638,0.34333
0.62048,-0.7011,0.074524,0.34339
0.62076,-0.7011,0.072228,0.34337
0.62091,-0.70126,0.069817,0.34325
0.62102,-0.7015,0.067311,0.34308
0.62113,-0.70171,0.064742,0.34294
0.62125,-0.70186,0.062223,0.34287
0.62129,-0.702,0.059895,0.34294
0.62105,-0.70233,0.057797,0.34306
0.62047,-0.7029,0.055907,0.34325
0.61963,-0.70363,0.054192,0.34356
0.6186,-0.70446,0.052592,0.34395
0.61745,-0.7054,0.051062,0.34432
0.61622,-0.70638,0.049541,0.34474
0.61495,-0.70736,0.048019,0.34522
0.61361,-0.7084,0.046578,0.34566
0.61221,-0.70952,0.045255,0.34603
0.61072,-0.71072,0.043989,0.34637
0.60912,-0.712,0.042742,0.34669
0.60741,-0.71339,0.041512,0.34699
0.60559,-0.71484,0.040269,0.34733
0.60358,-0.71639,0.038947,0.34781
0.60131,-0.71803,0.037366,0.3485
0.59878,-0.71978,0.035169,0.34949
0.59609,-0.72157,0.032195,0.35067
0.59345,-0.72335,0.028556,0.35181
0.59094,-0.72507,0.024365,0.3528
0.58857,-0.72673,0.019798,0.35363
0.58639,-0.72832,0.015059,0.35423
0.58451,-0.72979,0.01051,0.35445
0.58319,-0.73111,0.0065375,0.35401
0.5824,-0.73232,0.0032774,0.35286
0.58206,-0.73345,0.00063611,0.35109
0.5819,-0.73455,-0.0016593,0.34903
0.58175,-0.73567,-0.0037478,0.34691
0.58138,-0.73687,-0.0057894,0.34494
0.58081,-0.73814,-0.0077902,0.34316
0.58019,-0.73937,-0.0096648,0.34149
0.57962,-0.74053,-0.011446,0.3399
0.57912,-0.74157,-0.013233,0.33841
0.57875,-0.74243,-0.015103,0.33708
0.57851,-0.7431,-0.017121,0.33591
0.57835,-0.74365,-0.019306,0.33483
0.57826,-0.74417,-0.021547,0.33372
0.57821,-0.74468,-0.023718,0.3325
0.5782,-0.74526,-0.025655,0.33109
0.57822,-0.7459,-0.027196,0.32948
0.57826,-0.74662,-0.028112,0.3277
0.57828,-0.74736,-0.028481,0.32593
0.57828,-0.74811,-0.028458,0.32421
0.57822,-0.74887,-0.028138,0.3226
0.57808,-0.74963,-0.027647,0.32111
0.57786,-0.75042,-0.026987,0.31974
0.57755,-0.75122,-0.026033,0.31848
0.5772,-0.75201,-0.024799,0.31734
0.57683,-0.75275,-0.023156,0.31638
0.57647,-0.75342,-0.021183,0.31559
0.57608,-0.75399,-0.018953,0.31506
0.57562,-0.75449,-0.016601,0.31485
0.5751,-0.7549,-0.014237,0.31492
0.57455,-0.75524,-0.011891,0.31521
0.57402,-0.75551,-0.0095405,0.31561
0.57353,-0.75574,-0.0072229,0.31602
0.57314,-0.75588,-0.004951,0.31643
0.57288,-0.75591,-0.0026554,0.31686
0.57274,-0.75585,-0.00026447,0.31725
0.57271,-0.75577,0.0022482,0.31752
0.57279,-0.75564,0.0048522,0.31764
0.57294,-0.75547,0.0074611,0.31773
0.57311,-0.75527,0.010015,0.31782
0.57326,-0.75507,0.012478,0.31792
0.57344,-0.75485,0.014775,0.31803
0.57371,-0.75457,0.016798,0.3181
0.57408,-0.75425,0.018434,0.31813
0.57453,-0.75386,0.019661,0.31817
0.57503,-0.75341,0.020542,0.31826
0.57554,-0.75294,0.021178,0.31842
0.57603,-0.75242,0.021649,0.31872
0.57647,-0.75189,0.022064,0.31916
0.57685,-0.75136,0.022482,0.31968
0.5772,-0.75085,0.022957,0.32021
0.57754,-0.75038,0.023524,0.32067
0.57794,-0.74991,0.024181,0.32098
0.57843,-0.74945,0.024949,0.32113
0.57902,-0.74898,0.025963,0.32107
0.57975,-0.74853,0.027342,0.3207
0.58067,-0.74804,0.029105,0.32002
0.58181,-0.74747,0.031309,0.31908
0.58311,-0.74682,0.033897,0.31796
0.58445,-0.74618,0.036689,0.3167
0.58577,-0.74556,0.039458,0.31538
0.58704,-0.74496,0.042,0.31411
0.58821,-0.74436,0.044189,0.31302
0.58928,-0.74374,0.046059,0.31221
0.59027,-0.74304,0.047712,0.31177
0.59122,-0.74214,0.049119,0.31189
0.5921,-0.74103,0.050177,0.3127
0.5929,-0.73973,0.050852,0.31414
0.59376,-0.7382,0.051204,0.31604
0.59488,-0.73643,0.051462,0.31804
0.59633,-0.73446,0.05181,0.31981
0.59799,-0.73248,0.052393,0.32115
0.59965,-0.73057,0.053189,0.32227
0.60113,-0.72884,0.054403,0.32323
0.60234,-0.72725,0.056017,0.32427
0.60324,-0.72578,0.057913,0.32555
0.60384,-0.72438,0.05991,0.32719
0.60423,-0.72303,0.061797,0.32911
0.60456,-0.72173,0.063533,0.33102
0.60499,-0.72048,0.064988,0.33268
0.60552,-0.71926,0.066211,0.33411
0.60615,-0.71805,0.067311,0.33535
0.60684,-0.71685,0.068438,0.33644
0.60757,-0.71565,0.069723,0.33739
0.60837,-0.71442,0.071225,0.33825
0.60913,-0.7132,0.072853,0.33912
0.6098,-0.71202,0.074481,0.34005
0.61033,-0.71091,0.076012,0.34107
0.61073,-0.70988,0.077389,0.34218
0.61098,-0.70899,0.07866,0.34329
0.61122,-0.70819,0.080043,0.3442
0.61158,-0.70735,0.081647,0.34491
0.61205,-0.70645,0.083568,0.34546
0.61253,-0.70555,0.08587,0.34588
0.61288,-0.70476,0.088505,0.34619
0.61302,-0.70417,0.091307,0.34642
0.61285,-0.70383,0.094018,0.34669
0.61254,-0.70361,0.096534,0.34701
0.61222,-0.70341,0.098951,0.34729
0.61191,-0.70327,0.10144,0.3474
0.61154,-0.70327,0.10422,0.34723
0.61097,-0.70348,0.10728,0.34688
0.6101,-0.70392,0.11049,0.34651
0.60893,-0.70453,0.11365,0.34629
0.60756,-0.70523,0.11654,0.34633
0.60596,-0.70602,0.11899,0.34669
0.60421,-0.7069,0.12099,0.34726
0.6024,-0.70782,0.12269,0.34792
0.6006,-0.70871,0.12426,0.34868
0.59881,-0.70951,0.12585,0.34954
0.59698,-0.7103,0.12746,0.35049
0.59499,-0.71116,0.12897,0.35156
0.59292,-0.7121,0.13037,0.35265
0.59085,-0.71309,0.13174,0.35362
0.58881,-0.71413,0.13317,0.3544
0.58685,-0.71522,0.13464,0.35486
0.58506,-0.71636,0.13609,0.35499
0.58356,-0.71737,0.13736,0.35493
0.58229,-0.71828,0.13845,0.35475
0.58116,-0.71913,0.13934,0.35452
0.58008,-0.71994,0.14001,0.35438
0.57896,-0.72071,0.14002,0.35464
0.57775,-0.72147,0.1392,0.3554
0.57654,-0.7221,0.13739,0.35679
0.57549,-0.72253,0.13478,0.35859
0.57489,-0.7228,0.13169,0.36016
0.57466,-0.72308,0.12852,0.36113
0.57491,-0.72346,0.1258,0.36092
0.57541,-0.72386,0.12378,0.36
0.57605,-0.72407,0.12259,0.35898
0.57674,-0.72389,0.12222,0.35836
0.57742,-0.72338,0.12233,0.35825
0.57798,-0.72269,0.12263,0.35864
0.57845,-0.72192,0.12276,0.35939
0.57895,-0.72115,0.12256,0.3602
0.57954,-0.72049,0.12204,0.36075
0.58024,-0.71993,0.12136,0.36098
0.58101,-0.7194,0.12062,0.36103
0.58165,-0.71898,0.11993,0.36106
0.58212,-0.71865,0.11936,0.36114
0.5825,-0.71837,0.11894,0.36125
0.58282,-0.71811,0.11871,0.36131
0.58304,-0.71798,0.11873,0.36121
0.58312,-0.71801,0.11897,0.36093
0.58318,-0.718,0.11949,0.36068
0.58325,-0.71789,0.12024,0.36056
0.58329,-0.71767,0.12105,0.36065
0.58331,-0.71739,0.12176,0.36093
0.5833,-0.71707,0.12225,0.36143
0.58324,-0.71675,0.12252,0.36207
0.58318,-0.71646,0.12264,0.36269
0.58318,-0.71615,0.12265,0.36331
0.58325,-0.71577,0.12254,0.36399
0.58339,-0.7153,0.12226,0.36475
0.58366,-0.71476,0.12181,0.36555
0.58402,-0.71415,0.12123,0.36635
0.58443,-0.71352,0.12051,0.36715
0.58489,-0.71287,0.11973,0.36794
0.58547,-0.71216,0.119,0.36865
0.58614,-0.71137,0.11833,0.36932
0.58691,-0.7105,0.11772,0.36995
0.58784,-0.70962,0.11727,0.37031
0.5889,-0.70876,0.11699,0.37037
0.59,-0.70791,0.11665,0.37034
0.59107,-0.70708,0.1162,0.37038
0.5921,-0.70621,0.11567,0.37055
0.59311,-0.70526,0.11506,0.37093
0.59411,-0.70424,0.11419,0.37154
0.59514,-0.70321,0.11315,0.37217
0.5962,-0.70219,0.11193,0.37275
0.59725,-0.70122,0.11077,0.37325
0.59831,-0.70027,0.10988,0.3736
0.59935,-0.6994,0.10948,0.37367
0.60022,-0.69873,0.10951,0.37353
0.60077,-0.69826,0.10972,0.37345
0.60091,-0.69793,0.1098,0.37383
0.60077,-0.6976,0.10957,0.37473
0.60054,-0.69725,0.10914,0.37588
0.60034,-0.69694,0.10865,0.37692
0.6003,-0.69659,0.10823,0.37774
0.60043,-0.69618,0.10802,0.37835
0.60065,-0.69574,0.1081,0.37878
0.60091,-0.69534,0.10845,0.379
0.6012,-0.69504,0.10892,0.37896
0.60159,-0.69483,0.10949,0.37858
0.60221,-0.69468,0.11027,0.37762
0.60313,-0.69454,0.11127,0.37611
0.60458,-0.69401,0.11229,0.37446
0.60697,-0.69259,0.11351,0.37287
0.61063,-0.69017,0.11586,0.37064
0.61567,-0.68695,0.12022,0.36687
0.62202,-0.68307,0.12651,0.36125
0.63021,-0.67794,0.13489,0.3536
0.64019,-0.67096,0.14578,0.34456
0.65155,-0.66176,0.16021,0.33451
0.66397,-0.65007,0.17967,0.32291
0.67495,-0.63761,0.20908,0.30688
0.67827,-0.62897,0.24974,0.28633
0.67195,-0.62375,0.29124,0.27312
0.6707,-0.61615,0.30916,0.27374
0.67932,-0.60175,0.30497,0.28882
0.69029,-0.58511,0.29138,0.31023
0.69618,-0.57025,0.28326,0.33154
0.69877,-0.5554,0.28294,0.35098
0.69869,-0.54192,0.28785,0.36781
0.69511,-0.53032,0.29646,0.3843
0.68768,-0.51949,0.30784,0.40307
0.67608,-0.50838,0.32043,0.42637
0.65666,-0.49718,0.33537,0.45731
0.6279,-0.4871,0.35151,0.49489
0.59149,-0.4806,0.36308,0.53604
0.5489,-0.47259,0.35356,0.59192
0.53508,-0.42734,0.2742,0.67519
0.49873,-0.41953,0.24756,0.71692
0.50173,-0.42953,0.24632,0.70929
0.54257,-0.4246,0.24581,0.68184
0.55395,-0.46893,0.27658,0.62988
0.54257,-0.51241,0.31267,0.58762
0.53348,-0.52908,0.32112,0.57651
0.52519,-0.56335,0.3162,0.55392
0.53093,-0.57371,0.30723,0.54276
0.54847,-0.54827,0.29077,0.56039
0.57589,-0.52314,0.2471,0.57759
0.60387,-0.51691,0.18077,0.57919
0.61672,-0.53734,0.13358,0.55953
0.62197,-0.571,0.10862,0.5247
0.62987,-0.59571,0.088435,0.49048
0.64056,-0.60972,0.077847,0.46029
0.64575,-0.62816,0.097628,0.42295
0.64094,-0.6517,0.13523,0.38236
0.62912,-0.67214,0.17028,0.35134
0.61694,-0.68656,0.19312,0.33276
0.60794,-0.69692,0.20356,0.32137
0.60399,-0.70363,0.20111,0.31568
0.6051,-0.70636,0.18864,0.31516
0.60719,-0.70751,0.17404,0.31695
0.60667,-0.70965,0.16278,0.31914
0.6039,-0.71248,0.15478,0.32205
0.59973,-0.71489,0.14924,0.32709
0.59526,-0.7158,0.14489,0.33511
0.5909,-0.71521,0.14129,0.34547
0.58659,-0.71401,0.1377,0.35656
0.58255,-0.71298,0.13318,0.36682
0.57962,-0.7126,0.1282,0.37391
0.57838,-0.7131,0.12502,0.37595
0.57841,-0.7144,0.12485,0.37346
0.57902,-0.71605,0.12726,0.36853
0.57948,-0.71745,0.13075,0.36383
0.57934,-0.71846,0.13455,0.36066
0.57814,-0.71922,0.13828,0.35967
0.5759,-0.71998,0.14161,0.36044
0.57308,-0.7208,0.1444,0.36219
0.5704,-0.7216,0.14656,0.36394
0.56843,-0.72239,0.14816,0.36481
0.56756,-0.7232,0.14914,0.36416
0.56758,-0.72407,0.14963,0.36219
0.5681,-0.72497,0.15001,0.3594
0.5689,-0.72573,0.15067,0.35632
0.56978,-0.72628,0.15168,0.35335
0.57046,-0.72661,0.15328,0.35088
0.57073,-0.72686,0.15514,0.3491
0.57058,-0.72697,0.15663,0.34845
0.57012,-0.72689,0.15712,0.34916
0.56952,-0.72662,0.15634,0.35103
0.56891,-0.72626,0.15468,0.3535
0.56839,-0.72589,0.15215,0.35618
0.56807,-0.72555,0.14934,0.35856
0.56806,-0.72517,0.1466,0.36047
0.56842,-0.7247,0.14426,0.3618
0.56899,-0.72431,0.14266,0.36233
0.56965,-0.7241,0.14199,0.36195
0.57039,-0.72408,0.14241,0.36068
0.57115,-0.72415,0.14353,0.35889
0.57185,-0.72427,0.14506,0.3569
0.57237,-0.72448,0.14677,0.35494
0.57264,-0.72473,0.14823,0.35337
0.57276,-0.72493,0.14901,0.35244
0.57283,-0.72508,0.14921,0.35193
0.57299,-0.72512,0.14901,0.35169
0.57334,-0.72493,0.14857,0.35169
0.57391,-0.72453,0.14804,0.35181
0.57457,-0.72408,0.14763,0.35182
0.57525,-0.72368,0.14735,0.35165
0.57588,-0.72333,0.14703,0.35149
0.57646,-0.72308,0.1466,0.35124
0.57703,-0.72295,0.14617,0.35074
0.57765,-0.72294,0.14578,0.34989
0.57834,-0.72297,0.14535,0.34888
0.57906,-0.72288,0.14487,0.34806
0.57975,-0.72266,0.14437,0.34757
0.58035,-0.72238,0.14379,0.34739
0.58081,-0.72212,0.14301,0.34749
0.58109,-0.72198,0.14191,0.34777
0.58125,-0.72193,0.14046,0.34818
0.58136,-0.72195,0.13886,0.34861
0.58144,-0.72198,0.13735,0.34902
0.58152,-0.72201,0.1361,0.34931
0.58166,-0.72204,0.13516,0.34938
0.58188,-0.72202,0.13454,0.34929
0.58213,-0.72194,0.13412,0.3492
0.58232,-0.72183,0.13394,0.34918
0.58245,-0.72167,0.13393,0.3493
0.58249,-0.7215,0.13393,0.34958
0.5824,-0.72141,0.13376,0.34998
0.58221,-0.72144,0.13339,0.35037
0.58198,-0.7216,0.13291,0.35062
0.58173,-0.72182,0.13248,0.35073
0.58159,-0.72201,0.13231,0.35063
0.58144,-0.72218,0.13241,0.3505
0.58117,-0.72231,0.13264,0.3506
0.58075,-0.72235,0.13287,0.35111
0.58018,-0.72237,0.133,0.35197
0.57947,-0.72243,0.133,0.35302
0.57878,-0.72255,0.13286,0.35394
0.57824,-0.72272,0.13259,0.3546
0.57775,-0.72296,0.13224,0.35503
0.57722,-0.72332,0.13187,0.35531
0.57666,-0.72374,0.13158,0.35546
0.57614,-0.72413,0.13148,0.35555
0.57567,-0.72443,0.13169,0.35563
0.57517,-0.72466,0.13215,0.35578
0.57468,-0.72479,0.13273,0.35611
0.57423,-0.72481,0.13328,0.35657
0.57383,-0.72481,0.13377,0.35704
0.57356,-0.7248,0.13426,0.35732
0.57343,-0.72478,0.13478,0.35735
0.5734,-0.72476,0.13539,0.35721
0.57341,-0.72472,0.1361,0.357
0.57343,-0.72466,0.13693,0.35679
0.57343,-0.72457,0.13774,0.35667
0.57347,-0.72445,0.13837,0.35661
0.57362,-0.72429,0.13871,0.35655
0.57391,-0.72405,0.13877,0.35654
0.5743,-0.72377,0.13861,0.35653
0.5748,-0.72348,0.13835,0.35642
0.57537,-0.72319,0.13816,0.35617
0.57591,-0.72292,0.13803,0.3559
0.57635,-0.7227,0.13781,0.35572
0.57677,-0.72247,0.13735,0.35567
0.5773,-0.72221,0.13661,0.35563
0.57798,-0.72202,0.13572,0.35526
0.57882,-0.722,0.13491,0.35425
0.57983,-0.72207,0.13437,0.35264
0.58098,-0.7221,0.13412,0.35078
0.58225,-0.72201,0.1343,0.34877
0.58358,-0.72185,0.13489,0.34666
0.58493,-0.72161,0.13585,0.3445
0.58616,-0.72132,0.13699,0.34256
0.58714,-0.7211,0.13788,0.34098
0.58797,-0.72097,0.13842,0.33961
0.58883,-0.72084,0.13861,0.33833
0.58976,-0.72067,0.13862,0.33704
0.59072,-0.72052,0.13864,0.33568
0.59165,-0.72042,0.13882,0.33418
0.59252,-0.72038,0.13914,0.33259
0.59336,-0.72031,0.13958,0.33106
0.59421,-0.72012,0.1401,0.32971
0.595,-0.71986,0.14068,0.32862
0.59563,-0.71955,0.14118,0.32792
0.59619,-0.71919,0.14139,0.32761
0.59671,-0.71877,0.14114,0.32771
0.59723,-0.71825,0.14019,0.3283
0.59779,-0.71766,0.1389,0.32912
0.59845,-0.71698,0.13745,0.33002
0.59926,-0.71622,0.13594,0.33081
0.60023,-0.71542,0.1345,0.33137
0.6013,-0.71462,0.13319,0.3317
0.60242,-0.71382,0.13202,0.33186
0.60346,-0.71306,0.13092,0.33203
0.6044,-0.71236,0.12984,0.33225
0.60528,-0.71166,0.12864,0.33261
0.6061,-0.711,0.12718,0.33308
0.60688,-0.71043,0.1255,0.33351
0.60769,-0.70994,0.12375,0.33374
0.60858,-0.70947,0.122,0.33377
0.60946,-0.70904,0.12033,0.33367
0.61028,-0.70871,0.11875,0.33344
0.61099,-0.70852,0.11727,0.33306
0.61154,-0.70848,0.11581,0.33267
0.61192,-0.70852,0.1142,0.33242
0.61212,-0.70866,0.11242,0.33237
0.6122,-0.70884,0.11054,0.33247
0.61226,-0.70902,0.10863,0.33261
0.61234,-0.70921,0.10668,0.33269
0.61247,-0.7094,0.1047,0.33268
0.61263,-0.7096,0.10283,0.33254
0.61278,-0.70981,0.10104,0.33234
0.61288,-0.71004,0.099277,0.33222
0.61284,-0.71031,0.09746,0.33224
0.61263,-0.71069,0.095548,0.33237
0.61226,-0.71115,0.093391,0.33269
0.61186,-0.7116,0.091046,0.33311
0.61146,-0.71205,0.088591,0.33354
0.6111,-0.7125,0.086212,0.33388
0.61072,-0.71296,0.084032,0.33415
0.61022,-0.71347,0.082013,0.33445
0.60961,-0.71405,0.080099,0.33479
0.60889,-0.7147,0.078266,0.33517
0.60806,-0.71539,0.07645,0.33561
0.60715,-0.71613,0.074584,0.33611
0.60602,-0.71701,0.072516,0.33671
0.60461,-0.71809,0.070187,0.33743
0.60306,-0.71929,0.067666,0.33819
0.60143,-0.72055,0.06482,0.33894
0.59984,-0.72176,0.061673,0.33977
0.59828,-0.72293,0.05824,0.34065
0.59673,-0.72411,0.054577,0.34147
0.59517,-0.72536,0.050819,0.34211
0.59364,-0.72664,0.047063,0.34259
0.59212,-0.72788,0.043335,0.34308
0.59056,-0.72908,0.039672,0.34367
0.58897,-0.73026,0.036145,0.34429
0.58742,-0.73141,0.032842,0.34481
0.58601,-0.73254,0.029832,0.34509
0.58479,-0.73357,0.02704,0.34519
0.58376,-0.73444,0.024417,0.34528
0.58275,-0.73529,0.021956,0.34534
0.58172,-0.73616,0.019691,0.34536
0.5807,-0.73704,0.017586,0.34533
0.57978,-0.73787,0.015636,0.34519
0.57909,-0.73864,0.013928,0.34478
0.57864,-0.73933,0.012462,0.3441
0.57841,-0.73993,0.01122,0.34325
0.57834,-0.74045,0.010207,0.34227
0.57843,-0.7409,0.0094687,0.34118
0.57859,-0.74129,0.0089503,0.34006
0.57872,-0.74169,0.0085417,0.33898
0.57876,-0.74214,0.0081785,0.33794
0.57871,-0.74265,0.0078357,0.3369
0.57857,-0.74323,0.0074974,0.33586
0.57839,-0.74385,0.0072241,0.33481
0.57823,-0.74448,0.0071393,0.33369
0.57812,-0.74511,0.0073351,0.33247
0.57802,-0.74577,0.00785,0.33114
0.57793,-0.74647,0.0087098,0.32972
0.57783,-0.74717,0.0099414,0.32825
0.57768,-0.7479,0.011523,0.3268
0.57741,-0.74866,0.013375,0.32547
0.57704,-0.74934,0.015363,0.32446
0.57663,-0.74992,0.017343,0.32377
0.57613,-0.75038,0.019214,0.32347
0.57556,-0.75081,0.020993,0.32338
0.57496,-0.75119,0.022747,0.32343
0.57438,-0.75151,0.024553,0.3236
0.57389,-0.75174,0.026457,0.32378
0.5736,-0.75184,0.028605,0.32389
0.57347,-0.75185,0.030998,0.32387
0.57351,-0.75175,0.033553,0.32378
0.57367,-0.75157,0.03622,0.32363
0.5739,-0.75133,0.038986,0.32344
0.57415,-0.75107,0.041822,0.32326
0.57441,-0.75076,0.044789,0.32311
0.57467,-0.7504,0.047857,0.32305
0.57496,-0.74996,0.05093,0.32308
0.57534,-0.74943,0.053899,0.32316
0.57577,-0.74886,0.056737,0.32325
0.57625,-0.74826,0.059413,0.32329
0.57684,-0.74761,0.061899,0.32326
0.57758,-0.74691,0.06428,0.3231
0.57846,-0.74617,0.066624,0.32277
0.57942,-0.74538,0.068948,0.32237
0.58044,-0.74454,0.071274,0.32197
0.58154,-0.74364,0.073642,0.32155
0.58275,-0.74269,0.076012,0.321
0.58404,-0.74176,0.078279,0.32025
0.5854,-0.74087,0.080357,0.31933
0.58683,-0.74001,0.082105,0.31822
0.58834,-0.73918,0.083605,0.31698
0.58989,-0.73832,0.085122,0.31571
0.59141,-0.73745,0.086832,0.31444
0.59294,-0.73655,0.088768,0.31311
0.59454,-0.73563,0.090881,0.31164
0.59624,-0.73469,0.093123,0.30994
0.59792,-0.73389,0.095373,0.30791
0.59946,-0.7333,0.097478,0.30564
0.60081,-0.73286,0.099432,0.30341
0.60196,-0.73245,0.10131,0.30149
0.60287,-0.73199,0.10313,0.30017
0.60354,-0.73136,0.10482,0.29977
0.60401,-0.73051,0.10619,0.3004
0.60439,-0.72948,0.10683,0.30193
0.60475,-0.72839,0.10681,0.30383
0.60517,-0.72727,0.10588,0.30599
0.60575,-0.72609,0.10443,0.30813
0.60657,-0.7248,0.10301,0.31005
0.60756,-0.7234,0.10217,0.31165
0.60855,-0.72204,0.10236,0.31281
0.60945,-0.72073,0.10335,0.31375
0.61018,-0.71948,0.10511,0.31462
0.61072,-0.7183,0.10734,0.31552
0.61109,-0.71721,0.10972,0.31645
0.61137,-0.71619,0.112,0.31742
0.61161,-0.71519,0.11416,0.31843
0.61186,-0.71421,0.1162,0.31942
0.61214,-0.71322,0.11822,0.32035
0.61251,-0.71216,0.12029,0.32123
0.61297,-0.71101,0.12245,0.32207
0.61342,-0.70991,0.1247,0.32279
0.6138,-0.70893,0.12698,0.32333
0.61414,-0.70805,0.12905,0.3238
0.61445,-0.70722,0.13088,0.32428
0.61475,-0.70642,0.13265,0.32474
0.61508,-0.70561,0.13445,0.32515
0.61545,-0.70475,0.13626,0.32555
0.61585,-0.70385,0.13802,0.326
0.61623,-0.70295,0.13978,0.32646
0.61652,-0.70218,0.14157,0.32682
0.61675,-0.70147,0.14336,0.32711
0.61695,-0.70084,0.14514,0.32732
0.61708,-0.70033,0.14703,0.3273
0.61715,-0.69997,0.14907,0.32702
0.61714,-0.69975,0.15107,0.32659
0.61711,-0.69959,0.15283,0.32618
0.61709,-0.69945,0.15428,0.32583
0.61712,-0.6993,0.15545,0.32553
0.61721,-0.69915,0.15639,0.32525
0.61739,-0.69895,0.15721,0.32495
0.6176,-0.69872,0.1581,0.32459
0.61777,-0.69852,0.15919,0.32416
0.6179,-0.69837,0.16047,0.32363
0.61792,-0.69829,0.16207,0.32294
0.61787,-0.69828,0.16382,0.32219
0.61774,-0.69828,0.16543,0.32161
0.61755,-0.69829,0.16678,0.32126
0.61731,-0.69834,0.16786,0.32105
0.61707,-0.69842,0.16868,0.32092
0.61686,-0.69851,0.16895,0.32097
0.61662,-0.69864,0.16875,0.32126
0.61626,-0.69889,0.16803,0.32177
0.61586,-0.6992,0.16701,0.32239
0.6154,-0.69961,0.16557,0.32314
0.61484,-0.70004,0.1637,0.32423
0.61435,-0.70039,0.16128,0.32559
0.61443,-0.70053,0.15858,0.32648
0.61519,-0.70047,0.15629,0.32628
0.6163,-0.70043,0.15469,0.32503
0.61725,-0.70057,0.15375,0.32337
0.6179,-0.70067,0.15357,0.322
0.61824,-0.70058,0.15453,0.32107
0.6184,-0.70022,0.15661,0.32056
0.61853,-0.69975,0.15884,0.32022
0.61859,-0.69946,0.16057,0.31987
0.61863,-0.69948,0.16158,0.31924
0.61878,-0.69971,0.16206,0.31821
0.61918,-0.69991,0.16249,0.31677
0.61986,-0.6999,0.16311,0.31514
0.62069,-0.6997,0.16393,0.31352
0.6215,-0.69947,0.16488,0.31193
0.62228,-0.69928,0.16601,0.31019
0.62294,-0.6993,0.16713,0.30821
0.6235,-0.69956,0.16783,0.3061
0.62405,-0.69993,0.16801,0.30403
0.62472,-0.70018,0.16788,0.30214
0.6257,-0.70005,0.16755,0.30058
0.62689,-0.69965,0.16716,0.29926
0.62825,-0.69903,0.16666,0.29812
0.62974,-0.69831,0.16604,0.29701
0.63136,-0.69753,0.16526,0.29585
0.63311,-0.69667,0.16437,0.29461
0.63516,-0.69563,0.16345,0.29318
0.63753,-0.69435,0.16263,0.29152
0.64015,-0.6929,0.16197,0.28959
0.64289,-0.6914,0.16142,0.2874
0.64565,-0.68989,0.16072,0.28525
0.64845,-0.68828,0.15951,0.28346
0.65145,-0.68638,0.15768,0.2822
0.65463,-0.68425,0.15555,0.28119
0.65784,-0.68222,0.1535,0.27975
0.6611,-0.68046,0.15168,0.27733
0.66454,-0.67883,0.15023,0.27386
0.66828,-0.67708,0.14913,0.26967
0.67248,-0.67498,0.14843,0.26485
0.67701,-0.67272,0.14826,0.25908
0.68174,-0.6705,0.1485,0.25222
0.68655,-0.66838,0.14893,0.24441
0.69131,-0.6664,0.14939,0.23597
0.69588,-0.66459,0.14964,0.22734
0.70024,-0.66285,0.14954,0.21895
0.70447,-0.66113,0.14887,0.21088
0.70871,-0.65935,0.14774,0.20288
0.71303,-0.65747,0.14636,0.19467
0.71735,-0.65558,0.14504,0.18598
0.72158,-0.65374,0.14393,0.17671
0.72566,-0.65203,0.14297,0.16683
0.72964,-0.65032,0.14214,0.15654
0.73359,-0.64841,0.14164,0.14609
0.73737,-0.64637,0.14164,0.13576
0.74075,-0.64444,0.14183,0.12593
0.74391,-0.64253,0.14194,0.11664
0.74695,-0.64055,0.14175,0.10806
0.74991,-0.63852,0.14122,0.099897
0.75277,-0.63655,0.1404,0.091824
0.7555,-0.63472,0.13907,0.083741
0.75809,-0.63305,0.13719,0.075654
0.76049,-0.6316,0.13485,0.067525
0.76258,-0.63044,0.13229,0.059315
