0.72479,0.68664,0.041027,-0.038997
0.72457,0.68687,0.041014,-0.039012
0.72439,0.68707,0.041023,-0.038982
0.72426,0.6872,0.041035,-0.038946
0.72418,0.68729,0.041059,-0.038915
0.72412,0.68735,0.041097,-0.038888
0.72404,0.68743,0.041163,-0.038862
0.72394,0.68753,0.041271,-0.038832
0.72383,0.68764,0.041419,-0.038793
0.72373,0.68774,0.041601,-0.038744
0.72365,0.68781,0.041782,-0.038693
0.72362,0.68784,0.041928,-0.038645
0.72362,0.68784,0.042022,-0.038605
0.72364,0.68781,0.04207,-0.038581
0.72367,0.68778,0.042097,-0.038562
0.72369,0.68776,0.042124,-0.038529
0.7237,0.68774,0.042174,-0.038489
0.72371,0.68774,0.042235,-0.038453
0.72371,0.68773,0.042296,-0.038412
0.72371,0.68773,0.042353,-0.038366
0.72372,0.68772,0.04239,-0.038329
0.72374,0.6877,0.042415,-0.0383
0.72379,0.68765,0.042447,-0.038265
0.7239,0.68753,0.042506,-0.038217
0.72408,0.68734,0.042593,-0.038155
0.72434,0.68707,0.042682,-0.038093
0.72462,0.68677,0.042721,-0.038075
0.72492,0.68645,0.042757,-0.038061
0.72514,0.68622,0.042782,-0.038019
0.72535,0.686,0.042765,-0.037985
0.72558,0.68576,0.042745,-0.037945
0.72578,0.68555,0.042769,-0.037881
0.72593,0.68539,0.042821,-0.037871
0.72604,0.68527,0.042875,-0.037904
0.72607,0.68523,0.042916,-0.037959
0.72608,0.68522,0.042922,-0.038036
0.72608,0.68522,0.042886,-0.038142
0.72608,0.68521,0.042831,-0.038247
0.72611,0.68518,0.042771,-0.038341
0.72614,0.68514,0.042718,-0.038404
0.72618,0.68509,0.042688,-0.038462
0.72622,0.68506,0.042666,-0.038516
0.72623,0.68504,0.042618,-0.038572
0.72625,0.68503,0.04256,-0.038635
0.72625,0.68503,0.042502,-0.038699
0.72625,0.68503,0.042461,-0.038766
0.72625,0.68502,0.042436,-0.038819
0.72626,0.685,0.042456,-0.038864
0.72628,0.68498,0.042485,-0.038893
0.7263,0.68496,0.042498,-0.038908
0.72632,0.68493,0.042492,-0.038924
0.72636,0.68489,0.042464,-0.038947
0.72642,0.68483,0.042409,-0.038983
0.7265,0.68474,0.042345,-0.03903
0.72659,0.68466,0.042305,-0.039072
0.72666,0.68458,0.042285,-0.039121
0.72674,0.68449,0.042281,-0.039175
0.72681,0.68442,0.042293,-0.039218
0.72687,0.68435,0.042307,-0.039253
0.72691,0.6843,0.04231,-0.039282
0.72695,0.68426,0.04229,-0.039313
0.72698,0.68423,0.042269,-0.039335
0.72699,0.68421,0.04227,-0.039355
0.72699,0.68422,0.04229,-0.039393
0.72694,0.68426,0.042321,-0.03945
0.72688,0.68432,0.042354,-0.039518
0.72679,0.6844,0.042372,-0.039588
0.72665,0.68455,0.04239,-0.039653
0.72643,0.68478,0.042429,-0.03969
0.72616,0.68507,0.042466,-0.039716
0.72588,0.68535,0.042438,-0.039809
0.72567,0.68558,0.04237,-0.039929
0.72548,0.68577,0.042336,-0.040011
0.72531,0.68595,0.042334,-0.040039
0.7252,0.68607,0.042308,-0.040047
0.72514,0.68614,0.042266,-0.040046
0.72509,0.68619,0.042238,-0.040038
0.72505,0.68623,0.042248,-0.040015
0.72498,0.6863,0.042306,-0.039987
0.72489,0.68639,0.042428,-0.039957
0.72479,0.6865,0.042595,-0.039921
0.72468,0.6866,0.042785,-0.03988
0.72459,0.68668,0.042969,-0.039846
0.72452,0.68675,0.043121,-0.039827
0.72448,0.68679,0.043202,-0.039827
0.72447,0.6868,0.043228,-0.039846
0.72447,0.6868,0.043223,-0.03987
0.72446,0.6868,0.043232,-0.039876
0.72446,0.6868,0.043272,-0.039865
0.72447,0.68679,0.043355,-0.039844
0.72448,0.68678,0.043455,-0.039817
0.72449,0.68676,0.04354,-0.039797
0.72451,0.68673,0.043589,-0.039799
0.72455,0.68669,0.043601,-0.039808
0.7246,0.68663,0.043606,-0.039811
0.72474,0.68649,0.043627,-0.039775
0.72494,0.68627,0.043674,-0.039703
0.7252,0.68601,0.043712,-0.039645
0.72549,0.6857,0.043734,-0.039618
0.72576,0.68541,0.043784,-0.039582
0.72599,0.68517,0.043852,-0.039539
0.72622,0.68492,0.043909,-0.03951
0.72647,0.68465,0.043985,-0.039476
0.7267,0.6844,0.044079,-0.039459
0.7269,0.68418,0.044166,-0.039485
0.72702,0.68405,0.044238,-0.039533
0.72709,0.68396,0.044275,-0.039589
0.72713,0.68392,0.044243,-0.039648
0.72716,0.68389,0.044167,-0.039713
0.7272,0.68386,0.044077,-0.039789
0.72724,0.68381,0.043999,-0.039876
0.72728,0.68376,0.04396,-0.039956
0.72732,0.68372,0.04398,-0.040012
0.72733,0.6837,0.044026,-0.040061
0.72734,0.68369,0.044067,-0.040118
0.72733,0.68369,0.044066,-0.040191
0.72731,0.68371,0.044034,-0.040281
0.72729,0.68372,0.043965,-0.040373
0.72729,0.68373,0.0439,-0.040444
0.72728,0.68373,0.043865,-0.040501
0.72729,0.68372,0.043864,-0.040549
0.72731,0.68369,0.043889,-0.0406
0.72735,0.68365,0.043921,-0.040649
0.7274,0.68359,0.043949,-0.04071
0.72748,0.6835,0.043936,-0.040795
0.72756,0.68342,0.043886,-0.040884
0.72761,0.68336,0.043826,-0.040954
0.72766,0.68331,0.043785,-0.041016
0.72771,0.68325,0.043784,-0.041072
0.72776,0.68319,0.043815,-0.04112
0.72781,0.68313,0.043858,-0.041161
0.72784,0.68309,0.0439,-0.041215
0.72786,0.68307,0.043917,-0.04129
0.72785,0.68308,0.043881,-0.041382
0.72779,0.68314,0.043807,-0.041483
0.72771,0.68323,0.043725,-0.041579
0.72763,0.68331,0.04365,-0.041666
0.72748,0.68346,0.043619,-0.041745
0.72724,0.68372,0.043642,-0.041806
0.72694,0.68403,0.043686,-0.04186
0.72661,0.68438,0.04367,-0.041976
0.72633,0.68467,0.043543,-0.042162
0.72612,0.68489,0.04338,-0.042327
0.7259,0.68513,0.04325,-0.042435
0.72574,0.6853,0.043139,-0.04251
0.72566,0.68539,0.043059,-0.042561
0.72561,0.68544,0.043041,-0.042581
0.72557,0.68548,0.043063,-0.042579
0.72553,0.68552,0.043123,-0.042575
0.72546,0.68559,0.04319,-0.042588
0.72538,0.68567,0.043249,-0.042604
0.72531,0.68574,0.043299,-0.042604
0.72525,0.68579,0.043356,-0.042585
0.72523,0.68582,0.043422,-0.042556
0.72525,0.6858,0.043478,-0.042542
0.7253,0.68574,0.043502,-0.042562
0.72536,0.68567,0.043496,-0.042598
0.72543,0.6856,0.043476,-0.042631
0.7255,0.68553,0.043456,-0.042649
0.72557,0.68545,0.043457,-0.042635
0.72566,0.68536,0.043489,-0.042589
0.72575,0.68526,0.043516,-0.042546
0.72583,0.68517,0.043521,-0.042522
0.72592,0.68508,0.043506,-0.042508
0.72603,0.68497,0.043474,-0.042488
0.72617,0.68482,0.043446,-0.042454
0.72641,0.68458,0.043448,-0.042396
0.72669,0.68428,0.043451,-0.042353
0.72702,0.68393,0.043457,-0.042336
0.72735,0.68358,0.043505,-0.042312
0.72761,0.6833,0.043575,-0.042263
0.72787,0.68303,0.04361,-0.042204
0.72812,0.68276,0.043629,-0.042129
0.72836,0.68251,0.043641,-0.042057
0.72855,0.68231,0.043615,-0.042039
0.7287,0.68215,0.043597,-0.04205
0.72879,0.68205,0.043586,-0.04207
0.72887,0.68197,0.043553,-0.042101
0.72895,0.68189,0.043502,-0.04214
0.72902,0.68181,0.043444,-0.04218
0.7291,0.68173,0.043387,-0.04221
0.72917,0.68165,0.043348,-0.04223
0.72923,0.68159,0.043329,-0.042253
0.72927,0.68154,0.043313,-0.042288
0.72931,0.6815,0.0433,-0.042333
0.72933,0.68148,0.043294,-0.042376
0.72933,0.68147,0.043289,-0.042404
0.72933,0.68147,0.043299,-0.042418
0.72932,0.68148,0.04331,-0.042412
0.72932,0.68148,0.043324,-0.042392
0.72933,0.68148,0.043331,-0.042381
0.72933,0.68147,0.043332,-0.0424
0.72935,0.68145,0.043314,-0.042445
0.72939,0.6814,0.043283,-0.042503
0.72944,0.68134,0.043261,-0.042568
0.72951,0.68127,0.043239,-0.042631
0.72956,0.68122,0.043224,-0.042683
0.72958,0.68119,0.043222,-0.042717
0.72961,0.68116,0.043227,-0.042739
0.72962,0.68114,0.043219,-0.042778
0.72964,0.68112,0.043212,-0.042825
0.72963,0.68113,0.043196,-0.042872
0.72962,0.68114,0.043178,-0.04292
0.72959,0.68117,0.043162,-0.042972
0.72953,0.68123,0.043148,-0.043038
0.72945,0.68131,0.043125,-0.043102
0.72937,0.68139,0.043103,-0.043159
0.72926,0.68151,0.04309,-0.043222
0.72905,0.68173,0.043082,-0.043285
0.72876,0.68204,0.043102,-0.043344
0.72841,0.6824,0.043111,-0.043411
0.7281,0.68273,0.043005,-0.043569
0.72788,0.68297,0.042864,-0.043727
0.72765,0.68322,0.042763,-0.043806
0.72745,0.68343,0.042672,-0.043829
0.72733,0.68356,0.042595,-0.043827
0.72724,0.68366,0.042554,-0.043807
0.72717,0.68373,0.04255,-0.043787
0.72712,0.68379,0.042603,-0.043766
0.72703,0.68388,0.042708,-0.043752
0.72693,0.68398,0.042832,-0.043731
0.72683,0.68407,0.042966,-0.043698
0.72676,0.68414,0.043095,-0.04365
0.72672,0.68419,0.0432,-0.0436
0.7267,0.68421,0.043269,-0.043565
0.7267,0.6842,0.04331,-0.043537
0.72671,0.68419,0.043337,-0.043512
0.72672,0.68419,0.043368,-0.04349
0.72672,0.68418,0.04341,-0.043466
0.72672,0.68418,0.043463,-0.043438
0.72671,0.68419,0.043521,-0.043399
0.72671,0.68419,0.043562,-0.043363
0.72671,0.68419,0.043581,-0.043344
0.72672,0.68418,0.043573,-0.043344
0.72675,0.68415,0.043565,-0.043336
0.72682,0.68408,0.04358,-0.043312
0.72696,0.68392,0.04362,-0.043262
0.72717,0.6837,0.043666,-0.043199
0.72743,0.68343,0.043683,-0.043165
0.72771,0.68313,0.0437,-0.043152
0.72795,0.68288,0.043735,-0.043128
0.72818,0.68262,0.043761,-0.043098
0.72845,0.68234,0.043786,-0.04306
0.72873,0.68205,0.043825,-0.043015
0.72896,0.6818,0.043855,-0.043001
0.72914,0.6816,0.04386,-0.043024
0.72926,0.68147,0.043844,-0.043045
0.72933,0.6814,0.043797,-0.043063
0.72938,0.68135,0.043735,-0.04309
0.72942,0.6813,0.043677,-0.043126
0.72946,0.68126,0.043652,-0.043172
0.72951,0.6812,0.043663,-0.043234
0.72956,0.68114,0.043681,-0.043294
0.72959,0.68111,0.043682,-0.043348
0.72961,0.68109,0.043646,-0.043401
0.7296,0.68111,0.043581,-0.04344
0.72958,0.68112,0.043527,-0.043452
0.72956,0.68114,0.043504,-0.043449
0.72955,0.68116,0.043522,-0.04345
0.72954,0.68116,0.043575,-0.043468
0.72955,0.68115,0.043613,-0.043506
0.72955,0.68115,0.04361,-0.043546
0.72955,0.68115,0.043556,-0.043579
0.72957,0.68113,0.043471,-0.043605
0.7296,0.6811,0.043382,-0.043624
0.72965,0.68105,0.0433,-0.043659
0.7297,0.681,0.04323,-0.043735
0.72974,0.68095,0.043178,-0.043836
0.72976,0.68092,0.043146,-0.04393
0.72978,0.68091,0.043126,-0.044001
0.72976,0.68092,0.04309,-0.044023
0.72977,0.68092,0.043021,-0.044017
0.72977,0.68092,0.042921,-0.043995
0.72976,0.68094,0.042786,-0.043983
0.72973,0.68099,0.042587,-0.04401
0.72963,0.68111,0.042315,-0.044115
0.72949,0.68126,0.041993,-0.044273
0.72934,0.68143,0.041648,-0.044433
0.72912,0.68168,0.041331,-0.04459
0.72878,0.68205,0.041095,-0.044667
0.72836,0.68251,0.040954,-0.044674
0.72793,0.68297,0.040798,-0.044722
0.72763,0.6833,0.040563,-0.044798
0.72738,0.68357,0.040424,-0.044797
0.72711,0.68387,0.040357,-0.044756
0.7269,0.6841,0.040274,-0.044719
0.72676,0.68426,0.040177,-0.04469
0.72663,0.6844,0.040092,-0.044658
0.72651,0.68454,0.040027,-0.044583
0.72636,0.6847,0.040014,-0.044458
0.72618,0.6849,0.040066,-0.044297
0.726,0.68511,0.040173,-0.044101
0.72583,0.68529,0.040321,-0.043877
0.72569,0.68544,0.040505,-0.043634
0.7256,0.68554,0.040698,-0.043394
0.72553,0.68562,0.040872,-0.043182
0.72547,0.68569,0.04099,-0.043001
0.72541,0.68575,0.041022,-0.042841
0.72535,0.68583,0.040995,-0.042686
0.72529,0.6859,0.040948,-0.042524
0.72524,0.68597,0.040914,-0.042359
0.7252,0.68603,0.040903,-0.042197
0.72517,0.68606,0.040927,-0.042034
0.72515,0.68609,0.041,-0.041859
0.72514,0.68611,0.041121,-0.041676
0.72514,0.68611,0.041275,-0.041508
0.72518,0.68607,0.041423,-0.041357
0.72532,0.68592,0.041531,-0.041212
0.72551,0.68572,0.041559,-0.041101
0.72574,0.68549,0.041527,-0.041016
0.72598,0.68524,0.041512,-0.040905
0.72617,0.68505,0.041526,-0.040769
0.72633,0.68489,0.041583,-0.040608
0.72649,0.68472,0.041693,-0.040439
0.72661,0.68459,0.041836,-0.040307
0.72667,0.68452,0.041987,-0.04025
0.72663,0.68455,0.042143,-0.040264
0.72654,0.68464,0.042303,-0.040304
0.72641,0.68476,0.042448,-0.040367
0.72628,0.68489,0.042563,-0.04044
0.72615,0.68502,0.042649,-0.040512
0.72603,0.68513,0.042708,-0.040586
0.72593,0.68524,0.042739,-0.040655
0.72582,0.68535,0.042756,-0.040714
0.72571,0.68546,0.042766,-0.040783
0.7256,0.68557,0.042772,-0.040863
0.72549,0.68568,0.042789,-0.040933
0.72537,0.6858,0.042822,-0.040982
0.72525,0.68592,0.042856,-0.041021
0.72513,0.68605,0.042876,-0.041049
0.725,0.68618,0.042904,-0.041048
0.72488,0.68631,0.042939,-0.041019
0.72476,0.68644,0.042964,-0.040979
0.72463,0.68657,0.04297,-0.04094
0.72451,0.68671,0.042947,-0.040917
0.7244,0.68683,0.042897,-0.040914
0.72433,0.68691,0.042861,-0.040884
0.72426,0.68698,0.042861,-0.040833
0.72417,0.68708,0.042872,-0.040776
0.72408,0.68718,0.042897,-0.040711
0.72397,0.68729,0.042943,-0.040656
0.72387,0.6874,0.042968,-0.040631
0.72374,0.68753,0.042964,-0.040619
0.72357,0.68771,0.042927,-0.040621
0.72341,0.68789,0.042865,-0.040632
0.72323,0.68808,0.042822,-0.040617
0.72301,0.68832,0.042796,-0.040574
0.7228,0.68854,0.042809,-0.040508
0.72258,0.68877,0.04285,-0.04044
0.7223,0.68907,0.042908,-0.040397
0.72193,0.68945,0.042986,-0.040362
0.72151,0.68988,0.043022,-0.040397
0.72105,0.69036,0.042847,-0.040629
0.72072,0.69071,0.042525,-0.04092
0.72049,0.69095,0.042254,-0.041138
0.72023,0.69123,0.042099,-0.041277
0.72008,0.69138,0.042061,-0.041345
0.71999,0.69147,0.042179,-0.041297
0.71992,0.69153,0.042461,-0.041148
0.71981,0.69163,0.042865,-0.040947
0.71965,0.69179,0.0434,-0.040695
0.71944,0.69198,0.044006,-0.04042
0.71918,0.69222,0.044578,-0.040172
0.71894,0.69246,0.045072,-0.039929
0.71873,0.69267,0.045488,-0.0397
0.71848,0.69291,0.045749,-0.03953
0.71829,0.69311,0.045759,-0.039417
0.71813,0.6933,0.045629,-0.039278
0.71799,0.69347,0.045414,-0.039073
0.71786,0.69363,0.045151,-0.038797
0.71774,0.6938,0.044901,-0.038441
0.71763,0.69395,0.044745,-0.03796
0.71753,0.69408,0.044667,-0.0374
0.71744,0.69421,0.044608,-0.036814
0.71736,0.69433,0.044515,-0.03622
0.7173,0.69444,0.04438,-0.035623
0.71723,0.69455,0.044261,-0.034972
0.71715,0.69467,0.04416,-0.03426
0.71714,0.69472,0.044005,-0.033567
0.71718,0.69473,0.043732,-0.032973
0.71727,0.69469,0.043368,-0.032479
0.71732,0.69468,0.042976,-0.032056
0.7173,0.69474,0.042645,-0.031638
0.71727,0.69481,0.042489,-0.031161
0.71721,0.69488,0.042548,-0.030621
0.71712,0.69499,0.042776,-0.03006
0.717,0.69511,0.043139,-0.029503
0.71686,0.69524,0.043625,-0.028957
0.71672,0.69538,0.044175,-0.028462
0.71658,0.69551,0.044701,-0.028081
0.71643,0.69564,0.045157,-0.027817
0.71628,0.69578,0.045526,-0.027645
0.71613,0.69592,0.045793,-0.027543
0.71598,0.69606,0.045988,-0.027474
0.71583,0.69621,0.046176,-0.027409
0.71571,0.69632,0.04639,-0.027312
0.71561,0.69641,0.046626,-0.0272
0.71555,0.69646,0.046868,-0.027091
0.71552,0.69648,0.047087,-0.026999
0.71547,0.69652,0.047246,-0.026936
0.7154,0.69659,0.047329,-0.02689
0.71531,0.69668,0.047357,-0.026825
0.71522,0.69678,0.047346,-0.026735
0.71517,0.69684,0.047324,-0.026629
0.71516,0.69685,0.047299,-0.026549
0.71521,0.69681,0.047231,-0.026538
0.71528,0.69674,0.047094,-0.026622
0.71535,0.69668,0.046888,-0.02678
0.71541,0.69663,0.046595,-0.027027
0.71544,0.6966,0.046283,-0.027313
0.71546,0.69659,0.045988,-0.027588
0.71549,0.69657,0.045714,-0.027852
0.71551,0.69655,0.04545,-0.028115
0.71556,0.6965,0.0452,-0.028409
0.71561,0.69646,0.044931,-0.028752
0.71561,0.69646,0.044639,-0.029126
0.71559,0.69649,0.044331,-0.029507
0.71555,0.69653,0.044052,-0.029863
0.71549,0.69659,0.043892,-0.030144
0.71542,0.69665,0.043884,-0.030345
0.71528,0.69679,0.043945,-0.030508
0.71505,0.69701,0.044015,-0.03066
0.71474,0.69732,0.044017,-0.030835
0.71444,0.69762,0.043897,-0.031061
0.71429,0.69779,0.043678,-0.031309
0.71408,0.698,0.043444,-0.031542
0.71394,0.69816,0.043185,-0.031752
0.71386,0.69824,0.042944,-0.031898
0.71379,0.69832,0.042787,-0.031978
0.71373,0.69839,0.042742,-0.031979
0.71364,0.69847,0.042773,-0.031926
0.7135,0.69861,0.042859,-0.031849
0.71332,0.6988,0.042942,-0.031759
0.71311,0.69901,0.043029,-0.031656
0.7129,0.69923,0.043117,-0.031548
0.71271,0.69943,0.04321,-0.031414
0.71254,0.69959,0.043313,-0.031273
0.71243,0.69971,0.043418,-0.031127
0.71234,0.6998,0.043526,-0.030981
0.71225,0.69989,0.043651,-0.030836
0.71217,0.69996,0.043763,-0.030701
0.7121,0.70004,0.043854,-0.030579
0.71202,0.70012,0.04392,-0.030469
0.71197,0.70018,0.043966,-0.030379
0.71193,0.70021,0.043987,-0.0303
0.71191,0.70024,0.043987,-0.03023
0.71189,0.70027,0.043986,-0.030161
0.71187,0.70028,0.043997,-0.030094
0.71195,0.7002,0.044032,-0.030018
0.71213,0.70002,0.04403,-0.029991
0.71238,0.69977,0.043981,-0.030019
0.71266,0.69949,0.043925,-0.030068
0.71285,0.69929,0.043878,-0.030101
0.71306,0.69908,0.043839,-0.030109
0.7133,0.69884,0.043834,-0.030113
0.7135,0.69863,0.043829,-0.030126
0.71367,0.69846,0.043797,-0.030173
0.71378,0.69834,0.043747,-0.030245
0.71387,0.69826,0.043673,-0.030331
0.71393,0.6982,0.043554,-0.030441
0.71397,0.69816,0.043403,-0.030576
0.714,0.69813,0.043233,-0.030725
0.71404,0.6981,0.043065,-0.030864
0.71408,0.69806,0.042924,-0.030984
0.71411,0.69803,0.042811,-0.031092
0.71412,0.69802,0.042713,-0.031179
0.71412,0.69803,0.042616,-0.031253
0.7141,0.69805,0.042529,-0.031324
0.71407,0.69808,0.042458,-0.031391
0.71405,0.6981,0.042399,-0.031451
0.71403,0.69812,0.042364,-0.031495
0.71401,0.69814,0.042355,-0.031517
0.71399,0.69816,0.042374,-0.031519
0.71399,0.69816,0.042414,-0.031512
0.71401,0.69814,0.042468,-0.031504
0.71404,0.6981,0.042518,-0.031504
0.71408,0.69806,0.04254,-0.031511
0.7141,0.69803,0.042533,-0.031522
0.71412,0.69802,0.042524,-0.031526
0.71412,0.69802,0.042516,-0.03152
0.71412,0.69802,0.042524,-0.031514
0.71412,0.69802,0.042551,-0.031501
0.71411,0.69802,0.042584,-0.031471
0.7141,0.69804,0.042617,-0.031447
0.71408,0.69806,0.042628,-0.03144
0.71404,0.69809,0.04259,-0.031462
0.71399,0.69815,0.04254,-0.031492
0.71393,0.69822,0.042493,-0.031507
0.71385,0.6983,0.042453,-0.031514
0.7137,0.69845,0.042418,-0.031524
0.71345,0.69871,0.042387,-0.031544
0.71315,0.69902,0.042299,-0.031609
0.7129,0.69928,0.042111,-0.03173
0.71279,0.6994,0.041882,-0.031854
0.71264,0.69956,0.041713,-0.031938
0.7125,0.69971,0.041562,-0.03199
0.71245,0.69977,0.041426,-0.032006
0.7124,0.69982,0.041322,-0.032002
0.71238,0.69985,0.041235,-0.031991
0.71234,0.69989,0.041165,-0.031964
0.71228,0.69996,0.041103,-0.031931
0.71222,0.70003,0.041067,-0.031897
0.71216,0.70009,0.041053,-0.031866
0.71211,0.70014,0.041057,-0.031831
0.71208,0.70017,0.041098,-0.031779
0.71207,0.70019,0.041145,-0.031707
0.71208,0.70017,0.041208,-0.031626
0.71211,0.70014,0.041256,-0.031539
0.71216,0.7001,0.041267,-0.03147
0.71221,0.70005,0.041232,-0.031401
0.71228,0.69998,0.04117,-0.03134
0.71236,0.69991,0.041112,-0.031274
0.71244,0.69984,0.041058,-0.031194
0.71253,0.69975,0.04102,-0.031113
0.71261,0.69967,0.041005,-0.031038
0.7127,0.69958,0.041023,-0.030963
0.7128,0.69948,0.041064,-0.030896
0.71298,0.6993,0.041116,-0.030824
0.71327,0.699,0.04116,-0.030776
0.71365,0.69862,0.041133,-0.030758
0.71405,0.69821,0.041092,-0.03075
0.71433,0.69793,0.0411,-0.030685
0.71464,0.69761,0.041144,-0.030576
0.71496,0.69729,0.041251,-0.030455
0.71522,0.69701,0.041358,-0.030351
0.71546,0.69676,0.041417,-0.030295
0.71566,0.69656,0.041451,-0.030259
0.7158,0.69642,0.041447,-0.030243
0.71594,0.69628,0.041425,-0.030242
0.71608,0.69614,0.041403,-0.03024
0.71622,0.69599,0.041383,-0.030248
0.71637,0.69584,0.041342,-0.030288
0.71652,0.69569,0.041288,-0.030365
0.71664,0.69556,0.041234,-0.03046
0.71673,0.69546,0.041183,-0.030563
0.7168,0.69538,0.041151,-0.030654
0.71687,0.69531,0.041142,-0.030722
0.71693,0.69525,0.041135,-0.030788
0.71698,0.6952,0.04113,-0.030867
0.71697,0.6952,0.041133,-0.030955
0.71692,0.69525,0.041159,-0.031044
0.71684,0.69532,0.041215,-0.031104
0.71676,0.6954,0.041303,-0.031131
0.71667,0.69549,0.041401,-0.031155
0.71657,0.69558,0.041456,-0.031213
0.71647,0.69568,0.041448,-0.03131
0.71633,0.69583,0.04133,-0.031474
0.71615,0.69602,0.041114,-0.031685
0.71593,0.69624,0.040831,-0.031932
0.71569,0.6965,0.04051,-0.032208
0.71545,0.69675,0.040174,-0.032502
0.71519,0.69702,0.039835,-0.032812
0.71492,0.69731,0.039468,-0.033155
0.7146,0.69763,0.039046,-0.033546
0.71425,0.698,0.03857,-0.033982
0.71387,0.69839,0.038077,-0.034449
0.71348,0.6988,0.037585,-0.034943
0.71308,0.6992,0.03709,-0.035454
0.71258,0.69971,0.036618,-0.035974
0.71195,0.70035,0.036152,-0.036476
0.71121,0.7011,0.035617,-0.037021
0.71049,0.70183,0.034948,-0.037649
0.70987,0.70246,0.03417,-0.038303
0.70921,0.70313,0.033394,-0.038912
0.70856,0.70378,0.032625,-0.039488
0.70802,0.70433,0.031861,-0.040005
0.70752,0.70484,0.031136,-0.040489
0.70705,0.70532,0.03046,-0.040934
0.70657,0.7058,0.029864,-0.041345
0.70604,0.70633,0.029335,-0.041834
0.70548,0.70687,0.028864,-0.042396
0.70489,0.70744,0.028456,-0.043014
0.70425,0.70805,0.028105,-0.04368
0.70355,0.70871,0.027842,-0.044334
0.70285,0.70938,0.027664,-0.044912
0.70211,0.71009,0.027563,-0.045378
0.7013,0.71087,0.027449,-0.045753
0.70044,0.7117,0.027284,-0.046014
0.69953,0.7126,0.027079,-0.046142
0.6985,0.71362,0.026809,-0.046175
0.69737,0.71473,0.026464,-0.046187
0.6961,0.71599,0.026086,-0.046119
0.69473,0.71734,0.025728,-0.045943
0.69325,0.71881,0.025384,-0.045562
0.69176,0.72029,0.024986,-0.045011
0.69027,0.72178,0.024623,-0.044258
0.68876,0.72329,0.024406,-0.043255
0.68735,0.7247,0.024348,-0.042026
0.68593,0.72612,0.024411,-0.040691
0.68452,0.72752,0.024679,-0.039176
0.68302,0.729,0.025147,-0.037456
0.6815,0.73051,0.025688,-0.035554
0.68005,0.73193,0.02627,-0.033568
0.67851,0.73342,0.026856,-0.031533
0.67684,0.73503,0.0274,-0.029462
0.67514,0.73666,0.027929,-0.027332
0.67339,0.73831,0.028493,-0.025106
0.6716,0.73999,0.02915,-0.022748
0.6698,0.74166,0.029929,-0.020263
0.66803,0.74328,0.030914,-0.017622
0.66632,0.74482,0.03214,-0.014833
0.66462,0.74633,0.03352,-0.012055
0.66302,0.74773,0.034934,-0.0093819
0.66155,0.74899,0.036334,-0.0067798
0.66012,0.7502,0.037728,-0.0041961
0.65874,0.75135,0.039127,-0.0016033
0.65749,0.75237,0.040604,0.0010231
0.65631,0.7533,0.042199,0.0036759
0.6552,0.75416,0.0439,0.006342
0.65418,0.75491,0.045661,0.0089979
0.65333,0.7555,0.04743,0.011609
0.65263,0.75596,0.049039,0.014042
0.6521,0.75629,0.050354,0.016233
0.65168,0.75653,0.051342,0.018203
0.65132,0.75675,0.052105,0.020043
0.65099,0.75693,0.052784,0.02182
0.65074,0.75704,0.053519,0.023617
0.65064,0.75701,0.054442,0.02553
0.6506,0.75688,0.055622,0.027598
0.65058,0.7567,0.057069,0.029822
0.65065,0.75641,0.058826,0.03223
0.65083,0.75599,0.060757,0.034679
0.65108,0.75551,0.062663,0.037015
0.65137,0.75501,0.064412,0.039185
0.65165,0.75451,0.066066,0.041259
0.65197,0.75397,0.067727,0.043297
0.65234,0.75337,0.069486,0.045328
0.65264,0.7528,0.071455,0.047407
0.65278,0.75232,0.073731,0.049592
0.65286,0.75184,0.07628,0.051866
0.653,0.75129,0.078911,0.054139
0.65332,0.75057,0.081476,0.05639
0.65373,0.74976,0.083997,0.058658
0.65413,0.74895,0.086419,0.060907
0.65457,0.74813,0.088641,0.063148
0.65504,0.74727,0.090729,0.065416
0.65551,0.74641,0.092712,0.067724
0.65599,0.74552,0.094698,0.070081
0.65643,0.74463,0.096782,0.072488
0.65681,0.74376,0.09904,0.074914
0.65724,0.7428,0.10154,0.077338
0.65771,0.74175,0.10421,0.079761
0.65819,0.74067,0.10697,0.082141
0.65866,0.73959,0.10973,0.084412
0.65911,0.73854,0.11241,0.086535
0.65954,0.73752,0.11501,0.088548
0.65999,0.73648,0.11756,0.090489
0.66045,0.73542,0.1201,0.092357
0.66088,0.7344,0.12263,0.094162
0.66133,0.73334,0.12512,0.09592
0.66185,0.73222,0.12756,0.097661
0.66227,0.73118,0.13001,0.09936
0.66255,0.73026,0.13246,0.10097
0.66278,0.72939,0.1349,0.10253
0.66303,0.72848,0.13736,0.10407
0.66328,0.72757,0.13986,0.10557
0.66353,0.72661,0.14246,0.10706
0.6638,0.7256,0.14522,0.10857
0.66402,0.72459,0.14811,0.11005
0.66436,0.72343,0.15111,0.11155
0.66467,0.72228,0.1541,0.11307
0.66484,0.72125,0.15702,0.11458
0.665,0.72024,0.15983,0.11614
0.66505,0.7193,0.16261,0.11778
0.66497,0.71845,0.16541,0.11951
0.66488,0.71758,0.1682,0.12135
0.66476,0.7167,0.17098,0.12329
0.66463,0.71581,0.17372,0.12531
0.66448,0.71493,0.1764,0.12739
0.6643,0.71408,0.17898,0.1295
0.66409,0.71325,0.18144,0.13165
0.66385,0.71249,0.18373,0.13382
0.66365,0.71171,0.18585,0.13601
0.66348,0.71092,0.18786,0.13817
0.66327,0.71018,0.1898,0.1403
0.66308,0.70941,0.19175,0.14244
0.66299,0.7085,0.19378,0.14464
0.66304,0.70744,0.19586,0.14679
0.66305,0.70643,0.19792,0.14879
0.66309,0.70547,0.1999,0.15055
0.66325,0.70442,0.20182,0.15214
0.66351,0.7033,0.20377,0.15362
0.66372,0.70216,0.20592,0.15507
0.66391,0.70094,0.20828,0.1566
0.66409,0.69962,0.21091,0.15821
0.66421,0.69827,0.21374,0.15989
0.66426,0.69689,0.21671,0.16164
0.66431,0.69548,0.21976,0.16343
0.66435,0.69406,0.2228,0.16518
0.66434,0.69268,0.22581,0.16689
0.66428,0.69137,0.22873,0.16857
0.66421,0.6901,0.23154,0.17024
0.66409,0.68891,0.23421,0.17184
0.66393,0.68784,0.23669,0.17338
0.66378,0.68678,0.23901,0.17493
0.66361,0.68579,0.24118,0.17649
0.66328,0.68499,0.24324,0.17799
0.66286,0.68433,0.24522,0.17938
0.66245,0.68376,0.24706,0.18055
0.6621,0.68322,0.2488,0.18151
0.66182,0.68263,0.25053,0.18232
0.66158,0.68198,0.25239,0.18309
0.66132,0.68125,0.25449,0.18382
0.6611,0.68042,0.25674,0.18454
0.66095,0.67949,0.25907,0.18526
0.66083,0.6785,0.26143,0.18601
0.6607,0.6775,0.26376,0.18678
0.66057,0.67655,0.26598,0.18756
0.66043,0.67569,0.26799,0.1883
0.66028,0.675,0.26964,0.18894
0.66012,0.67451,0.2709,0.18944
0.6599,0.6743,0.27176,0.18976
0.65963,0.67428,0.27229,0.18998
0.65936,0.67432,0.27269,0.19022
0.65913,0.67428,0.27311,0.19054
0.65902,0.67404,0.27366,0.19096
0.65906,0.67356,0.27438,0.19151
0.65919,0.6729,0.27526,0.19211
0.65939,0.67215,0.2762,0.1927
0.6597,0.67131,0.27717,0.19318
0.66008,0.67043,0.27814,0.19356
0.66054,0.66953,0.27905,0.19378
0.66106,0.66863,0.27988,0.1939
0.66164,0.66774,0.28062,0.19395
0.6622,0.66684,0.28133,0.19409
0.66274,0.66593,0.28203,0.19438
0.66324,0.66503,0.28268,0.19477
0.66374,0.66417,0.28322,0.19524
0.66428,0.66328,0.28365,0.19581
0.66475,0.66248,0.28399,0.19644
0.66509,0.66182,0.28427,0.19708
0.6654,0.66122,0.2845,0.19772
0.66572,0.66064,0.28467,0.19834
0.66594,0.66019,0.28481,0.19885
0.66614,0.65983,0.28495,0.19923
0.66633,0.65948,0.28513,0.19949
0.66647,0.65919,0.28537,0.19964
0.66656,0.65895,0.28566,0.1997
0.66662,0.65877,0.28597,0.19965
0.66669,0.65858,0.28629,0.19958
0.66671,0.65842,0.28666,0.19953
0.66666,0.65833,0.28701,0.19948
0.66661,0.65827,0.28728,0.19946
0.66654,0.65828,0.28743,0.19944
0.66653,0.65834,0.28736,0.19936
0.66656,0.65844,0.28715,0.19925
0.66656,0.65858,0.28692,0.19911
0.66659,0.65869,0.28667,0.199
0.66663,0.65878,0.28645,0.19889
0.66665,0.65891,0.28626,0.19869
0.66664,0.65911,0.28608,0.19831
0.66655,0.65942,0.28591,0.19782
0.66635,0.65985,0.28578,0.19724
0.66604,0.6604,0.28566,0.19662
0.66567,0.66097,0.28559,0.19607
0.66532,0.66144,0.28559,0.19566
0.66495,0.66187,0.28567,0.19536
0.66448,0.66234,0.28584,0.19512
0.66398,0.66282,0.28605,0.19487
0.66353,0.66328,0.28623,0.19455
0.66319,0.66368,0.28635,0.19417
0.66289,0.66409,0.2864,0.19374
0.66243,0.66468,0.28641,0.19327
0.66177,0.66545,0.28649,0.19277
0.66094,0.66631,0.28671,0.19232
0.6601,0.66716,0.28695,0.19189
0.65929,0.66796,0.2872,0.19151
0.65858,0.66862,0.2875,0.19123
0.65787,0.66921,0.28789,0.19099
0.65712,0.66976,0.28844,0.19081
0.65646,0.67015,0.28909,0.19074
0.65588,0.67039,0.28984,0.19077
0.65532,0.67055,0.29068,0.19084
0.65474,0.67073,0.29156,0.19088
0.65416,0.6709,0.29244,0.19091
0.65362,0.67103,0.29333,0.19095
0.65312,0.6711,0.29423,0.19099
0.65273,0.67108,0.29512,0.19104
0.65249,0.67088,0.29602,0.19115
0.65229,0.67057,0.29704,0.19136
0.65205,0.67014,0.29831,0.1917
0.65182,0.66961,0.29977,0.19209
0.65164,0.66897,0.30133,0.19246
0.65151,0.66828,0.30294,0.19279
0.65142,0.66753,0.30458,0.19307
0.65142,0.66674,0.30619,0.19328
0.65151,0.66589,0.30775,0.19344
0.65169,0.66492,0.30931,0.19366
0.65194,0.6638,0.31097,0.19402
0.65223,0.66249,0.31278,0.19458
0.65257,0.66097,0.3148,0.19538
0.65294,0.65924,0.31704,0.19634
0.65333,0.65741,0.31948,0.19726
0.65366,0.65561,0.32204,0.19797
0.65401,0.65381,0.32468,0.19847
0.65441,0.65195,0.32739,0.1988
0.6547,0.65017,0.33031,0.19885
0.65499,0.64839,0.33332,0.19869
0.65538,0.64659,0.33628,0.19828
0.65581,0.64482,0.33921,0.19763
0.65625,0.6431,0.34206,0.19684
0.65678,0.64137,0.34474,0.19606
0.65734,0.63951,0.3474,0.19556
0.65773,0.63747,0.35047,0.19546
0.65807,0.63515,0.35393,0.1956
0.65853,0.63249,0.35767,0.19588
0.65893,0.62961,0.36184,0.19614
0.65913,0.62679,0.36627,0.19629
0.65918,0.62416,0.37062,0.19633
0.65904,0.62192,0.37463,0.1963
0.65862,0.62024,0.37823,0.19614
0.65792,0.61913,0.38143,0.19576
0.6572,0.6184,0.38414,0.1952
0.6567,0.61784,0.38618,0.19463
0.65612,0.61759,0.38766,0.19444
0.65522,0.61761,0.38866,0.19541
0.654,0.6177,0.38948,0.19758
0.6528,0.61749,0.39021,0.20076
0.65158,0.61701,0.39122,0.20417
0.65001,0.61677,0.39251,0.20739
0.64854,0.61672,0.39367,0.20995
0.6478,0.61662,0.3942,0.21153
0.64803,0.61619,0.39403,0.21237
0.64873,0.61559,0.3934,0.21315
0.6496,0.61521,0.39218,0.21384
0.65094,0.61496,0.39006,0.21436
0.65269,0.61453,0.38729,0.2153
0.65384,0.61412,0.38491,0.21725
0.65413,0.61332,0.38399,0.22024
0.65501,0.61036,0.38537,0.22339
0.6571,0.60444,0.38921,0.22669
0.65971,0.59654,0.39479,0.23035
0.66238,0.58829,0.40033,0.23431
0.66506,0.58058,0.40476,0.23831
0.66802,0.57393,0.40738,0.24164
0.67049,0.56893,0.40892,0.244
0.67194,0.56605,0.40984,0.24518
0.67236,0.56491,0.41057,0.24545
0.67218,0.56503,0.41133,0.2444
0.67259,0.56545,0.41195,0.24122
0.67441,0.5652,0.41271,0.23535
0.67691,0.56366,0.41455,0.22855
0.67827,0.55989,0.41947,0.22478
0.67593,0.55373,0.4298,0.22752
0.66785,0.54474,0.44664,0.2403
0.65178,0.5396,0.46423,0.26174
0.63443,0.54985,0.46645,0.27853
0.63173,0.56125,0.45599,0.27927
0.63213,0.56786,0.44865,0.27687
0.63087,0.5731,0.44399,0.27647
0.6293,0.57883,0.43915,0.27583
0.62672,0.58587,0.43563,0.27242
0.62418,0.594,0.43079,0.26829
0.62294,0.60228,0.42257,0.26578
0.62293,0.60979,0.41212,0.26509
0.62324,0.61477,0.40409,0.26522
0.62332,0.61636,0.40152,0.26523
0.62321,0.61571,0.40363,0.2638
0.6231,0.61496,0.40605,0.26207
0.62228,0.61542,0.40725,0.26109
0.62103,0.61745,0.40664,0.26023
0.62137,0.61965,0.40414,0.25806
0.62339,0.62114,0.40071,0.25495
0.62519,0.62277,0.39709,0.25222
0.62636,0.62506,0.39306,0.24997
0.62722,0.62849,0.38745,0.24796
0.62831,0.63248,0.38041,0.24593
0.62969,0.63633,0.37291,0.24395
0.63138,0.63952,0.36568,0.24217
0.63317,0.64208,0.35909,0.24059
0.63458,0.6441,0.35385,0.23922
0.63534,0.64585,0.35018,0.23789
0.63573,0.64736,0.34766,0.23645
0.63604,0.64864,0.34582,0.23479
0.6362,0.64979,0.3446,0.23298
0.63616,0.65086,0.34385,0.23119
0.63596,0.65168,0.34363,0.22975
0.63564,0.6523,0.34365,0.22884
0.63532,0.65288,0.34349,0.22835
0.63509,0.65357,0.34282,0.22802
0.63488,0.65454,0.34158,0.22767
0.6346,0.65576,0.33989,0.22744
0.63417,0.65716,0.33796,0.22751
0.63361,0.65868,0.33582,0.22782
0.63296,0.6603,0.33348,0.22839
0.63213,0.66204,0.331,0.22924
0.63106,0.66383,0.32864,0.23041
0.62967,0.6657,0.32653,0.23183
0.6282,0.6674,0.32475,0.23339
0.62697,0.66879,0.32313,0.23499
0.62583,0.66999,0.32178,0.23646
0.6248,0.67091,0.32093,0.23772
0.62391,0.67149,0.3207,0.23873
0.6231,0.67184,0.32103,0.23939
0.62252,0.67182,0.32192,0.2398
0.62218,0.67144,0.32315,0.24009
0.62198,0.67088,0.32447,0.24036
0.62183,0.6703,0.32571,0.24069
0.62166,0.66976,0.32675,0.24123
0.62143,0.66934,0.32742,0.24208
0.62114,0.66913,0.32772,0.24301
0.62085,0.66908,0.32774,0.24386
0.6206,0.66915,0.32754,0.24455
0.62042,0.66928,0.32727,0.24505
0.6203,0.66936,0.3271,0.24533
0.6203,0.66934,0.32713,0.24537
0.62036,0.66921,0.32733,0.24527
0.62053,0.66895,0.32772,0.24505
0.6208,0.66855,0.32823,0.24476
0.62116,0.66805,0.32882,0.24443
0.62159,0.66748,0.32942,0.24411
0.62206,0.66689,0.32997,0.24377
0.62252,0.66635,0.33046,0.24341
0.62291,0.66589,0.3309,0.24307
0.62321,0.66553,0.3313,0.24273
0.62351,0.6652,0.33161,0.24243
0.62389,0.66487,0.33181,0.24211
0.62428,0.66458,0.33194,0.24171
0.62469,0.66428,0.3321,0.24126
0.62508,0.66394,0.33234,0.24086
0.6254,0.66358,0.33267,0.24056
0.62567,0.66317,0.33311,0.24037
0.62591,0.66273,0.33363,0.24025
0.62611,0.66228,0.33421,0.24016
0.62631,0.66182,0.33479,0.24008
0.62653,0.66136,0.33536,0.24
0.62673,0.66094,0.3359,0.23989
0.62693,0.66055,0.33637,0.23978
0.62711,0.6602,0.33676,0.23969
0.62725,0.65989,0.33713,0.23969
0.62733,0.65956,0.33754,0.2398
0.62739,0.65921,0.33799,0.23997
0.62749,0.65883,0.33842,0.24015
0.62763,0.65844,0.33879,0.24035
0.6278,0.65806,0.33908,0.24053
0.62795,0.65774,0.3393,0.2407
0.62806,0.65749,0.33945,0.24085
0.62813,0.65732,0.33956,0.24098
0.62817,0.65722,0.33963,0.24109
0.6282,0.65713,0.33967,0.24121
0.62821,0.65704,0.33969,0.24136
0.6282,0.65698,0.3397,0.24153
0.62818,0.65694,0.33969,0.24172
0.62815,0.65691,0.33967,0.24193
0.62809,0.65689,0.33964,0.24216
0.62804,0.65686,0.33964,0.24237
0.628,0.65681,0.33968,0.24254
0.62797,0.65674,0.33978,0.24269
0.62794,0.65661,0.33997,0.24286
0.62788,0.65642,0.34029,0.24306
0.62781,0.65618,0.34075,0.24326
0.62768,0.65599,0.34126,0.24337
0.62757,0.65577,0.3418,0.2435
0.62746,0.65547,0.3424,0.24376
0.62733,0.65514,0.34304,0.24409
0.62713,0.65477,0.34377,0.24455
0.62682,0.65439,0.34464,0.24513
0.62637,0.65402,0.34569,0.24578
0.62581,0.65369,0.34685,0.24645
0.62518,0.65341,0.34806,0.24712
0.62451,0.65314,0.34929,0.24777
0.62382,0.65291,0.35053,0.24835
0.62313,0.65273,0.35173,0.2489
0.62244,0.65259,0.35283,0.2494
0.62176,0.65252,0.35382,0.24989
0.6211,0.65247,0.35472,0.25036
0.62054,0.65235,0.35557,0.25088
0.62005,0.65209,0.35647,0.25148
0.61962,0.65162,0.35756,0.25221
0.61928,0.65089,0.35888,0.25305
0.61898,0.65001,0.36038,0.25393
0.6187,0.64903,0.362,0.25482
0.61852,0.64808,0.36347,0.25557
0.61849,0.64724,0.36463,0.25611
0.61867,0.64651,0.3654,0.25642
0.61902,0.6459,0.36578,0.25658
0.61954,0.64533,0.36585,0.25666
0.62025,0.64483,0.36555,0.25662
0.62112,0.64436,0.36497,0.25654
0.62214,0.64372,0.36432,0.25657
0.62326,0.64293,0.36374,0.25667
0.62442,0.64199,0.36329,0.25685
0.62561,0.64079,0.36312,0.25722
0.62671,0.63943,0.36327,0.25769
0.62774,0.63799,0.36368,0.25818
0.62873,0.63654,0.36421,0.2586
0.62966,0.63515,0.36479,0.25894
0.63053,0.63388,0.36535,0.25913
0.63136,0.63278,0.3658,0.25915
0.63219,0.63179,0.36609,0.25913
0.63299,0.63088,0.36625,0.2592
0.63367,0.63005,0.36631,0.25945
0.63433,0.62921,0.36626,0.25992
0.63499,0.62835,0.3661,0.26064
0.63563,0.62748,0.36584,0.26155
0.63621,0.62662,0.36552,0.26263
0.63668,0.62583,0.36519,0.26383
0.63713,0.6251,0.36477,0.26506
0.63764,0.6245,0.36408,0.2662
0.6382,0.62406,0.3631,0.26723
0.63871,0.62372,0.362,0.26828
0.63918,0.62352,0.36079,0.26927
0.63958,0.62354,0.35945,0.27007
0.63994,0.62388,0.35793,0.27045
0.64035,0.62439,0.35625,0.27052
0.64083,0.62492,0.35451,0.27044
0.64125,0.6254,0.35293,0.27039
0.64147,0.62581,0.35174,0.27048
0.64151,0.62617,0.35086,0.27069
0.6414,0.62644,0.3504,0.27093
0.64127,0.62663,0.35019,0.27107
0.64132,0.62673,0.35002,0.27093
0.64166,0.62685,0.34963,0.27036
0.64219,0.62712,0.34893,0.26936
0.64289,0.62762,0.34784,0.26793
0.6437,0.6283,0.34644,0.26622
0.64453,0.62908,0.34491,0.26434
0.64522,0.62995,0.34351,0.26241
0.64568,0.63085,0.34242,0.26052
0.646,0.63164,0.34171,0.25874
0.6463,0.63221,0.34139,0.25702
0.64661,0.63268,0.34135,0.25514
0.64704,0.63306,0.34142,0.253
0.64763,0.63338,0.34147,0.25061
0.64828,0.63371,0.3415,0.24804
0.64899,0.63403,0.34146,0.2454
0.64972,0.63431,0.34139,0.24283
0.65042,0.63457,0.34133,0.24034
0.6511,0.63482,0.34129,0.2379
0.6518,0.63501,0.34125,0.2355
0.65255,0.63517,0.34114,0.23316
0.6533,0.63538,0.34088,0.23086
0.65399,0.63577,0.34038,0.22857
0.65462,0.63637,0.33955,0.22632
0.65519,0.63714,0.33844,0.22413
0.65571,0.63805,0.33707,0.22206
0.65614,0.63903,0.33557,0.22026
0.65641,0.64001,0.33413,0.21879
0.65657,0.64098,0.33278,0.21753
0.65668,0.64193,0.33149,0.21636
0.65678,0.64286,0.33027,0.21518
0.65693,0.64367,0.32915,0.21401
0.65708,0.6444,0.32819,0.21281
0.65723,0.64497,0.32746,0.21171
0.6573,0.64546,0.32698,0.21079
0.65722,0.64591,0.32672,0.21004
0.65704,0.64627,0.32672,0.2095
0.65676,0.64661,0.32687,0.20909
0.65639,0.647,0.32708,0.20869
0.65593,0.64753,0.32726,0.20824
0.65546,0.64813,0.32732,0.20776
0.65494,0.64886,0.32719,0.20731
0.65433,0.6497,0.32695,0.207
0.65356,0.65064,0.32663,0.20696
0.6526,0.65174,0.32629,0.2071
0.65139,0.65303,0.32593,0.20738
0.65,0.65448,0.3256,0.20769
0.64835,0.65613,0.32537,0.20799
0.64656,0.65788,0.32523,0.20825
0.64465,0.65972,0.32517,0.20847
0.64265,0.66163,0.32513,0.20867
0.64056,0.66357,0.32514,0.20891
0.63838,0.66551,0.32525,0.20924
0.63616,0.66745,0.32536,0.20966
0.63402,0.66935,0.32532,0.21013
0.63193,0.6713,0.32506,0.21061
0.6298,0.67336,0.32464,0.21107
0.62758,0.67551,0.32414,0.21156
0.6253,0.6777,0.32361,0.21214
0.62297,0.67983,0.32312,0.21289
0.62066,0.68183,0.32276,0.21383
0.6184,0.6836,0.32261,0.21493
0.61617,0.68518,0.32272,0.21612
0.61402,0.68655,0.3231,0.21732
0.61196,0.68786,0.32355,0.21835
0.60998,0.68914,0.32395,0.21923
0.60822,0.69034,0.3242,0.22
0.60667,0.69147,0.32425,0.22065
0.60524,0.69261,0.32411,0.2212
0.60387,0.69376,0.32384,0.22172
0.60257,0.69491,0.32341,0.2223
0.60137,0.69602,0.32278,0.22298
0.60029,0.69709,0.32197,0.22373
0.59938,0.69806,0.32098,0.22456
0.59877,0.69883,0.3198,0.22545
0.59856,0.69933,0.31851,0.22631
0.59865,0.69954,0.31731,0.22711
0.59895,0.69943,0.31638,0.22795
0.59944,0.69901,0.31572,0.22884
0.6001,0.69831,0.31535,0.22976
0.60087,0.69742,0.31518,0.23071
0.60175,0.69639,0.31506,0.23168
0.60274,0.69531,0.31488,0.23261
0.6038,0.69422,0.3146,0.23348
0.60494,0.69314,0.31419,0.23429
0.60613,0.69205,0.3137,0.23509
0.60735,0.69095,0.31317,0.23589
0.60857,0.68985,0.31264,0.23665
0.6098,0.68876,0.31209,0.23739
0.61108,0.6877,0.31141,0.23806
0.61236,0.68672,0.31059,0.23865
0.61362,0.68586,0.30961,0.23919
0.61485,0.68508,0.30847,0.23973
0.61607,0.68434,0.30724,0.24031
0.6172,0.68366,0.30601,0.2409
0.61826,0.68296,0.30489,0.24158
0.61921,0.68231,0.30392,0.24221
0.62007,0.68171,0.30309,0.24275
0.62093,0.68108,0.30236,0.24322
0.6218,0.68041,0.30176,0.2436
0.62259,0.67978,0.30133,0.24389
0.62333,0.67915,0.301,0.24416
0.62403,0.67852,0.30076,0.24443
0.62467,0.67791,0.30057,0.24469
0.62532,0.67733,0.30034,0.24494
0.62596,0.67679,0.30005,0.24516
0.62657,0.67628,0.29972,0.24542
0.62711,0.67581,0.2994,0.24571
0.62754,0.67542,0.29914,0.24601
0.62786,0.67512,0.2989,0.2463
0.62819,0.67483,0.29862,0.24658
0.6286,0.67449,0.29828,0.24688
0.62902,0.67415,0.29794,0.24718
0.62942,0.67377,0.2977,0.24747
0.62981,0.67333,0.2976,0.24779
0.6302,0.6728,0.29768,0.24813
0.63057,0.67222,0.29793,0.24849
0.63092,0.67159,0.29831,0.24884
0.63125,0.67094,0.2988,0.24915
0.63158,0.67032,0.29926,0.24943
0.63196,0.66971,0.2996,0.2497
0.63238,0.66914,0.29978,0.24998
0.63284,0.66859,0.29976,0.2503
0.63338,0.66803,0.29954,0.25069
0.63396,0.66748,0.29916,0.25114
0.63445,0.667,0.29874,0.25167
0.63497,0.66653,0.29827,0.25219
0.63554,0.66611,0.29765,0.25256
0.6362,0.6657,0.29694,0.25283
0.63694,0.66519,0.29627,0.25309
0.63777,0.66453,0.29569,0.25342
0.63856,0.66379,0.29531,0.25381
0.6393,0.66298,0.29517,0.25421
0.64004,0.66212,0.29523,0.25453
0.64087,0.66118,0.2954,0.2547
0.64189,0.66014,0.29558,0.25463
0.64303,0.65905,0.29568,0.25445
0.64424,0.65796,0.29573,0.25415
0.64547,0.65689,0.29577,0.25375
0.64671,0.6558,0.29584,0.25333
0.6479,0.65473,0.29596,0.25291
0.64916,0.65356,0.2961,0.25255
0.65051,0.6523,0.29623,0.25218
0.65196,0.65105,0.29627,0.25163
0.65349,0.64989,0.29615,0.25077
0.65508,0.64891,0.29584,0.24952
0.65657,0.64815,0.29551,0.24799
0.6579,0.64754,0.29527,0.24631
0.65907,0.64706,0.29519,0.24456
0.6601,0.64662,0.29527,0.24283
0.66101,0.64624,0.2955,0.2411
0.66179,0.64593,0.29586,0.2393
0.66251,0.6457,0.29633,0.23738
0.66317,0.64555,0.29684,0.2353
0.6638,0.64547,0.29737,0.23307
0.66438,0.64549,0.29784,0.23072
0.6649,0.64564,0.2982,0.22831
0.66537,0.64588,0.29844,0.22594
0.66578,0.6462,0.29856,0.22367
0.66611,0.64658,0.29856,0.22156
0.6664,0.64699,0.29847,0.21963
0.66671,0.64736,0.29831,0.21781
0.66707,0.64768,0.2981,0.21602
0.66751,0.64794,0.29788,0.21419
0.66808,0.64809,0.29762,0.21231
0.66877,0.64812,0.29734,0.21041
0.66957,0.64804,0.29703,0.20855
0.67042,0.64789,0.29668,0.20679
0.67127,0.64768,0.29632,0.20518
0.67208,0.64744,0.296,0.20377
0.67282,0.64714,0.29577,0.20258
0.67349,0.64677,0.29569,0.20163
0.67411,0.64635,0.29575,0.20084
0.67464,0.64593,0.29594,0.20014
0.67514,0.6455,0.2962,0.19948
0.67561,0.64507,0.29646,0.19887
0.67605,0.64463,0.29675,0.19834
0.67644,0.6442,0.29707,0.19795
0.67682,0.64373,0.29738,0.19772
0.67718,0.64324,0.29769,0.1976
0.6775,0.64274,0.29804,0.19762
0.67776,0.64224,0.29841,0.19779
0.67796,0.64176,0.29883,0.19805
0.67811,0.64132,0.29923,0.19835
0.67824,0.64091,0.29959,0.19866
0.67832,0.64056,0.29991,0.19902
0.67838,0.64027,0.30016,0.1994
0.67835,0.64008,0.30036,0.19979
0.6782,0.64,0.30059,0.20021
0.678,0.63996,0.30083,0.20067
0.67766,0.64006,0.3011,0.20107
0.67724,0.6402,0.30146,0.20151
0.67691,0.6402,0.30187,0.20204
0.6766,0.64017,0.30228,0.20254
0.67627,0.64017,0.30274,0.20296
0.67591,0.64017,0.30327,0.20336
0.67557,0.64012,0.30386,0.20376
0.67523,0.64006,0.30448,0.20414
0.67487,0.64004,0.30511,0.20448
0.67454,0.64,0.30571,0.20477
0.67424,0.63996,0.3063,0.20502
0.67397,0.63992,0.30685,0.20521
0.67371,0.63987,0.30739,0.20539
0.6734,0.63985,0.30798,0.2056
0.67301,0.63988,0.30858,0.20588
0.6726,0.63995,0.30914,0.20617
0.67226,0.64006,0.30954,0.20635
0.672,0.64024,0.3097,0.20636
0.67188,0.64045,0.30961,0.20628
0.67182,0.64068,0.30932,0.20618
0.67168,0.64108,0.30891,0.20603
0.67147,0.64161,0.30837,0.20586
0.67128,0.64223,0.30761,0.20568
0.67114,0.64288,0.30668,0.20549
0.67108,0.6435,0.3056,0.20532
0.67109,0.64408,0.30447,0.20518
0.67111,0.64462,0.30336,0.20507
0.67118,0.64507,0.30227,0.20501
0.67127,0.6455,0.30121,0.20492
0.67136,0.64594,0.30017,0.20479
0.67149,0.6463,0.29921,0.20464
0.67159,0.64662,0.29841,0.20448
0.67159,0.64694,0.2978,0.20433
0.67157,0.64719,0.29736,0.20426
0.67158,0.64731,0.29705,0.20427
0.67153,0.64743,0.29688,0.20431
0.67142,0.64758,0.29677,0.20436
0.6713,0.64773,0.29666,0.20446
0.67114,0.64788,0.29654,0.20464
0.67097,0.64805,0.29639,0.2049
0.67078,0.64818,0.29625,0.2053
0.67055,0.64829,0.29616,0.20584
0.67027,0.64841,0.29612,0.20645
0.66995,0.64851,0.29612,0.20714
0.66961,0.64862,0.29614,0.20789
0.66924,0.64872,0.29617,0.20872
0.6689,0.64875,0.29623,0.20961
0.66863,0.64869,0.2963,0.21058
0.66831,0.64862,0.29646,0.21159
0.66795,0.64849,0.29676,0.21268
0.66762,0.64828,0.29713,0.21384
0.66729,0.64803,0.29756,0.21502
0.66692,0.64777,0.2981,0.21622
0.66651,0.64749,0.29873,0.21743
0.66609,0.64713,0.29953,0.21867
0.6657,0.64666,0.30051,0.21994
0.66533,0.64607,0.30165,0.22124
0.66496,0.6454,0.3029,0.22257
0.66458,0.64472,0.30422,0.22388
0.66415,0.64406,0.30559,0.22518
0.66371,0.64339,0.30698,0.22651
0.6632,0.64276,0.30843,0.22783
0.6626,0.64219,0.30994,0.22908
0.66202,0.64168,0.31145,0.23018
0.66149,0.64117,0.31291,0.23111
0.66115,0.64046,0.31443,0.232
0.66091,0.63955,0.31616,0.23284
0.66075,0.63845,0.31811,0.23366
0.66068,0.63699,0.32046,0.23464
0.66054,0.63535,0.32315,0.23578
0.6603,0.63359,0.3262,0.23698
0.66,0.63179,0.32948,0.23809
0.65974,0.62996,0.33286,0.23896
0.65952,0.6281,0.3363,0.23964
0.65927,0.62625,0.33984,0.24017
0.65903,0.62434,0.34346,0.24066
0.65878,0.62227,0.34725,0.24127
0.65851,0.62003,0.35121,0.24203
0.65825,0.6176,0.35532,0.24296
0.65789,0.61513,0.35956,0.24394
0.65736,0.61281,0.36388,0.24482
0.65682,0.61066,0.36803,0.24542
0.65631,0.60879,0.37183,0.24571
0.65584,0.60721,0.37521,0.24574
0.65548,0.60577,0.37818,0.24569
0.65517,0.60441,0.38088,0.24572
0.65477,0.60309,0.38345,0.24603
0.6542,0.60173,0.38611,0.2467
0.65351,0.60009,0.38908,0.24786
0.65284,0.59816,0.39236,0.24911
0.65227,0.59626,0.39564,0.24998
0.65185,0.59458,0.39862,0.25034
0.65159,0.59324,0.40109,0.25025
0.65136,0.59235,0.40295,0.24997
0.65085,0.59212,0.40428,0.24968
0.65009,0.59239,0.40511,0.24968
0.64943,0.59272,0.40546,0.25005
0.64908,0.59308,0.40508,0.25072
0.64879,0.59364,0.40429,0.25143
0.64862,0.59428,0.40317,0.25214
0.64869,0.59486,0.40175,0.25285
0.6487,0.59528,0.40063,0.25362
0.64846,0.59544,0.40009,0.25472
0.64828,0.59519,0.39976,0.25627
0.64852,0.59413,0.39958,0.25837
0.64878,0.59208,0.40049,0.26102
0.64825,0.58956,0.40329,0.26373
0.6472,0.58689,0.40719,0.26624
0.64642,0.58315,0.41188,0.26915
0.64622,0.57794,0.41698,0.27296
0.64564,0.57274,0.42262,0.27659
0.64518,0.56843,0.42792,0.27839
0.64535,0.56524,0.43248,0.27748
0.64509,0.5641,0.43743,0.27259
0.64506,0.56473,0.44201,0.26386
0.64706,0.56497,0.44493,0.25331
0.65166,0.56328,0.44644,0.24237
0.6586,0.55938,0.44675,0.23185
0.66692,0.5535,0.44663,0.2222
0.67345,0.54589,0.44963,0.21517
0.67516,0.53571,0.45897,0.2157
0.67083,0.52486,0.47295,0.22545
0.65833,0.52015,0.48704,0.24257
0.64164,0.52741,0.49283,0.25935
0.63255,0.54362,0.48482,0.26325
0.63222,0.5565,0.473,0.2586
0.6288,0.56779,0.4628,0.26086
0.62545,0.57659,0.45419,0.2647
0.62321,0.58257,0.44932,0.26522
0.62146,0.58661,0.4468,0.26467
0.62011,0.59129,0.44183,0.26575
0.61834,0.59811,0.43445,0.26678
0.61607,0.60505,0.42712,0.26822
0.61368,0.61068,0.4213,0.27014
0.61102,0.6156,0.41738,0.2711
0.60834,0.61986,0.41526,0.27067
0.60624,0.62298,0.41446,0.26942
0.6053,0.62438,0.4145,0.26824
0.60502,0.62515,0.41464,0.26687
0.60545,0.62571,0.41425,0.26517
0.60688,0.6261,0.41275,0.26331
0.60813,0.62747,0.40991,0.26159
0.60859,0.63026,0.40577,0.26027
0.60852,0.63395,0.40051,0.25962
0.6085,0.63765,0.39466,0.25958
0.60879,0.64081,0.38865,0.26015
0.60924,0.64352,0.38296,0.26087
0.61003,0.64534,0.37797,0.26181
0.61083,0.6463,0.37435,0.26277
0.6114,0.64696,0.37183,0.26338
0.61169,0.64749,0.37058,0.26317
0.61183,0.64785,0.37012,0.26262
0.61204,0.64777,0.37016,0.26226
0.61242,0.64739,0.37027,0.26215
0.61276,0.64722,0.37003,0.26212
0.61296,0.64737,0.36944,0.26211
0.61295,0.64793,0.36834,0.26233
0.61277,0.64874,0.36672,0.263
0.61248,0.64964,0.36483,0.26409
0.6121,0.65051,0.36296,0.26538
0.61162,0.65132,0.36139,0.26664
0.61106,0.652,0.36023,0.26784
0.61036,0.65254,0.35958,0.26898
0.60964,0.65296,0.35915,0.27015
0.60898,0.65325,0.3588,0.27143
0.60834,0.6535,0.35846,0.27271
0.60762,0.65384,0.35813,0.27393
0.60682,0.65425,0.35784,0.27509
0.60607,0.65461,0.35763,0.27617
0.60537,0.65489,0.35757,0.27709
0.60479,0.65504,0.3578,0.27773
0.60437,0.65502,0.35819,0.27818
0.60418,0.65482,0.35867,0.27845
0.6042,0.65449,0.35912,0.27861
0.60429,0.65409,0.35951,0.27883
0.60433,0.65369,0.35987,0.27923
0.60427,0.6533,0.3602,0.27985
0.60407,0.65299,0.36045,0.28067
0.60365,0.65288,0.36067,0.28156
0.60322,0.65281,0.36078,0.2825
0.60289,0.65283,0.36066,0.28329
0.60258,0.65291,0.36052,0.28395
0.60235,0.65289,0.36048,0.28455
0.60218,0.6528,0.36056,0.28502
0.60206,0.65263,0.36075,0.2854
0.602,0.65235,0.3611,0.28573
0.60197,0.65195,0.36158,0.2861
0.60193,0.65145,0.36219,0.28655
0.60186,0.65085,0.36296,0.28708
0.60177,0.65019,0.36385,0.28764
0.60174,0.64947,0.36477,0.28817
0.60186,0.64868,0.36559,0.28864
0.60208,0.6479,0.3663,0.28905
0.60238,0.64713,0.36689,0.28941
0.60272,0.64637,0.3674,0.28975
0.60306,0.64563,0.36786,0.29008
0.60341,0.64489,0.36831,0.29044
0.60376,0.64411,0.3688,0.29083
0.60411,0.64327,0.36936,0.29125
0.60449,0.64238,0.36998,0.29166
0.60488,0.64147,0.37061,0.29203
0.60531,0.64057,0.37123,0.29231
0.6058,0.63969,0.37182,0.2925
0.60631,0.63883,0.37237,0.29262
0.60681,0.638,0.3729,0.29271
0.60729,0.63715,0.37345,0.29287
0.60782,0.63622,0.37401,0.29309
0.60839,0.63531,0.37448,0.29326
0.60899,0.63446,0.37487,0.29335
0.60963,0.63365,0.37518,0.29338
0.6103,0.63291,0.37537,0.29336
0.61097,0.63222,0.37549,0.29329
0.61159,0.6316,0.37559,0.2932
0.61216,0.63103,0.37569,0.29312
0.6127,0.63048,0.37579,0.29302
0.61322,0.62998,0.3759,0.2929
0.61375,0.62945,0.37602,0.29275
0.61432,0.62888,0.37619,0.29257
0.61493,0.62825,0.37644,0.29232
0.61554,0.62758,0.3768,0.29202
0.61612,0.62685,0.3773,0.29173
0.6167,0.62603,0.37787,0.29152
0.61732,0.62516,0.37838,0.29141
0.61793,0.62432,0.37883,0.29134
0.61853,0.62354,0.37916,0.2913
0.61915,0.62282,0.37933,0.29129
0.61977,0.62218,0.37938,0.2913
0.62032,0.62158,0.37939,0.29139
0.62074,0.621,0.3795,0.29157
0.62103,0.62043,0.37975,0.29186
0.62126,0.61979,0.38012,0.29223
0.6215,0.61908,0.38058,0.29265
0.62177,0.61827,0.38108,0.29311
0.62209,0.61743,0.3816,0.29354
0.6224,0.6166,0.38214,0.29392
0.62262,0.61583,0.38276,0.29427
0.62266,0.61516,0.3835,0.29463
0.62259,0.6145,0.38433,0.29507
0.62244,0.61394,0.38515,0.29546
0.62226,0.61359,0.38582,0.29572
0.62225,0.61322,0.38626,0.29593
0.62237,0.61294,0.38645,0.29599
0.6226,0.61279,0.38638,0.29591
0.62287,0.61262,0.38623,0.2959
0.6231,0.61244,0.38607,0.29599
0.62334,0.61219,0.38596,0.29617
0.6236,0.61183,0.38589,0.29645
0.62388,0.61134,0.38593,0.2968
0.62422,0.61073,0.38605,0.2972
0.6246,0.61,0.38626,0.29762
0.62504,0.60914,0.38657,0.29806
0.62554,0.60822,0.38689,0.29848
0.62613,0.60724,0.38722,0.29881
0.62684,0.60623,0.38747,0.29905
0.62761,0.60525,0.38764,0.29919
0.62843,0.60432,0.38769,0.29926
0.62927,0.60346,0.38764,0.29934
0.63006,0.60265,0.38751,0.29944
0.63081,0.60192,0.3873,0.29962
0.63149,0.60125,0.38703,0.29987
0.63215,0.60069,0.38667,0.30009
0.63282,0.60025,0.38619,0.30017
0.63354,0.59997,0.38555,0.30002
0.63428,0.59983,0.38482,0.29969
0.63499,0.59972,0.38408,0.29933
0.63562,0.59954,0.38347,0.29916
0.63601,0.59934,0.38307,0.29922
0.63622,0.59921,0.38277,0.29943
0.63629,0.59918,0.38253,0.29965
0.63625,0.5993,0.38237,0.2997
0.63616,0.59952,0.3823,0.29954
0.63613,0.59972,0.38229,0.2992
0.63616,0.59992,0.38233,0.29869
0.63623,0.60018,0.38239,0.29794
0.63638,0.60049,0.38237,0.29703
0.63662,0.60089,0.38218,0.29596
0.63686,0.60142,0.38185,0.29478
0.63705,0.60209,0.38144,0.29352
0.63718,0.60286,0.38102,0.2922
0.63721,0.60368,0.38068,0.29087
0.63717,0.60449,0.38048,0.28956
0.63709,0.60528,0.38041,0.28816
0.63704,0.60607,0.38042,0.28659
0.63705,0.60686,0.38046,0.28485
0.63708,0.60767,0.38052,0.28296
0.63709,0.60854,0.38058,0.28098
0.63711,0.60945,0.38061,0.27894
0.63712,0.61041,0.38059,0.27682
0.63714,0.61137,0.38055,0.2747
0.63717,0.6123,0.3805,0.27262
0.6372,0.61323,0.38047,0.27051
0.63723,0.61416,0.38045,0.26835
0.63727,0.61506,0.38043,0.26618
0.63731,0.61596,0.38044,0.264
0.63732,0.61689,0.3804,0.26184
0.63726,0.61795,0.38026,0.25968
0.63717,0.61915,0.37996,0.25747
0.63707,0.62055,0.3794,0.25516
0.63694,0.62218,0.37855,0.2528
0.63683,0.62382,0.37752,0.25057
0.63668,0.62545,0.3764,0.24855
0.63644,0.62711,0.37526,0.24669
0.63606,0.62875,0.37422,0.24507
0.63553,0.63034,0.37333,0.24371
0.63497,0.63174,0.37261,0.24264
0.63442,0.63293,0.37202,0.24188
0.63382,0.63398,0.37156,0.24144
0.63315,0.63488,0.37123,0.24132
0.63238,0.63567,0.37104,0.24154
0.63145,0.63645,0.37095,0.24206
0.6304,0.63721,0.3709,0.24289
0.62922,0.63797,0.37088,0.24397
0.62785,0.63878,0.37088,0.24538
0.62625,0.63962,0.37096,0.24717
0.62444,0.64048,0.37112,0.24927
0.62248,0.64151,0.37117,0.25144
0.62043,0.64282,0.37086,0.25358
0.61839,0.64436,0.37011,0.25577
0.61622,0.64623,0.36894,0.25796
0.61373,0.64855,0.36747,0.26015
0.61097,0.65122,0.36575,0.2624
0.60811,0.65406,0.36379,0.26469
0.60522,0.65704,0.36158,0.26696
0.60235,0.66002,0.35923,0.26928
0.59961,0.66274,0.35696,0.27169
0.5969,0.66536,0.35494,0.27391
0.59439,0.66774,0.35312,0.27592
0.59213,0.66989,0.35156,0.27756
0.59015,0.67172,0.35037,0.27885
0.58855,0.67302,0.3497,0.27995
0.58716,0.67388,0.34952,0.28102
0.58594,0.67442,0.34971,0.28203
0.58494,0.67467,0.35014,0.28296
0.58418,0.67476,0.35054,0.28382
0.58366,0.67482,0.35069,0.28456
0.58328,0.67501,0.35041,0.28522
0.58295,0.67532,0.3498,0.2859
0.5827,0.67571,0.3488,0.28672
0.58255,0.67612,0.34748,0.28766
0.58245,0.67655,0.34601,0.28863
0.58242,0.67699,0.3445,0.28948
0.5826,0.67734,0.34299,0.29007
0.58303,0.6776,0.34151,0.29036
0.58366,0.67781,0.34007,0.29029
0.58444,0.67799,0.33868,0.28992
0.58531,0.67817,0.33728,0.28936
0.58622,0.67837,0.33582,0.28876
0.5871,0.67857,0.33433,0.28823
0.58787,0.67878,0.33284,0.2879
0.58858,0.67895,0.33136,0.28775
0.58929,0.67911,0.32987,0.28765
0.59002,0.67927,0.32837,0.28748
0.59083,0.67941,0.3269,0.28715
0.59175,0.67951,0.32548,0.28664
0.59265,0.67964,0.32422,0.28589
0.59349,0.6798,0.32311,0.28502
0.59424,0.68003,0.32208,0.28408
0.59485,0.68034,0.32115,0.28311
0.5954,0.68063,0.32029,0.28222
0.59596,0.68084,0.31949,0.28146
0.59646,0.681,0.3188,0.28079
0.59688,0.6811,0.31833,0.2802
0.59718,0.68117,0.31812,0.27961
0.59746,0.6812,0.31808,0.27899
0.59779,0.68113,0.31816,0.27835
0.59807,0.68104,0.31837,0.27774
0.5983,0.6809,0.31865,0.27726
0.5985,0.68071,0.31895,0.27697
0.59863,0.68048,0.31926,0.2769
0.59869,0.6802,0.31961,0.27704
0.59873,0.67982,0.32004,0.27737
0.59881,0.67936,0.32052,0.27778
0.599,0.67885,0.32098,0.27809
0.59936,0.67826,0.32136,0.27831
0.59985,0.6776,0.32169,0.27849
0.60043,0.67678,0.32203,0.27882
0.60108,0.67576,0.32242,0.27945
0.60182,0.6745,0.32281,0.28047
0.60248,0.67316,0.3232,0.2818
0.60304,0.6719,0.32353,0.28325
0.60352,0.67082,0.32375,0.28452
0.60398,0.67,0.32392,0.28528
0.60467,0.66918,0.32404,0.2856
0.60563,0.66824,0.32425,0.28553
0.60668,0.66719,0.32468,0.28528
0.60782,0.66592,0.32549,0.28489
0.60893,0.66462,0.32656,0.28435
0.6101,0.66318,0.32786,0.28367
0.61141,0.66166,0.32935,0.28271
0.61278,0.66019,0.33086,0.2814
0.61423,0.65879,0.33231,0.27979
0.61578,0.65741,0.33366,0.27804
0.61729,0.65608,0.33495,0.27627
0.61878,0.65482,0.33611,0.27452
0.62026,0.65369,0.33704,0.27271
0.62174,0.6527,0.33776,0.27081
0.62329,0.65185,0.33824,0.26868
0.62487,0.65112,0.33858,0.26635
0.62647,0.65045,0.33885,0.26389
0.62808,0.64978,0.33907,0.26142
0.62971,0.64909,0.33926,0.25895
0.63132,0.64844,0.33938,0.25647
0.63293,0.64777,0.33946,0.25409
0.63447,0.6471,0.33957,0.25182
0.63597,0.64643,0.33965,0.2496
0.63751,0.64573,0.33972,0.2474
0.63909,0.64498,0.3398,0.24514
0.64068,0.64424,0.33992,0.24277
0.64224,0.64352,0.34012,0.24027
0.64381,0.64282,0.34028,0.23769
0.64538,0.64221,0.34031,0.23504
0.64693,0.6417,0.34014,0.23241
0.64835,0.64141,0.33972,0.22983
0.64959,0.64137,0.33906,0.2274
0.65077,0.64147,0.33812,0.22514
0.65187,0.64175,0.33689,0.22301
0.65297,0.64205,0.33542,0.22112
0.65411,0.64233,0.3338,0.21938
0.6552,0.64269,0.3321,0.21765
0.65623,0.64309,0.33041,0.21593
0.65723,0.64348,0.32878,0.21421
0.65817,0.64385,0.32725,0.21255
0.65904,0.64419,0.32583,0.211
0.65983,0.64449,0.32453,0.20959
0.66057,0.64477,0.3233,0.20832
0.66125,0.64504,0.32211,0.20717
0.66188,0.64535,0.32091,0.20605
0.66251,0.64568,0.31964,0.20494
0.66311,0.64608,0.3183,0.20385
0.66361,0.64657,0.31691,0.20281
0.66403,0.64714,0.31549,0.20185
0.66437,0.64775,0.31404,0.20102
0.66463,0.64843,0.31255,0.20028
0.66479,0.64921,0.31105,0.19958
0.66483,0.65011,0.30955,0.19887
0.66476,0.65109,0.30809,0.19813
0.66457,0.65213,0.30676,0.19744
0.66428,0.65315,0.30557,0.19688
0.6639,0.65413,0.30454,0.19647
0.66342,0.65505,0.30377,0.19625
0.66289,0.65584,0.30325,0.19619
0.66238,0.65651,0.30291,0.1962
0.66183,0.6571,0.30277,0.1963
0.66118,0.65767,0.30283,0.1965
0.66017,0.6584,0.30323,0.19681
0.65926,0.65914,0.30357,0.19686
0.65861,0.66005,0.30346,0.19615
0.65818,0.66108,0.30282,0.19512
0.65801,0.66177,0.30209,0.19449
0.65773,0.66241,0.30154,0.19412
0.65692,0.66339,0.30129,0.19388
0.65605,0.66431,0.30122,0.19381
0.65542,0.66485,0.30133,0.19393
0.65495,0.66506,0.30173,0.19417
0.65454,0.6651,0.30238,0.19441
0.65414,0.66511,0.30314,0.19451
0.65382,0.66509,0.30387,0.19452
0.65352,0.66505,0.30455,0.1946
0.65323,0.66498,0.30518,0.19481
0.65294,0.66492,0.30577,0.19508
0.65263,0.66487,0.30634,0.19539
0.65235,0.66478,0.30694,0.19569
0.6521,0.66466,0.30755,0.19597
0.6519,0.66449,0.30817,0.19624
0.65174,0.66426,0.30882,0.19653
0.65157,0.66394,0.30961,0.19691
0.65136,0.66354,0.31061,0.19742
0.65109,0.66307,0.31179,0.19802
0.65085,0.66254,0.31302,0.19865
0.65066,0.66195,0.31424,0.19927
0.65053,0.66134,0.31543,0.19987
0.65027,0.66083,0.31662,0.20052
0.64992,0.66028,0.31794,0.20136
0.6495,0.65976,0.31932,0.20221
0.6491,0.65928,0.32064,0.20302
0.64895,0.6585,0.32198,0.2039
0.64896,0.65752,0.32341,0.20477
0.64905,0.65638,0.325,0.2056
0.64915,0.65512,0.32683,0.20641
0.64925,0.65375,0.32889,0.20715
0.64939,0.65226,0.3311,0.2079
0.64959,0.65063,0.33341,0.20867
0.64985,0.64888,0.33578,0.20951
0.65013,0.64708,0.33817,0.2104
0.65038,0.64531,0.3405,0.21127
0.65068,0.64357,0.34272,0.21207
0.65092,0.6419,0.34496,0.21278
0.65109,0.64026,0.3473,0.21339
0.65119,0.63859,0.3498,0.21401
0.65125,0.63679,0.35249,0.21477
0.65127,0.63485,0.35537,0.2157
0.65122,0.63285,0.3584,0.21671
0.65117,0.63077,0.36149,0.21778
0.6512,0.62861,0.36454,0.21886
0.6513,0.6264,0.36754,0.21989
0.65145,0.62415,0.37047,0.22089
0.65163,0.6219,0.37335,0.22186
0.65185,0.61966,0.37616,0.22273
0.65226,0.61734,0.37875,0.22361
0.65289,0.61489,0.38103,0.22463
0.65354,0.61249,0.38305,0.22586
0.65411,0.61027,0.38479,0.22726
0.65442,0.60843,0.38629,0.22875
0.6543,0.60713,0.38761,0.2303
0.65401,0.60603,0.38882,0.23198
0.65369,0.605,0.3899,0.23375
0.65333,0.60398,0.39096,0.23563
0.65301,0.60286,0.39199,0.23767
0.65297,0.60166,0.39265,0.23972
0.65279,0.60117,0.39274,0.2413
0.65224,0.60137,0.39252,0.24261
0.65157,0.60179,0.3921,0.24407
0.65089,0.60222,0.39145,0.24585
0.65033,0.60255,0.39049,0.24803
0.6499,0.60268,0.38937,0.2506
0.64945,0.60262,0.38838,0.25341
0.64902,0.60233,0.3877,0.25623
0.64878,0.60167,0.38741,0.25882
0.64864,0.60065,0.38763,0.26121
0.64829,0.59923,0.38862,0.26387
0.64771,0.59729,0.39017,0.26737
0.64717,0.5943,0.39221,0.27232
0.6465,0.58999,0.39529,0.27874
0.64485,0.58492,0.40017,0.28619
0.64113,0.58007,0.40743,0.29407
0.63614,0.57561,0.41608,0.30146
0.63147,0.57146,0.42471,0.30709
0.62837,0.56814,0.43222,0.3091
0.62706,0.5653,0.43887,0.30761
0.62673,0.56331,0.44627,0.30121
0.62749,0.56198,0.45399,0.29041
0.63095,0.55968,0.45994,0.2777
0.63734,0.55586,0.46313,0.2652
0.64431,0.55169,0.46511,0.25333
0.64926,0.547,0.46854,0.24439
0.65087,0.53966,0.47561,0.24273
0.64764,0.53067,0.48533,0.25181
0.63532,0.52754,0.49228,0.27518
0.61529,0.54413,0.48714,0.29669
0.61164,0.5577,0.47736,0.29496
0.61613,0.55837,0.47492,0.28819
0.61753,0.56157,0.47133,0.28484
0.61872,0.56895,0.46171,0.28337
0.61833,0.57708,0.45336,0.28126
0.61548,0.58434,0.44786,0.28136
0.61207,0.59032,0.4419,0.28569
0.60865,0.59567,0.43509,0.29225
0.60568,0.60028,0.42903,0.29791
0.60325,0.60413,0.42439,0.30167
0.60157,0.60788,0.42024,0.3033
0.59993,0.6128,0.41541,0.3033
0.598,0.61833,0.40961,0.30379
0.59671,0.62368,0.40315,0.30402
0.59606,0.62894,0.39672,0.30293
0.59542,0.63315,0.39181,0.30179
0.59459,0.63598,0.38878,0.3014
0.59459,0.63652,0.38757,0.30181
0.5966,0.63559,0.38651,0.30117
0.59991,0.63534,0.38419,0.29807
0.60333,0.63603,0.38108,0.29366
0.60621,0.63663,0.37832,0.28998
0.60844,0.63678,0.37627,0.28764
0.61007,0.63686,0.37454,0.28627
0.61118,0.63777,0.37216,0.28496
0.6119,0.63975,0.36882,0.28331
0.61252,0.6419,0.36526,0.28172
0.61325,0.64353,0.36212,0.28046
0.61404,0.64436,0.35989,0.27971
0.61476,0.64456,0.35847,0.27949
0.61524,0.64465,0.35741,0.2796
0.61545,0.645,0.35631,0.2797
0.61552,0.64562,0.35508,0.2797
0.61564,0.64634,0.3537,0.27952
0.61585,0.64714,0.35211,0.2792
0.61607,0.64809,0.35021,0.27892
0.61625,0.6491,0.34806,0.27884
0.61644,0.65004,0.34594,0.27889
0.61665,0.65078,0.34407,0.27898
0.61685,0.65131,0.34258,0.27916
0.61695,0.65157,0.34155,0.27958
0.61695,0.6515,0.34107,0.28035
0.61691,0.65127,0.34087,0.28121
0.61679,0.65102,0.34093,0.28198
0.61659,0.65082,0.34121,0.28254
0.61625,0.65072,0.34171,0.28288
0.61579,0.65072,0.34244,0.28303
0.61547,0.65067,0.34313,0.283
0.61528,0.6507,0.34359,0.28281
0.61514,0.65085,0.34374,0.28256
0.61508,0.65097,0.34371,0.28246
0.615,0.65114,0.34349,0.28249
0.61484,0.65143,0.34312,0.28264
0.61469,0.65173,0.34263,0.28286
0.61456,0.65209,0.342,0.28306
0.61442,0.65259,0.3413,0.28308
0.61431,0.65312,0.34061,0.28291
0.6143,0.65359,0.34002,0.28256
0.61438,0.65397,0.33954,0.28208
0.61459,0.65421,0.33919,0.28149
0.61493,0.65426,0.33898,0.28088
0.61535,0.65418,0.33888,0.28027
0.61575,0.65406,0.33884,0.27973
0.61606,0.65393,0.33889,0.27928
0.61626,0.65383,0.33904,0.27888
0.61634,0.65382,0.33929,0.27845
0.61636,0.65392,0.33951,0.27788
0.6164,0.65411,0.33964,0.2772
0.61644,0.65437,0.33968,0.27643
0.61644,0.65471,0.33969,0.27563
0.61634,0.65508,0.33975,0.27489
0.6162,0.65539,0.33992,0.27427
0.61618,0.65554,0.34008,0.27374
0.61634,0.65555,0.34017,0.27325
0.61651,0.65557,0.34025,0.27272
0.6167,0.65551,0.34039,0.27226
0.6169,0.65533,0.34063,0.27192
0.61711,0.65508,0.34094,0.27168
0.61731,0.65476,0.34131,0.2715
0.61753,0.65441,0.34173,0.27133
0.61775,0.654,0.34222,0.27121
0.61791,0.65355,0.34283,0.27116
0.61803,0.65306,0.3435,0.27123
0.6181,0.65256,0.34418,0.27141
0.61817,0.65203,0.34486,0.27164
0.61829,0.65146,0.34551,0.2719
0.61857,0.65081,0.34603,0.27218
0.61902,0.65005,0.34638,0.27251
0.61955,0.64923,0.34669,0.2729
0.62012,0.64832,0.347,0.27335
0.6207,0.64734,0.34735,0.27392
0.62135,0.64613,0.34781,0.27471
0.62202,0.64474,0.34842,0.2757
0.62274,0.64322,0.3491,0.27676
0.62356,0.64167,0.34975,0.27768
0.6244,0.64017,0.35038,0.27848
0.62527,0.63868,0.35096,0.27919
0.62624,0.63716,0.35145,0.27988
0.62726,0.63561,0.35188,0.28058
0.62827,0.6341,0.35223,0.28129
0.62927,0.63261,0.35252,0.28205
0.63028,0.63102,0.35284,0.28296
0.63121,0.62937,0.35331,0.28398
0.63196,0.62764,0.35411,0.28515
0.63267,0.62587,0.35506,0.28627
0.63337,0.62422,0.35599,0.28716
0.63423,0.62254,0.35681,0.2879
0.63517,0.62087,0.35756,0.28851
0.63607,0.61927,0.35828,0.28908
0.63687,0.61768,0.35908,0.28972
0.63753,0.61615,0.35997,0.29041
0.63814,0.61462,0.3609,0.29116
0.63879,0.61303,0.36182,0.29195
0.63945,0.61143,0.36275,0.29271
0.64015,0.6098,0.36367,0.29342
0.64096,0.60811,0.36455,0.29408
0.6418,0.60638,0.36542,0.29474
0.64263,0.60456,0.36637,0.2955
0.64341,0.60261,0.36746,0.2964
0.64414,0.60066,0.36866,0.29728
0.64485,0.59888,0.3698,0.29792
0.64564,0.59734,0.37067,0.29822
0.64652,0.59606,0.37123,0.29818
0.64746,0.5951,0.37141,0.29783
0.6484,0.59435,0.37132,0.29739
0.6493,0.59368,0.37112,0.29701
0.65007,0.59309,0.37096,0.29671
0.6508,0.59249,0.37083,0.29648
0.65161,0.59179,0.37072,0.29624
0.65251,0.59107,0.37055,0.29588
0.65356,0.59036,0.37028,0.29536
0.65473,0.58965,0.36988,0.29466
0.65582,0.58918,0.36941,0.29376
0.65671,0.58898,0.36897,0.29273
0.6573,0.58914,0.36858,0.29157
0.6577,0.5896,0.36812,0.29033
0.65798,0.59027,0.36753,0.28908
0.65817,0.59107,0.36686,0.28787
0.65831,0.59193,0.36614,0.28667
0.65837,0.59289,0.36541,0.2855
0.65837,0.5939,0.36466,0.28434
0.65836,0.59495,0.36391,0.28315
0.65835,0.596,0.36314,0.28193
0.65834,0.59706,0.36243,0.28063
0.65826,0.59811,0.36187,0.27928
0.65814,0.59911,0.36152,0.27788
0.65798,0.6001,0.36134,0.27637
0.65781,0.60107,0.36126,0.27475
0.65768,0.60194,0.3613,0.2731
0.65757,0.6027,0.36146,0.27148
0.6575,0.60333,0.36172,0.26988
0.65747,0.60389,0.36204,0.26829
0.65744,0.60444,0.36237,0.26666
0.65741,0.60502,0.36269,0.265
0.65738,0.60565,0.36291,0.26331
0.65739,0.60633,0.36294,0.26168
0.65738,0.60709,0.36282,0.26011
0.65735,0.60796,0.36253,0.25857
0.6573,0.60891,0.36209,0.25706
0.65725,0.6099,0.36152,0.25562
0.65706,0.61097,0.36103,0.25427
0.65671,0.61204,0.36072,0.25301
0.65629,0.61322,0.36042,0.25168
0.65595,0.61438,0.36001,0.25032
0.6557,0.61541,0.35959,0.24905
0.65547,0.61638,0.35917,0.24786
0.65518,0.6172,0.35892,0.24693
0.65474,0.61798,0.35891,0.24619
0.65424,0.61861,0.35906,0.24568
0.65376,0.6191,0.35931,0.24537
0.6532,0.61959,0.35964,0.24514
0.65261,0.62009,0.35998,0.24496
0.65201,0.62065,0.36021,0.2448
0.65139,0.62129,0.3603,0.24468
0.65066,0.62206,0.36029,0.24467
0.64981,0.62292,0.36025,0.24481
0.64879,0.62387,0.36021,0.24518
0.64764,0.62486,0.3602,0.24573
0.64634,0.62586,0.36024,0.24652
0.6449,0.62685,0.36038,0.24756
0.64338,0.62782,0.36059,0.24875
0.64171,0.62881,0.3609,0.25011
0.63987,0.62988,0.36128,0.25158
0.63788,0.63104,0.36171,0.25312
0.63581,0.63227,0.36209,0.25468
0.63369,0.63367,0.36232,0.25617
0.63148,0.63527,0.36238,0.25757
0.62928,0.63699,0.36217,0.25899
0.62705,0.63885,0.36173,0.26042
0.6247,0.64086,0.36116,0.26193
0.62225,0.6429,0.36053,0.26364
0.61964,0.64499,0.35994,0.26547
0.61685,0.64717,0.35941,0.26736
0.61398,0.64939,0.35891,0.26927
0.61121,0.65158,0.35834,0.27103
0.60865,0.65372,0.35765,0.27254
0.60629,0.65576,0.35692,0.27385
0.60407,0.65772,0.35622,0.27498
0.60194,0.65955,0.35562,0.27603
0.59996,0.66116,0.35519,0.27705
0.59815,0.66256,0.35487,0.27805
0.59658,0.66367,0.35463,0.27906
0.59526,0.66449,0.35447,0.28013
0.59417,0.66502,0.35441,0.28126
0.59323,0.66538,0.35439,0.28242
0.59243,0.66562,0.35434,0.28358
0.59177,0.6658,0.35419,0.28471
0.59125,0.66595,0.35393,0.28577
0.5909,0.66606,0.35351,0.28675
0.59077,0.66611,0.35292,0.28763
0.59086,0.66615,0.35212,0.28834
0.59114,0.66621,0.35108,0.2889
0.59161,0.66626,0.3498,0.28937
0.59226,0.66631,0.34831,0.28974
0.59303,0.66635,0.34667,0.29001
0.59389,0.66638,0.34495,0.29023
0.59481,0.66636,0.34324,0.29041
0.59568,0.66635,0.34166,0.29054
0.59641,0.66637,0.34028,0.29063
0.597,0.66638,0.33917,0.29067
0.59753,0.66647,0.3382,0.2905
0.59817,0.66659,0.33719,0.29009
0.5992,0.66654,0.33597,0.28949
0.60037,0.66647,0.33467,0.28873
0.60157,0.66645,0.33336,0.28781
0.60272,0.66645,0.3321,0.28685
0.60378,0.66651,0.3309,0.28585
0.60488,0.66655,0.32967,0.28486
0.60599,0.66658,0.32843,0.28386
0.60709,0.66664,0.32718,0.28283
0.60817,0.66676,0.3259,0.28169
0.60924,0.66695,0.32459,0.28044
0.61029,0.66721,0.32326,0.27908
0.61128,0.6675,0.32199,0.27767
0.61223,0.66781,0.3208,0.27622
0.61311,0.66814,0.31973,0.27471
0.61388,0.66852,0.31879,0.27313
0.61461,0.66895,0.31791,0.27146
0.61536,0.66942,0.31698,0.26967
0.61617,0.66993,0.31597,0.26777
0.617,0.67047,0.31484,0.2658
0.61786,0.67101,0.31364,0.26386
0.61869,0.67155,0.3124,0.26202
0.61938,0.67208,0.31127,0.26037
0.61999,0.67253,0.31029,0.25891
0.62064,0.6728,0.30942,0.25769
0.62123,0.67308,0.30863,0.25649
0.62173,0.67345,0.30784,0.25526
0.62228,0.6738,0.30701,0.254
0.62279,0.67421,0.30614,0.25269
0.62324,0.67468,0.30526,0.25139
0.62364,0.67513,0.30444,0.25018
0.62391,0.67561,0.30377,0.24903
0.62401,0.67617,0.30325,0.24787
0.62409,0.67669,0.30288,0.24669
0.62426,0.67708,0.30263,0.24552
0.6245,0.67735,0.3025,0.24431
0.6248,0.67751,0.30254,0.24305
0.62523,0.6775,0.30272,0.24175
0.62569,0.67741,0.30307,0.24036
0.62617,0.67728,0.30355,0.23888
0.62672,0.67705,0.30416,0.2373
0.6274,0.67667,0.3049,0.23566
0.62823,0.67609,0.30572,0.23403
0.62926,0.67531,0.30655,0.23241
0.63035,0.67449,0.30735,0.23078
0.63157,0.6736,0.30802,0.22915
0.63294,0.67266,0.30846,0.22753
0.63436,0.67174,0.30873,0.22591
0.63575,0.67087,0.30895,0.22428
0.63715,0.67004,0.30914,0.22252
0.63861,0.6692,0.3093,0.22066
0.64018,0.66828,0.30942,0.2187
0.64183,0.6673,0.30953,0.21669
0.64354,0.66626,0.30963,0.21468
0.6453,0.66512,0.30974,0.21275
0.647,0.66402,0.30984,0.21089
0.6486,0.663,0.30991,0.20906
0.65015,0.6621,0.30985,0.20715
0.65165,0.66136,0.30965,0.20511
0.65317,0.66064,0.30936,0.20303
0.65472,0.65987,0.30904,0.20099
0.65627,0.65905,0.30879,0.19905
0.65772,0.65814,0.30874,0.19731
0.65909,0.65716,0.30888,0.19579
0.66043,0.6561,0.3091,0.19447
0.66176,0.655,0.30934,0.1933
0.66308,0.65391,0.30948,0.19221
0.6645,0.65279,0.30942,0.19118
0.66598,0.65172,0.30915,0.19016
0.66741,0.65077,0.30871,0.18911
0.66877,0.64996,0.30812,0.18805
0.67006,0.64926,0.30743,0.18701
0.67127,0.64864,0.30666,0.18605
0.67245,0.64804,0.30586,0.18521
0.67363,0.64743,0.30502,0.18445
0.67477,0.64686,0.30416,0.18371
0.67593,0.64628,0.30325,0.18298
0.67712,0.64566,0.30232,0.18228
0.67827,0.64503,0.30144,0.18171
0.67939,0.64434,0.30066,0.18127
0.68048,0.6436,0.29996,0.18094
0.68154,0.64283,0.29937,0.18069
0.68264,0.64199,0.29879,0.18049
0.68369,0.64116,0.29827,0.18031
0.68474,0.64028,0.29782,0.18022
0.68561,0.63961,0.29735,0.18009
0.68632,0.63915,0.2968,0.17989
0.68698,0.6388,0.29614,0.17969
0.68759,0.63857,0.29532,0.17955
0.68809,0.6385,0.29436,0.17944
0.68845,0.63864,0.29328,0.17935
0.6886,0.63898,0.29216,0.17935
0.68859,0.63946,0.29108,0.17947
0.68848,0.64002,0.29001,0.17965
0.68846,0.64081,0.2886,0.17916
0.68842,0.64205,0.2867,0.17793
0.68886,0.64276,0.28465,0.17697
0.68954,0.64299,0.28278,0.17646
0.6899,0.64339,0.28117,0.17615
0.69005,0.64397,0.27967,0.17584
0.69039,0.64426,0.27829,0.17564
0.6908,0.64435,0.27718,0.17546
0.69117,0.64444,0.27626,0.1751
0.69156,0.64457,0.27534,0.17454
0.692,0.64467,0.27443,0.17384
0.69246,0.64471,0.2736,0.17316
0.69288,0.64472,0.2729,0.17257
0.69325,0.6447,0.27233,0.17208
0.69357,0.64464,0.27188,0.1717
0.69389,0.64452,0.27154,0.17139
0.69418,0.6444,0.27131,0.17106
0.69447,0.64428,0.27107,0.17069
0.6947,0.64423,0.2708,0.17034
0.69467,0.64441,0.27064,0.17006
0.69432,0.64489,0.27059,0.16978
0.69387,0.64557,0.27037,0.16936
0.69361,0.64613,0.26998,0.16892
0.69358,0.64647,0.2695,0.1685
0.69356,0.64679,0.26908,0.16804
0.69354,0.64703,0.2688,0.16765
0.69364,0.64702,0.26873,0.16738
0.69384,0.64683,0.26877,0.16721
0.69414,0.64655,0.26877,0.16706
0.69449,0.6463,0.26858,0.16686
0.69488,0.64611,0.26819,0.16661
0.69529,0.64601,0.26757,0.16629
0.69574,0.64598,0.2667,0.16593
0.69624,0.64597,0.26565,0.16553
0.69676,0.64598,0.26455,0.16508
0.69727,0.646,0.26346,0.16457
0.69777,0.64603,0.26242,0.16401
0.69827,0.64605,0.26141,0.16342
0.69876,0.64609,0.26039,0.16277
0.69928,0.64614,0.25933,0.16206
0.69979,0.64623,0.25822,0.16128
0.70027,0.64637,0.25706,0.16046
0.7007,0.64661,0.25583,0.15958
0.70106,0.64698,0.25449,0.15867
0.7014,0.64743,0.25299,0.15773
0.70179,0.64793,0.25124,0.15672
0.70216,0.64853,0.2493,0.15564
0.70247,0.6493,0.24715,0.15449
0.70273,0.6502,0.24479,0.15327
0.70301,0.65118,0.24219,0.15195
0.70338,0.65217,0.23932,0.1505
0.70384,0.65315,0.23626,0.14892
0.70433,0.65418,0.23303,0.14717
0.70482,0.6553,0.22962,0.14521
0.70539,0.65639,0.22606,0.14313
0.70605,0.65739,0.22237,0.14099
0.70679,0.65833,0.21863,0.13879
0.70755,0.6592,0.21489,0.13654
0.70835,0.66002,0.21116,0.13426
0.70921,0.66074,0.20745,0.13192
0.71011,0.66142,0.20372,0.12946
0.71105,0.66207,0.19996,0.12685
0.71199,0.66272,0.19616,0.12408
0.71296,0.66335,0.19228,0.12116
0.71392,0.66401,0.1883,0.11811
