0.66277,0.74868,-0.0096956,0.010949
0.66278,0.74867,-0.0096786,0.010914
0.6628,0.74866,-0.0096552,0.010884
0.6628,0.74865,-0.0096207,0.010858
0.66281,0.74865,-0.0095931,0.010835
0.66282,0.74864,-0.0095665,0.010811
0.66283,0.74863,-0.0095245,0.010785
0.66284,0.74862,-0.0094812,0.01076
0.66285,0.74862,-0.0094419,0.010734
0.66286,0.74861,-0.0094054,0.010709
0.66286,0.74861,-0.0093709,0.010681
0.66286,0.74861,-0.0093251,0.010657
0.66287,0.7486,-0.0092913,0.010637
0.66288,0.74859,-0.009263,0.010613
0.66289,0.74858,-0.0092331,0.010591
0.6629,0.74858,-0.0092051,0.010569
0.6629,0.74857,-0.0091816,0.010543
0.66291,0.74857,-0.0091623,0.010518
0.66291,0.74857,-0.0091436,0.01049
0.6629,0.74858,-0.009131,0.010465
0.66289,0.74859,-0.0091134,0.01044
0.66289,0.74859,-0.0090897,0.010412
0.66289,0.74859,-0.0090639,0.010387
0.66288,0.7486,-0.0090416,0.010367
0.66288,0.7486,-0.0090225,0.010346
0.66288,0.7486,-0.0090073,0.010322
0.66288,0.7486,-0.008989,0.010299
0.66288,0.7486,-0.0089672,0.01028
0.66288,0.7486,-0.0089475,0.010266
0.66288,0.7486,-0.0089288,0.010252
0.66289,0.7486,-0.0089179,0.010234
0.66289,0.74859,-0.0089171,0.01022
0.6629,0.74859,-0.0089141,0.010211
0.66291,0.74858,-0.0089011,0.010203
0.66293,0.74856,-0.0088862,0.010192
0.66294,0.74855,-0.008873,0.010181
0.66296,0.74854,-0.008853,0.010169
0.66297,0.74853,-0.0088279,0.010152
0.66298,0.74852,-0.0088141,0.010133
0.66299,0.74851,-0.0087989,0.010115
0.663,0.7485,-0.0087828,0.010095
0.66301,0.74849,-0.008777,0.010076
0.66302,0.74849,-0.0087663,0.010059
0.66303,0.74847,-0.0087455,0.010043
0.66304,0.74847,-0.0087189,0.010025
0.66304,0.74846,-0.0086895,0.010001
0.66305,0.74846,-0.0086632,0.009983
0.66305,0.74846,-0.0086538,0.0099694
0.66306,0.74845,-0.0086536,0.0099446
0.66307,0.74844,-0.0086614,0.0099147
0.66308,0.74843,-0.0086706,0.0098868
0.66309,0.74842,-0.0086692,0.0098681
0.6631,0.74842,-0.0086562,0.0098553
0.66311,0.74841,-0.00865,0.0098411
0.66311,0.74841,-0.0086411,0.0098205
0.66312,0.7484,-0.0086317,0.0098056
0.66313,0.74839,-0.0086271,0.009795
0.66314,0.74838,-0.0086226,0.0097828
0.66314,0.74838,-0.0086277,0.0097735
0.66315,0.74837,-0.0086309,0.009755
0.66316,0.74837,-0.0086335,0.0097375
0.66316,0.74836,-0.0086355,0.0097312
0.66317,0.74835,-0.0086378,0.0097188
0.66318,0.74835,-0.0086423,0.0097024
0.66318,0.74834,-0.0086507,0.0096966
0.66319,0.74834,-0.0086588,0.0096921
0.6632,0.74833,-0.008647,0.0096884
0.66322,0.74831,-0.0086324,0.0096825
0.66324,0.7483,-0.0086238,0.0096824
0.66325,0.74829,-0.0086074,0.0096816
0.66326,0.74828,-0.0085821,0.0096876
0.66326,0.74828,-0.0085643,0.009691
0.66328,0.74826,-0.0085588,0.0096794
0.66328,0.74826,-0.0085508,0.0096653
0.66329,0.74825,-0.0085387,0.0096547
0.66329,0.74825,-0.0085122,0.0096447
0.6633,0.74825,-0.008485,0.0096496
0.66331,0.74824,-0.0084604,0.0096491
0.66333,0.74822,-0.0084219,0.0096413
0.66334,0.74821,-0.0083974,0.0096304
0.66335,0.7482,-0.0083882,0.0096238
0.66336,0.74819,-0.0083835,0.0096131
0.66337,0.74818,-0.0083851,0.0096158
0.66338,0.74817,-0.0083816,0.0096135
0.66339,0.74816,-0.008373,0.0096055
0.66339,0.74816,-0.008373,0.0095944
0.6634,0.74816,-0.0083668,0.0095806
0.66341,0.74815,-0.0083676,0.0095808
0.6634,0.74815,-0.0083675,0.009577
0.66339,0.74816,-0.0083683,0.0095616
0.66338,0.74817,-0.0083726,0.0095401
0.66338,0.74818,-0.0083788,0.0095183
0.66337,0.74819,-0.0083824,0.0094991
0.66335,0.7482,-0.0083832,0.0094914
0.66333,0.74822,-0.0083853,0.0094876
0.66333,0.74822,-0.0083872,0.009483
0.66332,0.74823,-0.0083884,0.0094727
0.66331,0.74824,-0.0083898,0.0094606
0.6633,0.74825,-0.0083895,0.0094472
0.66328,0.74827,-0.0083841,0.0094331
0.66327,0.74827,-0.0083727,0.0094203
0.66326,0.74828,-0.008349,0.0094116
0.66325,0.74829,-0.0083278,0.0094016
0.66324,0.7483,-0.0083207,0.0093914
0.66323,0.74831,-0.0083141,0.009379
0.66321,0.74833,-0.0083023,0.0093619
0.6632,0.74834,-0.0082914,0.0093419
0.66318,0.74836,-0.0082816,0.0093203
0.66317,0.74836,-0.0082675,0.0093021
0.66317,0.74837,-0.0082568,0.0092875
0.66316,0.74838,-0.0082553,0.009275
0.66315,0.74838,-0.0082525,0.0092659
0.66314,0.74839,-0.0082455,0.0092561
0.66314,0.74839,-0.0082413,0.0092454
0.66314,0.74839,-0.0082481,0.0092377
0.66314,0.7484,-0.0082597,0.0092345
0.66314,0.7484,-0.0082744,0.0092348
0.66313,0.7484,-0.0082859,0.0092342
0.66313,0.7484,-0.0082992,0.0092307
0.66313,0.7484,-0.0083169,0.0092182
0.66313,0.7484,-0.0083353,0.009205
0.66313,0.7484,-0.0083594,0.0091922
0.66312,0.74841,-0.0083841,0.0091846
0.66312,0.74841,-0.0084022,0.009188
0.66311,0.74841,-0.0084214,0.009186
0.66311,0.74842,-0.0084408,0.0091787
0.6631,0.74843,-0.0084512,0.0091749
0.6631,0.74843,-0.0084604,0.0091676
0.66308,0.74844,-0.0084691,0.0091492
0.66307,0.74845,-0.0084741,0.0091365
0.66306,0.74846,-0.0084716,0.0091346
0.66306,0.74847,-0.0084613,0.0091411
0.66304,0.74848,-0.0084531,0.0091191
0.66304,0.74848,-0.0084553,0.0090989
0.66303,0.74849,-0.0084652,0.0090809
0.66303,0.74849,-0.0084639,0.0090857
0.66302,0.7485,-0.0084545,0.0090908
0.66301,0.74851,-0.0084555,0.0090825
0.66301,0.74851,-0.0084719,0.0090693
0.663,0.74851,-0.0084874,0.0090586
0.663,0.74852,-0.0084964,0.0090546
0.66301,0.74851,-0.008497,0.0090485
0.66301,0.7485,-0.0085042,0.0090425
0.66301,0.7485,-0.0085064,0.0090459
0.66301,0.74851,-0.0085091,0.0090419
0.66301,0.7485,-0.0085109,0.0090366
0.66301,0.74851,-0.0085193,0.0090381
0.66301,0.74851,-0.0085271,0.0090398
0.66302,0.74849,-0.0085363,0.0090423
0.66303,0.74849,-0.0085357,0.0090424
0.66303,0.74849,-0.0085322,0.0090401
0.66305,0.74848,-0.0085237,0.009053
0.66306,0.74846,-0.008522,0.0090565
0.66307,0.74845,-0.0085302,0.0090602
0.66307,0.74845,-0.0085301,0.009061
0.66308,0.74845,-0.0085306,0.0090488
0.66307,0.74845,-0.0085412,0.0090261
0.66308,0.74845,-0.0085448,0.0090012
0.66307,0.74845,-0.0085465,0.0089819
0.66306,0.74847,-0.0085281,0.008962
0.66305,0.74847,-0.0085025,0.008934
0.66304,0.74848,-0.0084966,0.0089177
0.66304,0.74848,-0.0084898,0.0089045
0.66304,0.74849,-0.0084732,0.0088935
0.66304,0.74849,-0.0084521,0.0088876
0.66304,0.74848,-0.0084376,0.0088846
0.66304,0.74849,-0.0084284,0.008891
0.66303,0.74849,-0.0084335,0.0088837
0.66302,0.7485,-0.0084425,0.0088675
0.66302,0.7485,-0.0084471,0.0088549
0.66302,0.7485,-0.0084396,0.0088492
0.66302,0.7485,-0.0084222,0.0088461
0.66303,0.74849,-0.0084051,0.0088414
0.66305,0.74848,-0.0083896,0.0088365
0.66306,0.74847,-0.0083754,0.0088362
0.66306,0.74846,-0.0083702,0.0088344
0.66306,0.74846,-0.0083673,0.0088262
0.66307,0.74846,-0.0083661,0.0088239
0.66307,0.74846,-0.0083595,0.0088245
0.66307,0.74846,-0.0083486,0.0088234
0.66308,0.74845,-0.0083395,0.0088163
0.66309,0.74844,-0.0083368,0.0088045
0.6631,0.74844,-0.0083361,0.0087983
0.66311,0.74842,-0.0083319,0.008793
0.66312,0.74841,-0.0083241,0.0087856
0.66313,0.7484,-0.0083096,0.0087819
0.66314,0.7484,-0.0082959,0.0087705
0.66316,0.74838,-0.0082845,0.0087535
0.66317,0.74837,-0.0082791,0.0087432
0.66319,0.74835,-0.0082763,0.0087382
0.66321,0.74834,-0.008267,0.008733
0.66322,0.74833,-0.0082514,0.0087304
0.66324,0.74831,-0.008231,0.0087246
0.66327,0.74829,-0.008213,0.0087138
0.66329,0.74827,-0.0081997,0.0087019
0.66331,0.74825,-0.0081886,0.0086866
0.66333,0.74823,-0.0081861,0.0086753
0.66335,0.74822,-0.0081875,0.0086597
0.66337,0.7482,-0.0081831,0.0086431
0.66338,0.74819,-0.0081733,0.0086242
0.66339,0.74818,-0.0081641,0.0086073
0.66341,0.74816,-0.0081602,0.0085853
0.66342,0.74815,-0.0081486,0.0085633
0.66343,0.74814,-0.0081394,0.0085498
0.66344,0.74813,-0.0081265,0.0085327
0.66346,0.74812,-0.0081086,0.0085098
0.66347,0.74811,-0.008097,0.008496
0.66349,0.74809,-0.0080819,0.0084946
0.6635,0.74808,-0.0080586,0.0084917
0.66352,0.74807,-0.0080439,0.0084842
0.66354,0.74805,-0.0080399,0.0084809
0.66355,0.74804,-0.0080369,0.0084659
0.66356,0.74803,-0.0080363,0.0084586
0.66357,0.74803,-0.008041,0.0084452
0.66358,0.74801,-0.0080319,0.0084349
0.6636,0.748,-0.0079997,0.0084287
0.6636,0.748,-0.0079732,0.0084284
0.66361,0.74799,-0.0079525,0.0084196
0.66362,0.74798,-0.0079312,0.0084091
0.66362,0.74798,-0.0079132,0.0084015
0.66363,0.74797,-0.0079015,0.0083912
0.66364,0.74797,-0.0078951,0.0083744
0.66365,0.74796,-0.0078756,0.0083579
0.66366,0.74795,-0.0078633,0.0083499
0.66366,0.74795,-0.0078458,0.0083429
0.66366,0.74794,-0.0078277,0.0083362
0.66368,0.74793,-0.0078033,0.0083287
0.66369,0.74792,-0.0077881,0.0083182
0.66369,0.74792,-0.0077741,0.0083003
0.66369,0.74792,-0.0077638,0.0082857
0.66369,0.74792,-0.0077656,0.0082758
0.66369,0.74792,-0.0077752,0.0082566
0.66368,0.74793,-0.0077769,0.0082424
0.66368,0.74793,-0.007785,0.0082386
0.66369,0.74792,-0.0077935,0.0082288
0.66369,0.74792,-0.0077949,0.0082221
0.6637,0.74792,-0.007807,0.0082115
0.66369,0.74792,-0.0078049,0.0081967
0.66369,0.74792,-0.0077983,0.0081803
0.66369,0.74792,-0.0077915,0.0081558
0.66369,0.74792,-0.0077835,0.0081408
0.66369,0.74793,-0.0077749,0.0081272
0.66369,0.74793,-0.0077646,0.0081171
0.66369,0.74792,-0.0077612,0.0081116
0.66369,0.74792,-0.0077672,0.0081088
0.66369,0.74792,-0.0077643,0.0080996
0.66368,0.74793,-0.0077629,0.0080887
0.66368,0.74793,-0.0077643,0.0080783
0.66367,0.74794,-0.0077528,0.0080678
0.66366,0.74795,-0.0077358,0.0080523
0.66366,0.74795,-0.007731,0.0080294
0.66366,0.74795,-0.0077371,0.0080135
0.66366,0.74795,-0.0077363,0.007998
0.66366,0.74795,-0.007728,0.0079854
0.66366,0.74795,-0.0077211,0.0079774
0.66366,0.74795,-0.0077153,0.0079708
0.66366,0.74795,-0.007705,0.007964
0.66367,0.74795,-0.0077016,0.0079601
0.66367,0.74794,-0.0077079,0.0079588
0.66367,0.74794,-0.0077059,0.0079484
0.66368,0.74793,-0.007697,0.0079311
0.66369,0.74793,-0.0076974,0.007912
0.6637,0.74792,-0.0077089,0.0078965
0.6637,0.74792,-0.0077266,0.0078866
0.66371,0.74791,-0.0077465,0.007875
0.66371,0.74791,-0.0077652,0.0078582
0.66371,0.74791,-0.0077785,0.0078451
0.66371,0.74791,-0.0077867,0.0078388
0.6637,0.74791,-0.0077943,0.0078257
0.6637,0.74791,-0.0078021,0.0078147
0.6637,0.74792,-0.0078162,0.0078099
0.6637,0.74791,-0.0078328,0.0077987
0.66371,0.74791,-0.0078459,0.0077894
0.66371,0.74791,-0.007856,0.0077891
0.66371,0.74791,-0.0078707,0.0077989
0.6637,0.74791,-0.0078775,0.0077959
0.6637,0.74792,-0.0078803,0.0077792
0.66369,0.74792,-0.0078877,0.0077678
0.66369,0.74793,-0.0078934,0.007751
0.66368,0.74793,-0.0079094,0.0077246
0.66367,0.74794,-0.0079316,0.0076918
0.66366,0.74795,-0.0079507,0.007664
0.66365,0.74797,-0.0079653,0.0076448
0.66363,0.74798,-0.0079655,0.0076352
0.66361,0.748,-0.0079581,0.0076292
0.6636,0.748,-0.0079385,0.0076294
0.66359,0.74802,-0.0079031,0.0076133
0.66357,0.74804,-0.007888,0.0075923
0.66355,0.74805,-0.0078932,0.0075634
0.66353,0.74807,-0.0079063,0.0075362
0.66351,0.74809,-0.0079159,0.0075209
0.6635,0.74809,-0.0079156,0.0075191
0.66349,0.74811,-0.0079047,0.0075269
0.66347,0.74812,-0.007892,0.0075281
0.66346,0.74813,-0.0078689,0.00754
0.66344,0.74815,-0.0078386,0.0075508
0.66343,0.74816,-0.0078071,0.0075612
0.66342,0.74817,-0.0077754,0.0075713
0.66341,0.74818,-0.0077473,0.0075847
0.6634,0.74819,-0.0077299,0.0075941
0.66339,0.74819,-0.0077122,0.0076095
0.66339,0.7482,-0.0076963,0.0076195
0.66338,0.7482,-0.007683,0.0076315
0.66338,0.7482,-0.0076747,0.0076473
0.66339,0.7482,-0.0076727,0.0076699
0.66339,0.74819,-0.007657,0.0076939
0.6634,0.74819,-0.0076391,0.0077212
0.6634,0.74819,-0.0076341,0.0077389
0.6634,0.74818,-0.007642,0.0077456
0.66341,0.74818,-0.0076557,0.0077541
0.66341,0.74817,-0.0076762,0.0077574
0.66342,0.74817,-0.0076911,0.0077631
0.66343,0.74816,-0.0076804,0.0077779
0.66344,0.74815,-0.0076707,0.007789
0.66346,0.74813,-0.0076812,0.0077932
0.66349,0.74811,-0.0076944,0.0077875
0.6635,0.74809,-0.0077,0.0077732
0.66351,0.74809,-0.0077023,0.0077561
0.66353,0.74807,-0.0077095,0.0077442
0.66354,0.74806,-0.0077135,0.0077291
0.66356,0.74804,-0.0077133,0.0077095
0.66359,0.74802,-0.0077103,0.0076973
0.66361,0.748,-0.0077059,0.0076889
0.66363,0.74798,-0.0077053,0.007684
0.66366,0.74795,-0.0076975,0.0076768
0.66369,0.74793,-0.0076909,0.0076589
0.66372,0.7479,-0.0076937,0.007638
0.66376,0.74787,-0.007696,0.007625
0.6638,0.74783,-0.0076935,0.007622
0.66384,0.7478,-0.007679,0.0076229
0.66388,0.74776,-0.007655,0.0076247
0.66391,0.74773,-0.0076387,0.0076215
0.66396,0.74769,-0.0076339,0.0076104
0.664,0.74766,-0.007631,0.0075952
0.66404,0.74762,-0.0076364,0.0075846
0.66408,0.74758,-0.0076473,0.007584
0.66412,0.74755,-0.0076452,0.0075879
0.66415,0.74752,-0.0076361,0.0076031
0.66419,0.74748,-0.0076259,0.0076283
0.66423,0.74745,-0.0076093,0.007655
0.66427,0.74741,-0.0075856,0.0076814
0.66431,0.74738,-0.007562,0.0077029
0.66434,0.74735,-0.0075584,0.0077145
0.66436,0.74733,-0.0075639,0.0077145
0.66439,0.74731,-0.0075699,0.0077121
0.66441,0.74729,-0.0075777,0.0077151
0.66444,0.74726,-0.0075791,0.0077353
0.66447,0.74724,-0.0075688,0.0077675
0.66449,0.74721,-0.0075498,0.0077953
0.66452,0.74719,-0.0075336,0.0078246
0.66455,0.74716,-0.0075148,0.0078449
0.66458,0.74714,-0.0075014,0.0078624
0.6646,0.74712,-0.0074881,0.0078742
0.66462,0.7471,-0.007478,0.007877
0.66464,0.74709,-0.0074826,0.0078804
0.66466,0.74706,-0.0074888,0.0078972
0.6647,0.74703,-0.0074912,0.007913
0.66473,0.74701,-0.0074992,0.0079207
0.66477,0.74697,-0.0075131,0.0079315
0.66481,0.74694,-0.0075293,0.0079549
0.66485,0.7469,-0.0075391,0.0079881
0.66489,0.74686,-0.0075421,0.0080214
0.66494,0.74682,-0.0075502,0.0080569
0.66499,0.74677,-0.0075684,0.0080895
0.66505,0.74672,-0.0075854,0.008121
0.6651,0.74667,-0.0076003,0.0081507
0.66516,0.74662,-0.00762,0.0081693
0.66521,0.74657,-0.0076424,0.0081766
0.66526,0.74652,-0.0076668,0.0081852
0.66531,0.74648,-0.0077032,0.0081987
0.66535,0.74644,-0.0077416,0.0082227
0.66541,0.74639,-0.0077579,0.0082476
0.66545,0.74635,-0.0077551,0.0082628
0.66548,0.74633,-0.0077452,0.0082718
0.6655,0.74631,-0.007723,0.0082686
0.66551,0.7463,-0.0077009,0.0082608
0.66551,0.7463,-0.0076767,0.008243
0.66549,0.74632,-0.0076442,0.0082243
0.66547,0.74634,-0.0075957,0.0082057
0.66545,0.74636,-0.0075448,0.0081844
0.66541,0.74639,-0.0075028,0.0081671
0.66537,0.74643,-0.0074688,0.0081382
0.66531,0.74649,-0.0074308,0.0081067
0.66524,0.74655,-0.0073818,0.0080849
0.66515,0.74663,-0.0073335,0.0080696
0.66507,0.7467,-0.0072516,0.0080623
0.66499,0.74677,-0.0071474,0.0080781
0.66492,0.74684,-0.0070404,0.0080955
0.66485,0.7469,-0.0069206,0.0081288
0.66478,0.74697,-0.0068057,0.0081673
0.6647,0.74704,-0.0067023,0.0082028
0.66463,0.7471,-0.0066038,0.0082395
0.66455,0.74717,-0.0065089,0.00829
0.66449,0.74723,-0.0064146,0.0083506
0.66443,0.74728,-0.0063169,0.0084081
0.66439,0.74731,-0.0062506,0.0084671
0.66435,0.74735,-0.0061975,0.0085202
0.66432,0.74738,-0.006152,0.0085747
0.6643,0.7474,-0.0061248,0.0086374
0.66429,0.7474,-0.0061035,0.0086849
0.66429,0.7474,-0.0061129,0.0087223
0.66431,0.74738,-0.006127,0.0087763
0.66434,0.74735,-0.0061377,0.0088423
0.66438,0.74732,-0.0061564,0.0089126
0.66441,0.74729,-0.0061845,0.0089623
0.66446,0.74725,-0.0062215,0.0089938
0.66451,0.7472,-0.006262,0.0090151
0.66455,0.74716,-0.0063084,0.0090303
0.6646,0.74711,-0.0063637,0.0090434
0.66467,0.74706,-0.006415,0.0090486
0.66473,0.747,-0.0064673,0.0090457
0.66479,0.74695,-0.0065333,0.0090457
0.66484,0.7469,-0.0066038,0.0090502
0.6649,0.74685,-0.0066711,0.0090498
0.66496,0.7468,-0.0067436,0.0090353
0.665,0.74675,-0.0068257,0.0090256
0.66505,0.74671,-0.0069027,0.0090154
0.6651,0.74667,-0.0069717,0.0090011
0.66514,0.74663,-0.0070481,0.0089887
0.66518,0.74659,-0.0071308,0.0089765
0.66522,0.74656,-0.0071952,0.0089609
0.66525,0.74653,-0.0072413,0.0089443
0.66528,0.74651,-0.0072791,0.0089356
0.66531,0.74647,-0.0073002,0.0089367
0.66536,0.74644,-0.0073059,0.0089512
0.66539,0.74641,-0.0073032,0.0089549
0.6654,0.74639,-0.0072857,0.0089562
0.66542,0.74638,-0.0072479,0.0089589
0.66543,0.74637,-0.0071938,0.0089659
0.66544,0.74636,-0.0071262,0.0089642
0.66546,0.74635,-0.0070605,0.0089641
0.66547,0.74634,-0.0069831,0.0089752
0.66548,0.74633,-0.0068962,0.0089858
0.66548,0.74633,-0.0068015,0.0089808
0.66548,0.74633,-0.0067126,0.0089752
0.66549,0.74633,-0.0066339,0.008977
0.66549,0.74633,-0.0065709,0.0089729
0.6655,0.74632,-0.0065014,0.0089831
0.6655,0.74632,-0.0064271,0.0089961
0.6655,0.74632,-0.0063555,0.0089967
0.6655,0.74632,-0.0062995,0.0089966
0.66551,0.74631,-0.0062626,0.0089865
0.6655,0.74632,-0.0062387,0.0089624
0.66549,0.74633,-0.0062091,0.0089328
0.66548,0.74634,-0.0061877,0.0089035
0.66547,0.74634,-0.0061594,0.0088662
0.66548,0.74634,-0.0061468,0.0088385
0.66547,0.74635,-0.0061301,0.0088063
0.66546,0.74636,-0.0061099,0.008771
0.66545,0.74636,-0.0060926,0.008744
0.66545,0.74637,-0.0060759,0.0087052
0.66544,0.74638,-0.0060623,0.0086538
0.66543,0.74639,-0.0060509,0.0085986
0.66542,0.7464,-0.0060366,0.008554
0.66541,0.74641,-0.0060049,0.0085067
0.6654,0.74642,-0.0059801,0.0084664
0.6654,0.74642,-0.0059678,0.0084313
0.66539,0.74642,-0.0059616,0.0083762
0.66538,0.74643,-0.0059675,0.0083091
0.66538,0.74644,-0.0059718,0.0082451
0.66538,0.74644,-0.0059752,0.0081873
0.66538,0.74643,-0.0059741,0.0081308
0.66538,0.74644,-0.0059755,0.008085
0.66539,0.74643,-0.0059647,0.0080463
0.6654,0.74642,-0.0059482,0.0080118
0.6654,0.74642,-0.0059358,0.0079775
0.66541,0.74641,-0.0059253,0.0079426
0.66543,0.7464,-0.0059171,0.0079148
0.66545,0.74638,-0.0059108,0.0078867
0.66547,0.74636,-0.0059051,0.0078579
0.66547,0.74636,-0.0058883,0.0078308
0.66549,0.74634,-0.0058705,0.0077953
0.66553,0.74631,-0.0058516,0.0077484
0.66556,0.74628,-0.0058268,0.0077148
0.6656,0.74624,-0.0057941,0.0076944
0.66564,0.74621,-0.0057408,0.0076769
0.66567,0.74619,-0.0056572,0.0076665
0.6657,0.74616,-0.0055585,0.0076603
0.66573,0.74613,-0.0054631,0.0076465
0.66576,0.74611,-0.0053634,0.0076243
0.66578,0.74609,-0.0052706,0.0076037
0.6658,0.74607,-0.0051763,0.0075841
0.66582,0.74606,-0.005075,0.0075687
0.66583,0.74605,-0.0049678,0.0075579
0.66585,0.74603,-0.0048671,0.00755
0.66588,0.74601,-0.0047845,0.0075358
0.66589,0.74599,-0.0047166,0.0075104
0.66591,0.74598,-0.0046558,0.0074779
0.66593,0.74597,-0.0045936,0.0074421
0.66595,0.74594,-0.0045363,0.0074112
0.66598,0.74592,-0.0044952,0.0073841
0.666,0.7459,-0.0044712,0.0073659
0.66603,0.74588,-0.0044553,0.0073515
0.66606,0.74585,-0.0044441,0.0073336
0.66609,0.74582,-0.0044349,0.0073214
0.66613,0.74579,-0.0044228,0.0073204
0.66616,0.74576,-0.0044097,0.0073161
0.66619,0.74573,-0.0043992,0.0073071
0.66622,0.7457,-0.0044042,0.0073034
0.66625,0.74568,-0.0044029,0.0072905
0.66628,0.74565,-0.0044115,0.0072625
0.6663,0.74564,-0.0044319,0.0072392
0.66631,0.74562,-0.0044568,0.0072243
0.66634,0.7456,-0.0044729,0.0072213
0.66636,0.74558,-0.004476,0.0072323
0.66639,0.74556,-0.004459,0.0072278
0.66641,0.74554,-0.0044366,0.0072196
0.66642,0.74553,-0.004411,0.0072141
0.66643,0.74552,-0.0043851,0.0072077
0.66645,0.7455,-0.0043652,0.0071939
0.66646,0.7455,-0.0043479,0.007176
0.66647,0.74549,-0.004333,0.0071667
0.66648,0.74548,-0.0043148,0.0071566
0.6665,0.74546,-0.0042929,0.0071542
0.6665,0.74546,-0.0042697,0.0071504
0.66651,0.74545,-0.0042474,0.007147
0.66652,0.74544,-0.0042306,0.0071382
0.66652,0.74544,-0.0042334,0.0071208
0.66653,0.74543,-0.0042557,0.0071162
0.66654,0.74543,-0.0042814,0.0071155
0.66654,0.74542,-0.004286,0.0070959
0.66655,0.74542,-0.00429,0.0070881
0.66656,0.74541,-0.0043076,0.0070886
0.66657,0.74539,-0.0043083,0.0070896
0.66659,0.74537,-0.004323,0.0070861
0.66663,0.74534,-0.0043281,0.0070936
0.66666,0.74531,-0.0043335,0.0071024
0.66671,0.74527,-0.0043269,0.0071329
0.66678,0.74521,-0.0042648,0.0071692
0.66683,0.74517,-0.0041847,0.0071658
0.66686,0.74514,-0.0041513,0.0071507
0.6669,0.7451,-0.0041644,0.0071088
0.66696,0.74505,-0.0041774,0.0070615
0.66701,0.74501,-0.0041367,0.0070475
0.66707,0.74495,-0.0040348,0.0070674
0.66713,0.7449,-0.0038848,0.0070951
0.6672,0.74484,-0.003755,0.0070938
0.66729,0.74476,-0.0036783,0.0070089
0.66737,0.74468,-0.0036885,0.0068854
0.66745,0.74462,-0.0036925,0.0067903
0.66754,0.74453,-0.0036517,0.0067315
0.66767,0.74442,-0.0035443,0.0067224
0.6678,0.7443,-0.0033973,0.006733
0.66796,0.74416,-0.0032608,0.0067256
0.66814,0.744,-0.0031568,0.0067025
0.66833,0.74382,-0.0031156,0.0066431
0.66854,0.74364,-0.0031576,0.0065489
0.66875,0.74346,-0.003184,0.0064305
0.66896,0.74326,-0.0031539,0.0062827
0.66919,0.74306,-0.0030646,0.0061203
0.66946,0.74282,-0.0029337,0.0059689
0.66978,0.74254,-0.0027581,0.0058208
0.6701,0.74224,-0.002554,0.0056739
0.67043,0.74195,-0.0023212,0.0055399
0.67078,0.74163,-0.0021081,0.0053909
0.67114,0.74131,-0.0019749,0.0052162
0.67151,0.74098,-0.0019026,0.0050273
0.67191,0.74061,-0.0018539,0.004842
0.67235,0.74022,-0.0018129,0.0046799
0.67282,0.73979,-0.0017724,0.0045154
0.67332,0.73934,-0.0017638,0.0043326
0.67383,0.73887,-0.0017967,0.0041464
0.67438,0.73837,-0.0018218,0.0039457
0.67493,0.73787,-0.001831,0.0037309
0.6755,0.73735,-0.0018532,0.0035319
0.6761,0.7368,-0.0018855,0.0033571
0.67671,0.73624,-0.0019322,0.0031908
0.67734,0.73566,-0.0020091,0.003036
0.67798,0.73507,-0.0021106,0.0029085
0.67865,0.73446,-0.0022602,0.00282
0.67933,0.73383,-0.0024918,0.0027742
0.68002,0.73318,-0.0028064,0.0027445
0.68072,0.73253,-0.0032161,0.0027097
0.68143,0.73187,-0.0037778,0.0026718
0.68217,0.73118,-0.0043766,0.0026613
0.68293,0.73046,-0.0049231,0.0027305
0.6837,0.72973,-0.0053708,0.0028397
0.68449,0.72899,-0.0057261,0.002997
0.68529,0.72823,-0.006013,0.0032115
0.68612,0.72745,-0.0062553,0.0034432
0.68696,0.72666,-0.0065209,0.0036575
0.68778,0.72587,-0.0068707,0.0038313
0.6886,0.72509,-0.007275,0.0040058
0.68938,0.72434,-0.0077556,0.0041963
0.69016,0.72359,-0.0082831,0.0043987
0.69094,0.72285,-0.0088402,0.0046624
0.69174,0.72207,-0.0093055,0.0050287
0.69253,0.72131,-0.0096276,0.0054599
0.6933,0.72056,-0.0098719,0.0059402
0.6941,0.71978,-0.010034,0.0064977
0.69493,0.71897,-0.010061,0.0070491
0.69576,0.71817,-0.0099663,0.0075666
0.69658,0.71737,-0.0097856,0.008065
0.6974,0.71656,-0.0094526,0.0085701
0.6982,0.71579,-0.0088992,0.0090452
0.6989,0.71511,-0.0081338,0.0094543
0.69941,0.71462,-0.0071686,0.0097152
0.69963,0.71441,-0.0060282,0.0098145
0.69978,0.71427,-0.00449,0.0098809
0.7003,0.71377,-0.0023329,0.01006
0.70093,0.71316,-5.3524e-07,0.010157
0.70132,0.71277,0.0021071,0.0098251
0.70148,0.71262,0.0038012,0.0092154
0.70129,0.71281,0.0051635,0.0083746
0.70091,0.71319,0.0058103,0.0071174
0.70051,0.71359,0.0057821,0.0055372
0.70013,0.71398,0.0057815,0.003986
0.6996,0.7145,0.0064233,0.0026623
0.69878,0.71529,0.0077659,0.0018873
0.69768,0.71634,0.0097632,0.0023864
0.69628,0.71765,0.012005,0.0051517
0.69454,0.71922,0.014623,0.011125
0.69349,0.71993,0.019654,0.019366
0.69315,0.71974,0.026308,0.028719
0.69286,0.71926,0.032814,0.039145
0.69228,0.71884,0.038423,0.050449
0.69129,0.71861,0.043402,0.061827
0.69007,0.7185,0.047718,0.072733
0.68875,0.71842,0.050919,0.083135
0.68731,0.7184,0.053106,0.093246
0.68574,0.7184,0.054712,0.10324
0.68413,0.71832,0.05627,0.11325
0.68253,0.71805,0.057931,0.1233
0.681,0.71752,0.059724,0.13358
0.67952,0.71665,0.061774,0.14438
0.67809,0.7154,0.064246,0.15578
0.67669,0.71374,0.067175,0.16779
0.67521,0.71175,0.070555,0.18031
0.67357,0.70951,0.074342,0.19331
0.67165,0.70709,0.07855,0.20675
0.6695,0.70449,0.082999,0.22042
0.66708,0.70175,0.087575,0.23426
0.66444,0.6989,0.092109,0.24816
0.66159,0.69592,0.096559,0.26205
0.65858,0.69276,0.10099,0.27596
0.65543,0.68937,0.10553,0.2899
0.65215,0.68566,0.11036,0.30396
0.64871,0.68167,0.11551,0.31806
0.6451,0.67744,0.12094,0.3321
0.64127,0.67307,0.12657,0.34602
0.63715,0.66858,0.13246,0.35985
0.63278,0.66391,0.13863,0.37363
0.62818,0.65899,0.14525,0.38732
0.62344,0.6538,0.15226,0.40084
0.61863,0.64839,0.1595,0.41406
0.61381,0.64287,0.16674,0.4268
0.60898,0.63732,0.17391,0.439
0.60409,0.63183,0.18102,0.45067
0.59908,0.62637,0.18825,0.46187
0.59395,0.62084,0.19578,0.47271
0.5887,0.61514,0.20369,0.48326
0.58335,0.60926,0.21196,0.49354
0.57792,0.60322,0.22063,0.50345
0.57248,0.59706,0.22957,0.51292
0.56714,0.59081,0.23869,0.52185
0.56183,0.58452,0.24794,0.53028
0.55666,0.57828,0.25727,0.53809
0.55168,0.57216,0.2665,0.54522
0.54681,0.56628,0.27564,0.55168
0.542,0.56068,0.2848,0.55746
0.53725,0.55527,0.29402,0.56266
0.53251,0.55001,0.30341,0.56733
0.52772,0.54473,0.31304,0.57165
0.5229,0.53933,0.32268,0.57582
0.51814,0.53384,0.33227,0.57978
0.51374,0.52811,0.34181,0.58338
0.50994,0.52271,0.35067,0.58632
0.50641,0.51856,0.35835,0.58841
0.50353,0.51649,0.36498,0.58863
0.50224,0.51693,0.36941,0.58658
0.50129,0.51798,0.37218,0.58471
0.4995,0.51827,0.37505,0.58415
0.49711,0.51785,0.37919,0.58389
0.49464,0.51716,0.38406,0.58342
0.49146,0.51605,0.38947,0.5835
0.48746,0.51461,0.39548,0.58409
0.48296,0.51281,0.40232,0.58474
0.47848,0.51063,0.40964,0.58525
0.47421,0.50867,0.41656,0.58554
0.47011,0.50731,0.42279,0.58556
0.4664,0.50643,0.42833,0.58526
0.46321,0.50624,0.4329,0.5846
0.46031,0.5069,0.4364,0.58372
0.45746,0.50797,0.43939,0.58279
0.45447,0.50925,0.44218,0.58189
0.45118,0.5104,0.44514,0.58118
0.44752,0.51119,0.44839,0.58082
0.44358,0.51157,0.45183,0.58084
0.43955,0.5116,0.45529,0.58118
0.43559,0.5115,0.45861,0.58164
0.43184,0.51139,0.46163,0.58215
0.42844,0.51136,0.46418,0.58266
0.42539,0.51152,0.4662,0.58314
0.42266,0.51196,0.46766,0.58356
0.42022,0.5127,0.46867,0.58387
0.41801,0.51382,0.46921,0.58403
0.41599,0.51526,0.46944,0.58403
0.41415,0.51684,0.46955,0.58385
0.41234,0.51863,0.46959,0.58351
0.41055,0.52051,0.46967,0.58303
0.40875,0.52239,0.46984,0.58248
0.40689,0.52419,0.47012,0.58194
0.40499,0.52574,0.47056,0.58151
0.40315,0.52708,0.47112,0.58113
0.40153,0.52818,0.47178,0.5807
0.40047,0.52893,0.47251,0.58017
0.40013,0.52947,0.47311,0.57941
0.40045,0.53028,0.47333,0.57828
0.40106,0.53176,0.47308,0.5767
0.40165,0.53421,0.4725,0.5745
0.40204,0.53723,0.47178,0.57199
0.40203,0.54038,0.47102,0.56965
0.40151,0.54322,0.47044,0.56779
0.4007,0.54534,0.47041,0.56635
0.39986,0.5469,0.47091,0.56503
0.39914,0.54819,0.47172,0.56362
0.39869,0.54937,0.4726,0.56204
0.39861,0.55049,0.47328,0.56042
0.39892,0.55158,0.47362,0.55884
0.39949,0.55278,0.47353,0.55733
0.39996,0.55416,0.4733,0.55581
0.40044,0.55575,0.47296,0.55417
0.40119,0.55748,0.47241,0.55235
0.40205,0.55934,0.47162,0.55052
0.40286,0.56119,0.47069,0.54884
0.40362,0.56305,0.46965,0.54726
0.40437,0.56495,0.46846,0.54576
0.40517,0.56674,0.46719,0.5444
0.40601,0.5684,0.46594,0.54312
0.40686,0.57006,0.46467,0.54182
0.40763,0.57189,0.46331,0.54048
0.40832,0.57388,0.46177,0.53917
0.40893,0.57595,0.45998,0.53803
0.40947,0.57793,0.45808,0.53711
0.40989,0.57981,0.4562,0.53636
0.41024,0.58154,0.45444,0.53572
0.41061,0.58309,0.45276,0.53518
0.41104,0.58452,0.45108,0.53471
0.41144,0.58591,0.4493,0.53437
0.41179,0.58724,0.44756,0.5341
0.41216,0.58842,0.44598,0.53383
0.41252,0.58945,0.44454,0.53363
0.41282,0.59036,0.44321,0.5335
0.41307,0.59114,0.44201,0.53345
0.41322,0.59172,0.44099,0.53352
0.41324,0.59172,0.44007,0.53427
0.41251,0.59184,0.43993,0.53481
0.41228,0.59189,0.44002,0.53486
0.41202,0.59186,0.4395,0.53552
0.41152,0.59206,0.43913,0.53598
0.41127,0.59221,0.43902,0.5361
0.41131,0.59219,0.43874,0.53632
0.41144,0.59213,0.43845,0.53654
0.41154,0.5921,0.43816,0.53672
0.41166,0.59203,0.4378,0.53699
0.41177,0.59188,0.43753,0.5373
0.41182,0.59171,0.43731,0.53763
0.41186,0.59159,0.43703,0.53796
0.41183,0.59162,0.43665,0.53825
0.41177,0.59171,0.43626,0.53851
0.41178,0.59168,0.43596,0.53879
0.41174,0.59155,0.43573,0.53915
0.41165,0.5913,0.43557,0.53962
0.41159,0.59093,0.43552,0.54011
0.41152,0.59045,0.43552,0.54069
0.41146,0.58987,0.43554,0.54135
0.41135,0.58927,0.4355,0.54212
0.41112,0.58879,0.4353,0.54298
0.41082,0.58844,0.43495,0.54386
0.41047,0.58821,0.43443,0.54478
0.41013,0.58793,0.43391,0.54577
0.40987,0.58743,0.43358,0.54675
0.4097,0.5867,0.43352,0.54772
0.40953,0.58586,0.43354,0.54872
0.40929,0.58497,0.43355,0.54985
0.409,0.58399,0.43359,0.55107
0.40865,0.58304,0.43353,0.55237
0.40827,0.58227,0.43323,0.5537
0.40782,0.58184,0.43258,0.55499
0.40737,0.58156,0.43173,0.55628
0.407,0.58125,0.43078,0.55762
0.40671,0.58081,0.42991,0.55895
0.40652,0.58022,0.42919,0.56025
0.40647,0.57946,0.42851,0.5616
0.40647,0.5786,0.42771,0.56309
0.40653,0.57766,0.42675,0.56473
0.40657,0.57683,0.4255,0.5665
0.40638,0.57628,0.42384,0.56843
0.40599,0.57581,0.42194,0.5706
0.40555,0.57518,0.4201,0.5729
0.40513,0.57438,0.41848,0.57518
0.40475,0.57344,0.41702,0.57744
0.40442,0.57245,0.41545,0.57979
0.40412,0.57154,0.41353,0.58226
0.40379,0.5706,0.41136,0.58494
0.40326,0.56957,0.40904,0.58792
0.40247,0.56848,0.40648,0.59128
0.40152,0.56717,0.40383,0.595
0.40069,0.56541,0.40127,0.59895
0.4002,0.56352,0.39863,0.60281
0.4,0.56179,0.39572,0.60647
0.39992,0.56041,0.39238,0.60996
0.39967,0.55925,0.38861,0.61358
0.39925,0.55766,0.38469,0.61776
0.39888,0.55522,0.38112,0.62239
0.39831,0.55274,0.37771,0.62703
0.39712,0.55101,0.37376,0.63165
0.3954,0.54983,0.3691,0.63649
0.39494,0.54712,0.36529,0.64129
0.39517,0.54439,0.36204,0.64529
0.39518,0.54248,0.35827,0.64899
0.39491,0.5407,0.35376,0.6531
0.39532,0.53803,0.34919,0.65751
0.39638,0.535,0.34494,0.66158
0.3972,0.53223,0.34067,0.66551
0.39775,0.52885,0.33667,0.6699
0.39846,0.52503,0.3331,0.67426
0.39976,0.5202,0.3309,0.6783
0.40102,0.51509,0.32949,0.68212
0.40237,0.50946,0.32881,0.68588
0.40401,0.50308,0.32914,0.68946
0.40594,0.49574,0.33065,0.69291
0.4085,0.48712,0.33336,0.69622
0.41192,0.47771,0.33654,0.69918
0.41632,0.46795,0.34005,0.70147
0.42202,0.45754,0.34415,0.70293
0.42915,0.44742,0.34896,0.70276
0.43746,0.43727,0.35395,0.70152
0.44762,0.42709,0.35919,0.69872
0.46051,0.41623,0.36422,0.69428
0.47471,0.40794,0.36882,0.68717
0.48823,0.40323,0.37403,0.67759
0.49715,0.40317,0.37941,0.66809
0.49837,0.40318,0.38776,0.66236
0.49265,0.39472,0.40409,0.66197
0.48107,0.38188,0.42284,0.66629
0.46192,0.3749,0.43489,0.67598
0.44154,0.37313,0.44076,0.68669
0.42554,0.37558,0.44004,0.69586
0.41212,0.38515,0.43301,0.70308
0.39909,0.39806,0.42299,0.70947
0.38655,0.40818,0.41409,0.71589
0.37513,0.41598,0.40632,0.7219
0.36478,0.42387,0.39856,0.72693
0.35417,0.43481,0.39052,0.73006
0.3425,0.44977,0.38274,0.73069
0.32974,0.46703,0.37605,0.7292
0.31432,0.48401,0.37201,0.72701
0.2956,0.49807,0.37104,0.72586
0.27484,0.50776,0.37318,0.72621
0.25395,0.51309,0.37759,0.72779
0.23554,0.51409,0.38287,0.73051
0.22068,0.51302,0.3875,0.73345
0.20781,0.51168,0.39125,0.73616
0.19707,0.51111,0.39414,0.73796
0.18996,0.51123,0.39647,0.73849
0.18708,0.51076,0.39845,0.73849
0.1886,0.50964,0.40002,0.73802
0.19439,0.50898,0.40129,0.73629
0.20349,0.50858,0.40189,0.73377
0.21523,0.50869,0.40117,0.73074
0.22811,0.50985,0.39887,0.72727
0.24141,0.512,0.39598,0.72303
0.25526,0.51449,0.39386,0.71764
0.26922,0.51657,0.39259,0.71172
0.28191,0.51762,0.39297,0.70581
0.29305,0.51628,0.39543,0.70087
0.30303,0.51183,0.40006,0.69725
0.31242,0.50599,0.40625,0.69378
0.3221,0.50072,0.41332,0.68898
0.33195,0.49822,0.42035,0.68183
0.34017,0.49822,0.42615,0.67413
0.34568,0.49612,0.43032,0.67022
0.3473,0.49072,0.43159,0.67254
0.345,0.48589,0.43046,0.67793
0.34329,0.48092,0.4314,0.68173
0.34641,0.47255,0.43732,0.68224
0.34951,0.46789,0.44145,0.68121
0.35023,0.46763,0.44289,0.68008
0.34879,0.46734,0.44437,0.68005
0.34778,0.46607,0.4468,0.67985
0.34799,0.46452,0.44975,0.67886
0.34794,0.46355,0.45273,0.67756
0.34697,0.46312,0.45574,0.67634
0.34582,0.46213,0.45897,0.67542
0.34486,0.46004,0.46245,0.67497
0.34363,0.4574,0.46554,0.67526
0.34243,0.45507,0.46796,0.67578
0.34195,0.45344,0.46959,0.67598
0.34228,0.45233,0.4708,0.67571
0.34303,0.45167,0.47176,0.6751
0.34411,0.45173,0.47238,0.67408
0.34546,0.45248,0.47258,0.67274
0.34681,0.45349,0.47267,0.67131
0.34785,0.45433,0.47305,0.66993
0.34847,0.45487,0.47372,0.66877
0.34876,0.45507,0.47459,0.66787
0.34894,0.45495,0.4756,0.66714
0.34932,0.45463,0.47673,0.66634
0.35008,0.45444,0.47787,0.66526
0.351,0.45462,0.47889,0.66391
0.35202,0.45478,0.47995,0.6625
0.35305,0.45496,0.48103,0.66104
0.35407,0.4551,0.48213,0.6596
0.35505,0.45522,0.48317,0.65822
0.35596,0.4552,0.48417,0.65701
0.35679,0.45486,0.48528,0.65598
0.35759,0.45412,0.48657,0.6551
0.3585,0.45336,0.48783,0.65419
0.35965,0.45283,0.48888,0.65315
0.36099,0.45232,0.48976,0.6521
0.36266,0.45205,0.49036,0.6509
0.36442,0.45205,0.49075,0.64962
0.36609,0.45219,0.49096,0.64842
0.36758,0.45232,0.49121,0.6473
0.36895,0.45231,0.49157,0.64626
0.37014,0.45214,0.49204,0.64534
0.37118,0.45181,0.49258,0.64456
0.37209,0.4513,0.49316,0.64395
0.37295,0.4508,0.49373,0.64336
0.37382,0.45047,0.49419,0.64274
0.37468,0.45035,0.49443,0.64214
0.37552,0.45027,0.49457,0.6416
0.3763,0.45011,0.49473,0.64112
0.37702,0.44989,0.49495,0.64069
0.37761,0.44971,0.49519,0.64028
0.37806,0.44952,0.49547,0.63993
0.37836,0.44927,0.49579,0.63968
0.37852,0.44892,0.49617,0.63953
0.37862,0.4485,0.49659,0.63945
0.37875,0.44822,0.49686,0.63935
0.37893,0.44832,0.49681,0.63922
0.3791,0.44858,0.49663,0.63908
0.37928,0.44876,0.4965,0.63894
0.3794,0.44877,0.49653,0.63884
0.37942,0.4486,0.49674,0.63879
0.37935,0.44825,0.49709,0.6388
0.37919,0.44785,0.49749,0.63886
0.37896,0.4475,0.49789,0.63893
0.37867,0.44728,0.49824,0.63899
0.37833,0.44717,0.49854,0.63904
0.37796,0.44704,0.49882,0.63912
0.37758,0.4469,0.4991,0.63923
0.37721,0.44675,0.49934,0.63936
0.37685,0.44653,0.4996,0.63952
0.37651,0.44627,0.4999,0.63968
0.37623,0.44588,0.50024,0.63985
0.37595,0.4453,0.50072,0.64004
0.37559,0.44456,0.50137,0.64025
0.37515,0.44367,0.50214,0.64052
0.37469,0.44272,0.50299,0.64078
0.3743,0.44195,0.50376,0.64095
0.37392,0.4414,0.50435,0.64107
0.37354,0.44093,0.50483,0.64125
0.37312,0.44058,0.50524,0.64141
0.37259,0.4404,0.50561,0.64155
0.37198,0.44032,0.50598,0.64166
0.37134,0.44031,0.50631,0.64178
0.37082,0.44044,0.50639,0.64193
0.37071,0.44082,0.50588,0.64213
0.37101,0.44155,0.50487,0.64225
0.37194,0.44304,0.503,0.64216
0.37325,0.44508,0.50037,0.64204
0.37496,0.44818,0.49677,0.64168
0.37698,0.45179,0.49238,0.64135
0.37907,0.45571,0.48731,0.64122
0.38139,0.46044,0.48136,0.64095
0.38439,0.46604,0.47448,0.64025
0.3879,0.47258,0.4667,0.63906
0.39169,0.48004,0.45826,0.63729
0.39539,0.48765,0.44964,0.63537
0.39887,0.49407,0.44151,0.63392
0.40108,0.49697,0.43464,0.63502
0.40208,0.49291,0.43031,0.64047
0.4024,0.48228,0.42962,0.64877
0.40272,0.46874,0.43109,0.65746
0.40367,0.45488,0.43318,0.6652
0.4064,0.44288,0.43484,0.67053
0.41149,0.43503,0.43487,0.67254
0.41852,0.43158,0.43251,0.67195
0.4264,0.43152,0.42822,0.66978
0.43473,0.43337,0.42283,0.66664
0.44321,0.4361,0.41662,0.66318
0.45129,0.43894,0.41012,0.6599
0.45861,0.44036,0.40452,0.65736
0.46548,0.4398,0.40013,0.65559
0.47166,0.43791,0.39675,0.65449
0.47707,0.43542,0.39425,0.65374
0.4821,0.43329,0.39206,0.65279
0.48707,0.43254,0.38935,0.65121
0.49201,0.43407,0.38565,0.64868
0.49706,0.4383,0.38051,0.64501
0.50237,0.44465,0.37391,0.64039
0.50763,0.45295,0.36556,0.63523
0.51001,0.46422,0.35603,0.63058
0.51182,0.47429,0.34711,0.62658
0.51266,0.48164,0.34011,0.62412
0.51181,0.48798,0.33589,0.62217
0.51025,0.49319,0.33471,0.61998
0.50788,0.49808,0.33475,0.61799
0.50351,0.50282,0.33544,0.61736
0.49751,0.50603,0.3376,0.61842
0.49137,0.50808,0.341,0.61978
0.48536,0.50967,0.34511,0.62094
0.47898,0.51133,0.34924,0.62222
0.47251,0.51263,0.35338,0.62375
0.4668,0.51394,0.35708,0.62486
0.46198,0.51611,0.35952,0.62526
0.45795,0.51911,0.36086,0.62496
0.45495,0.52327,0.36098,0.62361
0.45246,0.52855,0.36035,0.62133
0.45,0.5347,0.35935,0.61844
0.44717,0.54102,0.35837,0.61556
0.44407,0.5468,0.35769,0.61308
0.44105,0.55134,0.35762,0.61123
0.43842,0.55473,0.35805,0.60981
0.43623,0.55766,0.35857,0.6084
0.43456,0.56051,0.35906,0.60668
0.43342,0.56335,0.3595,0.6046
0.43281,0.56609,0.35993,0.60222
0.43261,0.56855,0.36054,0.59968
0.43261,0.57063,0.36145,0.59715
0.43266,0.57236,0.36268,0.5947
0.43266,0.57391,0.36418,0.59229
0.4326,0.57537,0.36591,0.58985
0.43246,0.57676,0.36789,0.58735
0.43214,0.57807,0.37015,0.58487
0.43181,0.57917,0.3728,0.58234
0.43157,0.58005,0.37579,0.57972
0.43137,0.58084,0.37889,0.57706
0.43125,0.58164,0.38198,0.57428
0.43123,0.58256,0.385,0.57134
0.43126,0.58358,0.38788,0.56833
0.43122,0.58461,0.39062,0.56542
0.43111,0.58549,0.39335,0.56269
0.43097,0.58615,0.3961,0.56017
0.43073,0.58666,0.3989,0.55784
0.43047,0.58707,0.40173,0.55557
0.4303,0.58757,0.4045,0.55316
0.4302,0.58828,0.40708,0.55058
0.43008,0.58922,0.40942,0.54793
0.43001,0.59018,0.41156,0.54534
0.4299,0.59107,0.4135,0.54299
0.42975,0.59187,0.41544,0.54076
0.42961,0.59258,0.41754,0.53847
0.42933,0.59337,0.4196,0.5362
0.42891,0.59432,0.42166,0.53388
0.42845,0.59543,0.42357,0.53149
0.42798,0.59673,0.42517,0.52912
0.42739,0.59814,0.42635,0.52707
0.42668,0.59936,0.42737,0.52543
0.4259,0.60027,0.42847,0.52412
0.42507,0.60116,0.42967,0.52279
0.4241,0.60219,0.43076,0.52149
0.42308,0.60341,0.43167,0.52016
0.42201,0.60481,0.43229,0.51889
0.42081,0.60624,0.43271,0.51784
0.41945,0.60764,0.43295,0.51709
0.41813,0.6088,0.43327,0.51654
0.41697,0.60966,0.43369,0.5161
0.41595,0.61044,0.43402,0.51572
0.41523,0.61107,0.4343,0.51532
0.41473,0.61163,0.43456,0.51484
0.41445,0.6122,0.43486,0.51414
0.4144,0.61283,0.43521,0.51313
0.41473,0.61353,0.43549,0.51179
0.41534,0.61427,0.43564,0.51028
0.41625,0.61509,0.43563,0.50856
0.41737,0.61606,0.43545,0.50661
0.4187,0.61691,0.43532,0.50458
0.41955,0.61805,0.43501,0.50275
0.4201,0.61923,0.43466,0.50115
0.42057,0.62025,0.43447,0.49964
0.42088,0.62119,0.43438,0.49829
0.42108,0.62207,0.43417,0.4972
0.42137,0.62284,0.43384,0.49629
0.42166,0.62358,0.43323,0.49564
0.42193,0.62448,0.43214,0.49523
0.42247,0.62541,0.43072,0.49484
0.42379,0.62578,0.4297,0.49412
0.4247,0.62389,0.42896,0.49637
0.42351,0.61899,0.42976,0.5028
0.42186,0.61097,0.43319,0.51097
0.42085,0.6012,0.43828,0.51899
0.42109,0.59269,0.44251,0.52496
0.42329,0.5866,0.44444,0.52839
0.42694,0.58252,0.44397,0.53035
0.4313,0.58002,0.44141,0.53171
0.4359,0.57819,0.43769,0.53302
0.44057,0.5764,0.43345,0.53458
0.44509,0.57432,0.42925,0.53646
0.44926,0.57165,0.42554,0.53879
0.45297,0.56813,0.42262,0.5417
0.45625,0.56366,0.42063,0.54516
0.45914,0.55832,0.41953,0.54905
0.46183,0.55266,0.41888,0.553
0.46453,0.54714,0.41829,0.55668
0.46738,0.54208,0.41748,0.55983
0.47031,0.53741,0.41643,0.56265
0.47329,0.533,0.41522,0.56524
0.47632,0.52861,0.41399,0.56771
0.47944,0.52428,0.41272,0.57003
0.48273,0.52012,0.41134,0.57205
0.48626,0.51639,0.40985,0.57351
0.48982,0.51307,0.40829,0.57457
0.4932,0.51018,0.40688,0.57526
0.49627,0.50742,0.40581,0.57582
0.49892,0.50432,0.40551,0.57645
0.50122,0.50056,0.40613,0.57731
0.50335,0.49624,0.40741,0.57827
0.50538,0.49165,0.40917,0.57918
0.50724,0.48715,0.41125,0.57989
0.50896,0.48283,0.41356,0.58035
0.51048,0.47857,0.41622,0.58063
0.51179,0.47409,0.41934,0.58091
0.51284,0.46934,0.42294,0.58125
0.5137,0.46456,0.42672,0.58155
0.51453,0.46034,0.43013,0.58166
0.51545,0.45712,0.43279,0.58141
0.51642,0.45484,0.43468,0.58093
0.51744,0.45331,0.4359,0.58031
0.51866,0.45248,0.43634,0.57954
0.52027,0.45271,0.43564,0.57844
0.52221,0.45476,0.43324,0.57689
0.52346,0.45898,0.42908,0.57552
0.52441,0.46419,0.42505,0.57346
0.52673,0.47002,0.42086,0.56966
0.52891,0.47585,0.41647,0.56602
0.52956,0.48112,0.41285,0.5636
0.52896,0.48522,0.41093,0.56206
0.52767,0.48834,0.41004,0.56121
0.52523,0.4902,0.41047,0.56155
0.52141,0.49124,0.41248,0.56274
0.51676,0.49206,0.41582,0.56385
0.51177,0.49274,0.41968,0.56495
0.50633,0.49328,0.42367,0.5664
0.5005,0.49366,0.42781,0.56814
0.49438,0.49368,0.43213,0.57021
0.48836,0.493,0.43641,0.57272
0.48348,0.49107,0.44002,0.57574
0.48033,0.4893,0.4424,0.57805
0.4783,0.49001,0.44303,0.57866
0.47672,0.49466,0.44136,0.57728
0.4748,0.50197,0.43823,0.57494
0.47199,0.51059,0.43484,0.57222
0.46832,0.51911,0.43231,0.56948
0.46443,0.52609,0.43098,0.56726
0.46067,0.53007,0.43124,0.56643
0.45719,0.53181,0.43234,0.56678
0.45421,0.53265,0.43381,0.56726
0.4521,0.53372,0.43507,0.56698
0.4508,0.53593,0.43548,0.56561
0.44961,0.53922,0.43516,0.56367
0.44818,0.5436,0.43416,0.56138
0.44659,0.54802,0.43295,0.55927
0.44483,0.55197,0.43181,0.55767
0.44292,0.5552,0.43104,0.55659
0.44107,0.55776,0.4307,0.55576
0.43942,0.55976,0.43077,0.55499
0.43787,0.56158,0.4311,0.55412
0.43644,0.56344,0.43148,0.55306
0.43511,0.56547,0.43167,0.5519
0.43386,0.56753,0.43164,0.55078
0.43271,0.56949,0.43154,0.54975
0.43167,0.5713,0.4315,0.54871
0.43072,0.57293,0.4316,0.54767
0.42984,0.57435,0.43182,0.54672
0.429,0.57558,0.43213,0.54583
0.42822,0.57667,0.43254,0.54497
0.42752,0.57766,0.43299,0.54411
0.42689,0.57854,0.43349,0.54327
0.42633,0.5793,0.43412,0.54239
0.42583,0.58003,0.43481,0.54146
0.42535,0.58079,0.43544,0.54051
0.42494,0.58153,0.43599,0.53959
0.42466,0.58216,0.43649,0.53872
0.42454,0.58268,0.43698,0.53787
0.42451,0.58315,0.43741,0.53703
0.42453,0.58362,0.43776,0.53621
0.42458,0.58409,0.43804,0.53543
0.42464,0.58456,0.43825,0.5347
0.42464,0.58508,0.43837,0.53403
0.42467,0.58555,0.43847,0.53341
0.42478,0.58593,0.43857,0.53283
0.42487,0.58626,0.43867,0.53231
0.42498,0.58671,0.43862,0.53177
0.42518,0.58733,0.43829,0.53119
0.42542,0.58804,0.43771,0.53069
0.4257,0.58877,0.43696,0.53028
0.42599,0.58942,0.43605,0.53007
0.42622,0.58993,0.43506,0.53013
0.42619,0.59053,0.43404,0.53032
0.42605,0.59112,0.43299,0.53064
0.42588,0.59163,0.43192,0.53108
0.42575,0.59208,0.43089,0.53152
0.42573,0.59248,0.42991,0.53188
0.42572,0.59293,0.42882,0.53227
0.42571,0.59342,0.42757,0.53274
0.42575,0.59388,0.42618,0.53331
0.42592,0.59424,0.42462,0.53402
0.42614,0.59449,0.42304,0.53481
0.42625,0.59472,0.42144,0.53574
0.42638,0.59483,0.41986,0.53674
0.42637,0.59509,0.4181,0.53784
0.42633,0.59532,0.41631,0.539
0.42629,0.59535,0.41472,0.54022
0.42621,0.59524,0.41336,0.54145
0.42612,0.59493,0.41227,0.54269
0.42594,0.59458,0.41131,0.54395
0.42572,0.59421,0.41039,0.54521
0.42554,0.59377,0.4095,0.54649
0.42532,0.59345,0.40847,0.54779
0.42504,0.59337,0.40719,0.54904
0.42465,0.59358,0.40557,0.55031
0.42423,0.59389,0.40387,0.55155
0.42392,0.59401,0.40233,0.55278
0.42359,0.59413,0.40092,0.55394
0.42328,0.59409,0.39977,0.55505
0.42296,0.59385,0.39895,0.55613
0.4226,0.59356,0.3983,0.55718
0.42218,0.59331,0.39769,0.55821
0.42172,0.59313,0.39702,0.55922
0.4213,0.59306,0.39626,0.56015
0.42098,0.59305,0.39545,0.56097
0.42084,0.59308,0.39461,0.56163
0.42086,0.59315,0.39376,0.56214
0.42102,0.59317,0.39297,0.56255
0.4213,0.59312,0.39229,0.56287
0.42175,0.59311,0.39159,0.56303
0.4224,0.59324,0.39075,0.56299
0.42314,0.59347,0.38982,0.56284
0.42385,0.5938,0.38885,0.56262
0.42451,0.59421,0.38791,0.56235
0.42512,0.59461,0.38704,0.56206
0.42566,0.59494,0.38625,0.56185
0.42613,0.59512,0.38558,0.56175
0.42654,0.59518,0.38503,0.56177
0.42688,0.59518,0.38455,0.56184
0.42718,0.59514,0.38413,0.56194
0.42746,0.59512,0.38373,0.56202
0.4277,0.59516,0.3833,0.56208
0.42786,0.5953,0.38281,0.56215
0.42797,0.59547,0.3823,0.56223
0.42808,0.59557,0.38185,0.56234
0.42815,0.59558,0.38151,0.56251
0.42813,0.59556,0.38125,0.56273
0.42806,0.59546,0.38108,0.56301
0.42792,0.59523,0.38099,0.56341
0.42775,0.59498,0.38082,0.56391
0.42747,0.59491,0.38041,0.56448
0.4272,0.59491,0.37989,0.56504
0.42702,0.5948,0.37939,0.56563
0.42691,0.59458,0.3789,0.56627
0.42684,0.59429,0.37845,0.56692
0.42679,0.59398,0.37798,0.5676
0.42676,0.5938,0.37732,0.56825
0.42675,0.59373,0.37649,0.56888
0.42674,0.59377,0.37547,0.56952
0.42666,0.59393,0.37426,0.57021
0.42664,0.59396,0.37306,0.57098
0.42662,0.59385,0.37196,0.57183
0.42659,0.59374,0.37087,0.57267
0.42662,0.59346,0.36983,0.57361
0.42674,0.59315,0.36871,0.57456
0.42697,0.59289,0.36741,0.57549
0.42732,0.59265,0.36596,0.5764
0.4275,0.59248,0.36456,0.57732
0.42743,0.59224,0.36318,0.57849
0.42723,0.59157,0.36184,0.58017
0.42696,0.59048,0.36065,0.58221
0.42659,0.58919,0.35951,0.58449
0.4262,0.58783,0.35842,0.58681
0.42593,0.58643,0.35745,0.589
0.42563,0.58505,0.35638,0.59123
0.4252,0.58362,0.35511,0.5937
0.42464,0.58212,0.35378,0.59637
0.42404,0.58045,0.35242,0.59923
0.42346,0.57852,0.35096,0.60234
0.423,0.57651,0.3495,0.60544
0.42264,0.5745,0.34777,0.6086
0.4222,0.57263,0.34562,0.61187
0.42178,0.57073,0.34305,0.61537
0.42143,0.56863,0.3403,0.61908
0.42127,0.56619,0.33764,0.62286
0.42113,0.5637,0.335,0.62663
0.42112,0.56104,0.3325,0.63035
0.4211,0.55844,0.32998,0.63398
0.42113,0.55577,0.32727,0.6377
0.42114,0.55291,0.32434,0.64167
0.42128,0.54975,0.32125,0.64583
0.42169,0.5463,0.31827,0.64995
0.42231,0.54266,0.31547,0.65395
0.42306,0.53861,0.3127,0.65813
0.42396,0.53403,0.31028,0.66242
0.425,0.52923,0.3083,0.66651
0.42616,0.52435,0.3069,0.67027
0.42739,0.51917,0.30617,0.67384
0.42904,0.51338,0.30642,0.67711
0.4313,0.50698,0.3074,0.68004
0.4345,0.49987,0.30896,0.68256
0.43919,0.49252,0.3109,0.68401
0.44512,0.48528,0.31332,0.68425
0.45253,0.47812,0.31653,0.68295
0.461,0.4705,0.32047,0.68074
0.47039,0.46268,0.32477,0.67763
0.48064,0.45503,0.32956,0.67329
0.49087,0.44772,0.33638,0.66741
0.49978,0.44036,0.34562,0.66095
0.50467,0.43424,0.35714,0.65513
0.50457,0.42781,0.37045,0.65204
0.50082,0.41664,0.38725,0.6524
0.49446,0.40315,0.40454,0.65523
0.48495,0.39243,0.41827,0.6602
0.47128,0.38833,0.4258,0.66767
0.45601,0.39031,0.42741,0.67604
0.44345,0.39636,0.42523,0.68222
0.43393,0.4078,0.4199,0.6849
0.42537,0.42138,0.41366,0.68585
0.41673,0.43188,0.4091,0.68735
0.40743,0.43869,0.40706,0.68982
0.39665,0.44414,0.4082,0.69194
0.38539,0.44784,0.41165,0.69388
0.37426,0.45164,0.41574,0.69506
0.36303,0.45674,0.41991,0.69518
0.35062,0.46186,0.42497,0.69509
0.3362,0.46166,0.43245,0.69773
0.32071,0.45345,0.44289,0.70383
0.30636,0.44104,0.45509,0.7103
0.2951,0.42866,0.46647,0.71525
0.28816,0.41915,0.47431,0.71855
0.28474,0.41432,0.4767,0.72112
0.28537,0.41432,0.47499,0.722
0.28992,0.41725,0.47198,0.72048
0.29609,0.42152,0.46884,0.71752
0.30238,0.42625,0.46599,0.71395
0.30906,0.4298,0.4639,0.71032
0.31584,0.43268,0.46221,0.70668
0.32251,0.43462,0.46002,0.7039
0.32879,0.43604,0.45737,0.70184
0.3346,0.43736,0.45502,0.6998
0.34021,0.43867,0.45336,0.69735
0.34558,0.44009,0.45198,0.6947
0.35065,0.44171,0.45096,0.69179
0.35518,0.44277,0.45113,0.68868
0.35927,0.44298,0.45232,0.68564
0.36209,0.44038,0.45563,0.68364
0.36323,0.43433,0.46082,0.68341
0.36283,0.42463,0.46718,0.68541
0.36153,0.41287,0.47376,0.68876
0.36073,0.40149,0.47985,0.69168
0.36163,0.39299,0.4849,0.69257
0.36464,0.38803,0.48837,0.69135
0.36858,0.38637,0.48995,0.68907
0.37217,0.38798,0.4895,0.68655
0.37456,0.3904,0.48862,0.68451
0.37582,0.39212,0.48834,0.68303
0.37589,0.39254,0.48941,0.68198
0.37563,0.39201,0.4915,0.68092
0.37488,0.39109,0.49425,0.67988
0.37382,0.38911,0.49739,0.67931
0.37255,0.38644,0.50011,0.67953
0.371,0.38382,0.50222,0.68031
0.36958,0.38176,0.50372,0.68113
0.36875,0.38059,0.50446,0.68168
0.36866,0.38023,0.50457,0.68185
0.36908,0.38052,0.50432,0.68165
0.36963,0.38145,0.5039,0.68114
0.37011,0.3826,0.50346,0.68056
0.37036,0.38369,0.50306,0.68011
0.37029,0.38454,0.50281,0.67985
0.37009,0.38471,0.50295,0.67976
0.36988,0.38439,0.50337,0.67974
0.36969,0.38391,0.50391,0.67972
0.36961,0.38362,0.50434,0.6796
0.36962,0.38369,0.50455,0.67941
0.36964,0.38416,0.50454,0.67914
0.36959,0.38476,0.5045,0.67885
0.3696,0.38524,0.50454,0.67854
0.36969,0.38564,0.50466,0.67817
0.36965,0.38604,0.50483,0.67785
0.3695,0.38632,0.50506,0.6776
0.36932,0.38653,0.50534,0.67736
0.36911,0.38677,0.50564,0.67712
0.36883,0.387,0.50593,0.67693
0.36852,0.38711,0.50628,0.67677
0.36823,0.38748,0.50644,0.67661
0.36797,0.38816,0.50629,0.67646
0.36777,0.38891,0.50604,0.67633
0.36756,0.38963,0.50582,0.67619
0.3673,0.39023,0.50571,0.67607
0.367,0.39059,0.50574,0.676
0.36666,0.39073,0.50585,0.67602
0.3663,0.39089,0.50593,0.67607
0.36596,0.39136,0.50579,0.67608
0.36566,0.39193,0.50555,0.67609
0.36539,0.39239,0.50535,0.67612
0.36507,0.39271,0.50525,0.67618
0.36469,0.39296,0.50519,0.67629
0.36427,0.39321,0.5051,0.67644
0.36384,0.39352,0.50491,0.67663
0.36345,0.39389,0.50461,0.67685
0.36314,0.39435,0.50421,0.67704
0.36289,0.39492,0.50372,0.67721
0.36267,0.3956,0.50313,0.67737
0.36243,0.39647,0.50241,0.67752
0.3622,0.39724,0.50174,0.6777
0.36188,0.39777,0.50125,0.67792
0.36144,0.39818,0.50095,0.67813
0.3609,0.39841,0.50088,0.67833
0.36029,0.39851,0.50101,0.67851
0.35965,0.39865,0.50113,0.67868
0.359,0.39887,0.50119,0.67884
0.35841,0.39925,0.50108,0.67901
0.35785,0.39976,0.50085,0.67918
0.35737,0.40022,0.50066,0.6793
0.35702,0.4005,0.50059,0.67937
0.35673,0.40074,0.50058,0.67939
0.3565,0.40096,0.50052,0.67942
0.35632,0.40123,0.50039,0.67946
0.3562,0.40157,0.50014,0.6795
0.35604,0.40201,0.49973,0.67963
0.35583,0.40243,0.49928,0.67982
0.35559,0.40276,0.49892,0.68002
0.35533,0.40309,0.49858,0.6802
0.35507,0.4035,0.49819,0.68038
0.3549,0.4039,0.49773,0.68057
0.35516,0.40453,0.49704,0.68057
0.35578,0.40561,0.49587,0.68045
0.35632,0.4068,0.49454,0.68043
0.3568,0.40804,0.4932,0.6804
0.35713,0.40919,0.49195,0.68044
0.35726,0.41035,0.49078,0.68053
0.35715,0.41155,0.48971,0.68063
0.35688,0.41249,0.48886,0.68081
0.35652,0.41321,0.48826,0.681
0.35613,0.41391,0.48769,0.68118
0.3555,0.41517,0.48668,0.68146
0.35484,0.41671,0.48524,0.6819
0.35441,0.41776,0.48404,0.68233
0.354,0.41871,0.48308,0.68264
0.35348,0.41962,0.48234,0.68288
0.35283,0.42041,0.48188,0.68305
0.35202,0.4213,0.48155,0.68315
0.35106,0.42238,0.48127,0.68318
0.34996,0.42352,0.48106,0.68318
0.34864,0.4248,0.4809,0.68318
0.34711,0.4262,0.48081,0.68314
0.34558,0.42743,0.48092,0.68308
0.34404,0.42854,0.48109,0.68303
0.34238,0.42978,0.48128,0.68296
0.34072,0.43095,0.48162,0.68282
0.33908,0.43208,0.48207,0.6826
0.33741,0.43328,0.48269,0.68223
0.3357,0.43466,0.48341,0.68169
0.33394,0.43626,0.48407,0.68105
0.33216,0.43799,0.48464,0.68042
0.33039,0.43973,0.48516,0.67978
0.32858,0.44155,0.48564,0.67913
0.32671,0.44342,0.4862,0.67842
0.32498,0.44509,0.48705,0.67754
0.32342,0.44649,0.48821,0.67654
0.32192,0.44783,0.48948,0.67545
0.32045,0.44926,0.49079,0.67425
0.31907,0.45064,0.49214,0.67298
0.3178,0.45205,0.49353,0.67163
0.3165,0.45357,0.4949,0.6702
0.31527,0.45506,0.4963,0.66874
0.31417,0.45649,0.49771,0.66724
0.31313,0.45793,0.49911,0.66569
0.31218,0.45935,0.50048,0.66412
0.3113,0.46068,0.50188,0.66256
0.31052,0.46181,0.50341,0.66097
0.30991,0.46282,0.50503,0.65932
0.30944,0.46386,0.50665,0.65756
0.30902,0.46491,0.50832,0.65573
0.30863,0.46584,0.51007,0.65389
0.30821,0.46673,0.51182,0.65208
0.3078,0.46755,0.51358,0.6503
0.30744,0.46826,0.51539,0.64852
0.30718,0.46888,0.51718,0.64677
0.30701,0.46951,0.51888,0.64503
0.30706,0.47007,0.52053,0.64327
0.30726,0.4705,0.5222,0.6415
0.30754,0.47076,0.52393,0.63977
0.30786,0.4707,0.52581,0.63811
0.30818,0.47045,0.52787,0.63644
0.30847,0.47011,0.53007,0.63472
0.30873,0.46978,0.5323,0.63297
0.30899,0.46946,0.53452,0.6312
0.30928,0.46905,0.53674,0.62948
0.3096,0.46854,0.53905,0.62773
0.31001,0.4679,0.54147,0.62592
0.31052,0.46729,0.54382,0.62408
0.31108,0.46684,0.54595,0.62227
0.31167,0.46653,0.54789,0.6205
0.31244,0.46613,0.54974,0.61878
0.31322,0.46561,0.55146,0.61724
0.31385,0.46499,0.55316,0.61587
0.31447,0.46414,0.55503,0.61451
0.31507,0.46326,0.55696,0.61312
0.31562,0.46269,0.55874,0.61164
0.31615,0.46236,0.56031,0.61018
0.31657,0.46228,0.56164,0.6088
0.31686,0.46239,0.56277,0.60753
0.31694,0.46245,0.56378,0.60649
0.31674,0.46235,0.56482,0.60571
0.31633,0.46213,0.56603,0.60497
0.31555,0.4622,0.56712,0.6043
0.31426,0.46288,0.56785,0.60376
0.31294,0.46385,0.56832,0.60326
0.31176,0.46484,0.56861,0.60283
0.31063,0.46584,0.56867,0.60259
0.30948,0.46696,0.56833,0.60263
0.30813,0.46823,0.56754,0.60309
0.30654,0.46964,0.56637,0.6039
0.30496,0.47116,0.56504,0.60477
0.30343,0.47292,0.56354,0.60556
0.30206,0.47506,0.56168,0.60629
0.30091,0.47766,0.55933,0.60699
0.29985,0.48066,0.55636,0.60789
0.29886,0.48403,0.55282,0.60893
0.29818,0.48761,0.54873,0.6101
0.29797,0.49123,0.54425,0.61131
0.29841,0.49519,0.53927,0.61231
0.29905,0.49984,0.53372,0.61309
0.29972,0.50488,0.52777,0.61378
0.30077,0.50974,0.52163,0.61449
0.30235,0.51436,0.51523,0.61528
0.30488,0.51863,0.50884,0.61575
0.30834,0.52135,0.50272,0.61676
0.31076,0.52183,0.49713,0.61967
0.31224,0.5196,0.49294,0.62413
0.31364,0.51438,0.49065,0.62953
0.31537,0.50765,0.48946,0.63503
0.31783,0.5007,0.48864,0.63993
0.32147,0.49439,0.48754,0.64384
0.3259,0.48887,0.4859,0.64707
0.33105,0.4842,0.48362,0.64966
0.33684,0.48003,0.48093,0.65178
0.34308,0.47582,0.47814,0.65366
0.34963,0.4712,0.47554,0.65543
0.35638,0.46617,0.47321,0.65708
0.36325,0.46079,0.47114,0.6586
0.37016,0.45513,0.46935,0.65996
0.37711,0.44923,0.46775,0.6612
0.3841,0.44313,0.46628,0.66233
0.39116,0.43705,0.46478,0.66329
0.39828,0.43125,0.46314,0.664
0.40557,0.42624,0.46117,0.66419
0.413,0.42206,0.45883,0.6639
0.42044,0.41859,0.45618,0.66326
0.42767,0.41542,0.45347,0.66249
0.43451,0.41214,0.45103,0.66175
0.44088,0.4086,0.44903,0.66109
0.44683,0.40496,0.44734,0.66049
0.45241,0.40135,0.44571,0.65999
0.45773,0.39783,0.44412,0.65952
0.46295,0.39456,0.44251,0.65892
0.46818,0.39173,0.44079,0.65807
0.47347,0.38934,0.43897,0.65692
0.47879,0.38737,0.43716,0.65544
0.48406,0.38606,0.4354,0.65351
0.48919,0.38596,0.43364,0.65091
0.4942,0.38685,0.43187,0.64776
0.49953,0.38918,0.42937,0.64393
0.50555,0.3945,0.42497,0.6389
0.51142,0.40347,0.41814,0.6331
0.51595,0.41526,0.40922,0.62762
0.51864,0.42754,0.40001,0.62307
0.52032,0.43787,0.3921,0.61951
0.52025,0.44718,0.38528,0.6172
0.51775,0.45453,0.38177,0.61611
0.51327,0.45804,0.38364,0.61609
0.50782,0.45799,0.38918,0.61718
0.50151,0.45669,0.39542,0.61932
0.49391,0.45484,0.40292,0.62195
0.48629,0.45269,0.41182,0.6237
0.48013,0.45182,0.41956,0.62394
0.47454,0.45288,0.42485,0.62387
0.46893,0.45529,0.42832,0.62399
0.46361,0.458,0.4311,0.62406
0.45846,0.46011,0.43387,0.6244
0.45335,0.46098,0.43708,0.62524
0.4487,0.46046,0.44067,0.62646
0.44534,0.45953,0.44351,0.62754
0.44316,0.46013,0.44449,0.62795
0.44178,0.46338,0.44392,0.62693
0.44025,0.47049,0.44183,0.62418
0.4375,0.48063,0.43876,0.62055
0.43375,0.49021,0.43618,0.6175
0.42961,0.49792,0.43466,0.61528
0.42561,0.50307,0.43443,0.61404
0.42211,0.50627,0.43515,0.61332
0.41916,0.50862,0.43642,0.61249
0.41722,0.51052,0.43816,0.61099
0.4162,0.51227,0.43982,0.60902
0.41579,0.51426,0.44093,0.60682
0.41556,0.51646,0.44153,0.60467
0.41519,0.5189,0.44188,0.60258
0.41469,0.52148,0.44223,0.60044
0.41431,0.52399,0.44286,0.59805
0.41404,0.52633,0.4436,0.59563
0.41399,0.52834,0.44441,0.59327
0.41407,0.52998,0.44534,0.59105
0.41425,0.53115,0.44654,0.58896
0.41455,0.53181,0.44809,0.58698
0.41484,0.53231,0.44983,0.58499
0.41502,0.53296,0.45166,0.58285
0.41514,0.53391,0.45338,0.58056
0.41521,0.53508,0.45488,0.57825
0.4152,0.53634,0.4562,0.57604
0.41511,0.53747,0.45756,0.57398
0.41495,0.53838,0.45904,0.57205
0.41477,0.53916,0.46054,0.57024
0.41468,0.53986,0.46188,0.56856
0.41468,0.54048,0.46305,0.56701
0.41463,0.54119,0.46424,0.56539
0.41456,0.54199,0.46556,0.5636
0.41448,0.54279,0.46703,0.56167
0.41434,0.54361,0.46852,0.55973
0.41426,0.5445,0.46988,0.55778
0.41431,0.54548,0.47111,0.55575
0.41447,0.54656,0.47223,0.55361
0.41474,0.54784,0.47318,0.55133
0.41508,0.54924,0.47388,0.54907
0.41546,0.55065,0.47436,0.54695
0.41592,0.552,0.47465,0.54499
0.41643,0.55324,0.47469,0.54331
0.41691,0.55432,0.47448,0.54202
0.41721,0.5554,0.47408,0.54103
0.41734,0.55661,0.47351,0.54018
0.41736,0.55797,0.47275,0.53942
0.41749,0.55933,0.47191,0.53866
0.41775,0.56067,0.47098,0.53787
0.41805,0.56204,0.46986,0.53719
0.41821,0.56344,0.46852,0.53677
0.41821,0.56464,0.46705,0.53679
0.41795,0.56559,0.4656,0.53726
0.41741,0.56651,0.46425,0.53787
0.41671,0.5674,0.46298,0.53857
0.41603,0.56814,0.46169,0.53943
0.41532,0.56892,0.46024,0.54038
0.41462,0.56994,0.45851,0.54132
0.41417,0.57097,0.45666,0.54214
0.41428,0.57207,0.45454,0.54267
0.4145,0.57315,0.45242,0.54315
0.41485,0.57373,0.45096,0.54348
0.41535,0.57388,0.45037,0.54343
0.41575,0.57391,0.45009,0.54332
0.41591,0.57403,0.44976,0.54335
0.41558,0.57455,0.44905,0.54363
0.41501,0.57518,0.44828,0.54404
0.41449,0.57551,0.44786,0.54443
0.41415,0.57548,0.44782,0.54476
0.41397,0.57512,0.448,0.54513
0.41381,0.57467,0.44822,0.54554
0.41375,0.57437,0.44838,0.54577
0.41388,0.57423,0.44831,0.54588
0.4141,0.57435,0.44771,0.54607
0.41437,0.57461,0.44686,0.54629
0.41459,0.57498,0.44576,0.54664
0.41457,0.57534,0.44455,0.54725
0.41447,0.57541,0.4436,0.54803
0.41424,0.57532,0.44283,0.54892
0.41392,0.57513,0.44216,0.5499
0.41352,0.57492,0.44149,0.55096
0.41307,0.57476,0.44073,0.55207
0.41266,0.57455,0.43993,0.55323
0.41228,0.57423,0.43916,0.55446
0.41185,0.57391,0.43825,0.55583
0.4114,0.5737,0.43716,0.55724
0.41085,0.57366,0.43577,0.55876
0.41036,0.57355,0.43427,0.5604
0.41003,0.57332,0.43278,0.56203
0.40977,0.57296,0.43127,0.56374
0.40959,0.57244,0.4298,0.56553
0.40939,0.57197,0.42822,0.56734
0.40925,0.57147,0.42657,0.56919
0.40924,0.57076,0.42499,0.57109
0.40916,0.57007,0.42336,0.57303
0.40895,0.56951,0.42157,0.57507
0.40866,0.56898,0.41957,0.57725
0.40817,0.56858,0.41738,0.57958
0.40773,0.56804,0.41519,0.58198
0.40758,0.56715,0.41318,0.58438
0.40753,0.56618,0.41114,0.5868
0.40755,0.56526,0.40903,0.58913
0.40761,0.56445,0.4068,0.59141
0.40764,0.56365,0.40424,0.5939
0.40758,0.56274,0.40129,0.59679
0.40726,0.56176,0.39811,0.60006
0.40691,0.56053,0.39505,0.60346
0.40655,0.55896,0.39228,0.60696
0.40616,0.55713,0.38974,0.61053
0.40584,0.55488,0.38744,0.61424
0.40553,0.55247,0.38521,0.61801
0.40516,0.55023,0.38281,0.62173
0.40472,0.54812,0.38018,0.62549
0.40427,0.54595,0.37725,0.62944
0.40391,0.54372,0.3741,0.63346
0.40383,0.54103,0.37119,0.63752
0.40393,0.53811,0.36859,0.64142
0.40406,0.53531,0.36591,0.6452
0.4042,0.53256,0.36291,0.64907
0.40441,0.52953,0.35986,0.6531
0.40456,0.52606,0.35705,0.65735
0.40459,0.52205,0.35439,0.66195
0.40462,0.51764,0.35186,0.66673
0.40487,0.51272,0.34967,0.67152
0.40556,0.50745,0.34803,0.67594
0.40674,0.50211,0.34722,0.67962
0.40822,0.49678,0.34693,0.68279
0.40986,0.49148,0.3468,0.68571
0.41209,0.48584,0.34689,0.68834
0.41524,0.48013,0.34732,0.69024
0.4196,0.47393,0.34832,0.69138
0.42505,0.46673,0.34988,0.69215
0.43154,0.45926,0.35156,0.69229
0.43911,0.45216,0.35341,0.69126
0.44725,0.44545,0.35608,0.68902
0.45518,0.4388,0.35977,0.68617
0.46217,0.43152,0.36546,0.68311
0.46786,0.42318,0.37307,0.68033
0.47201,0.41291,0.38314,0.67816
0.47387,0.40168,0.39518,0.67671
0.47307,0.38972,0.4089,0.67611
0.47052,0.3761,0.42377,0.67645
0.46707,0.36227,0.43776,0.67747
0.46186,0.35061,0.44874,0.67999
0.45401,0.34507,0.45426,0.68443
0.44328,0.34871,0.4526,0.69069
0.43235,0.35932,0.44466,0.6973
0.42388,0.37217,0.43519,0.70173
0.41581,0.38771,0.42535,0.70417
0.40734,0.40358,0.4172,0.70509
0.39847,0.41785,0.41113,0.7054
0.38708,0.43269,0.40783,0.70472
0.37311,0.44502,0.40967,0.70351
0.35779,0.45006,0.41871,0.70293
0.34164,0.44918,0.43303,0.70285
0.3237,0.44232,0.45121,0.70426
0.30499,0.43042,0.46955,0.70799
0.28846,0.41733,0.48561,0.71191
0.27603,0.40595,0.49821,0.71471
0.2679,0.39911,0.50779,0.71491
0.26442,0.39728,0.51465,0.71231
0.26524,0.40082,0.51916,0.70673
0.26869,0.40296,0.52208,0.70205
0.27127,0.40031,0.5234,0.70158
0.27397,0.39549,0.5246,0.70237
0.27994,0.38806,0.52537,0.70358
0.29226,0.38049,0.5217,0.70544
0.3076,0.38437,0.51415,0.70235
0.3229,0.39852,0.50614,0.69335
0.33637,0.41316,0.49806,0.68417
0.34707,0.42581,0.49017,0.67673
0.35436,0.43509,0.484,0.67147
0.35846,0.43853,0.4813,0.66899
0.36033,0.43562,0.48191,0.66944
0.36099,0.42761,0.48527,0.67182
0.36156,0.41663,0.4901,0.67491
0.36307,0.40484,0.4949,0.67776
0.36586,0.39561,0.4981,0.67937
0.36995,0.39135,0.49928,0.67875
0.37517,0.39126,0.49881,0.67628
0.38085,0.39388,0.49714,0.6728
0.38617,0.39789,0.49479,0.66913
0.39022,0.4007,0.49284,0.66654
0.39257,0.40028,0.49265,0.66555
0.3936,0.39653,0.49486,0.66555
0.39405,0.39112,0.49837,0.66587
0.39431,0.38498,0.5021,0.66649
0.39478,0.3785,0.50541,0.66742
0.39563,0.3728,0.50799,0.66817
0.39692,0.36901,0.50975,0.66816
0.39847,0.36754,0.51077,0.66728
0.39984,0.36774,0.51117,0.66604
0.40067,0.3691,0.51104,0.66488
0.40099,0.37051,0.51077,0.66411
0.40093,0.37129,0.51069,0.66378
0.40042,0.37107,0.51115,0.66385
0.39963,0.36998,0.51213,0.66418
0.39867,0.36787,0.51365,0.66475
0.39774,0.36538,0.51533,0.66538
0.39708,0.36326,0.51677,0.66582
0.39676,0.36186,0.51787,0.66592
0.39684,0.3613,0.51865,0.66557
0.39717,0.36125,0.51919,0.66498
0.39764,0.36171,0.51946,0.66424
0.39812,0.36226,0.5196,0.66354
0.39844,0.36261,0.51979,0.66301
0.39849,0.36259,0.52018,0.66269
0.39837,0.3621,0.52073,0.66259
0.39813,0.36124,0.52137,0.6627
0.39806,0.36018,0.52193,0.66288
0.39817,0.35929,0.52239,0.66293
0.39839,0.35891,0.52273,0.66274
0.39865,0.35911,0.5229,0.66234
0.39891,0.35969,0.52288,0.66188
0.39912,0.36044,0.52267,0.66152
0.3992,0.36124,0.52237,0.66127
0.39907,0.36196,0.52215,0.66112
0.39877,0.36256,0.52196,0.66112
0.39843,0.36304,0.52176,0.66123
0.3982,0.36358,0.52147,0.6613
0.39814,0.36462,0.52089,0.66122
0.39825,0.36599,0.52005,0.66106
0.39843,0.36783,0.51887,0.66086
0.39849,0.37033,0.51727,0.66067
0.39843,0.37275,0.51564,0.66063
0.39836,0.37458,0.51426,0.66071
0.39824,0.37603,0.51316,0.66081
0.39788,0.37736,0.51224,0.66098
0.3973,0.37854,0.51149,0.66124
0.39652,0.37963,0.51089,0.66155
0.39564,0.3808,0.51033,0.66183
0.39469,0.38225,0.50973,0.66203
0.39371,0.38398,0.50908,0.66211
0.39273,0.38582,0.5084,0.66215
0.39166,0.38791,0.50762,0.66215
0.39046,0.39002,0.50688,0.66219
0.38911,0.39192,0.50627,0.66233
0.38769,0.39356,0.50583,0.66253
0.38633,0.39498,0.50555,0.66269
0.38492,0.3966,0.5052,0.66281
0.38338,0.39844,0.50482,0.66289
0.38174,0.40013,0.50463,0.66296
0.37999,0.4017,0.50466,0.663
0.37822,0.40317,0.50489,0.66294
0.37651,0.40466,0.50517,0.66279
0.37475,0.40687,0.50522,0.66239
0.37301,0.40953,0.50503,0.66189
0.37142,0.41183,0.50489,0.66146
0.36983,0.4136,0.505,0.66116
0.36809,0.41495,0.50549,0.66091
0.36618,0.41594,0.50636,0.66069
0.36421,0.41701,0.50727,0.6604
0.36236,0.41826,0.50803,0.66004
0.36064,0.41968,0.5086,0.65964
0.35894,0.42134,0.509,0.6592
0.35719,0.42316,0.50931,0.65875
0.3554,0.42509,0.5095,0.65833
0.35361,0.42702,0.50961,0.65796
0.35186,0.42872,0.50975,0.65768
0.35008,0.43023,0.51,0.65746
0.34827,0.43164,0.51032,0.65724
0.34645,0.43303,0.51061,0.65707
0.34454,0.43469,0.51071,0.6569
0.34261,0.43653,0.51062,0.65676
0.34072,0.43831,0.51042,0.6567
0.33885,0.44003,0.5102,0.65669
0.33696,0.44175,0.51,0.65667
0.33507,0.44342,0.50983,0.65664
0.33324,0.44502,0.50969,0.6566
0.33143,0.44666,0.50956,0.65651
0.32965,0.44832,0.50941,0.65638
0.32789,0.45003,0.50919,0.65627
0.3261,0.45189,0.50883,0.65616
0.32447,0.4536,0.50855,0.656
0.32307,0.45495,0.50851,0.65579
0.32176,0.45607,0.50866,0.65554
0.3206,0.4569,0.50892,0.65534
0.31952,0.45749,0.50921,0.65522
0.31842,0.45818,0.5095,0.65505
0.31734,0.45894,0.50985,0.65477
0.31625,0.4597,0.51036,0.65437
0.31518,0.46054,0.51103,0.65376
0.31433,0.46174,0.51181,0.65272
0.31358,0.46328,0.51253,0.65143
0.31281,0.46484,0.51327,0.6501
0.31209,0.46629,0.51406,0.64878
0.31133,0.46767,0.51491,0.64748
0.31064,0.46897,0.51573,0.64622
0.31003,0.47024,0.51658,0.6449
0.30949,0.47137,0.51761,0.64351
0.30904,0.47246,0.5187,0.64205
0.3086,0.47355,0.51978,0.64058
0.30813,0.47458,0.52092,0.63912
0.30777,0.47562,0.52214,0.63752
0.30746,0.47672,0.52334,0.63587
0.30719,0.47787,0.52445,0.63422
0.30701,0.47902,0.52547,0.63259
0.30688,0.48009,0.52646,0.63101
0.30674,0.48097,0.5275,0.62955
0.30649,0.48166,0.52858,0.62823
0.3063,0.4821,0.52983,0.62693
0.30615,0.4824,0.53129,0.62553
0.30606,0.48264,0.5329,0.62402
0.30603,0.4828,0.53459,0.62247
0.30603,0.48294,0.53632,0.62087
0.30601,0.48303,0.53804,0.61932
0.3059,0.48302,0.53977,0.61787
0.3058,0.48291,0.54156,0.61644
0.30597,0.48255,0.54336,0.61504
0.30632,0.48217,0.54505,0.61368
0.30681,0.48176,0.54666,0.61233
0.30744,0.48124,0.54832,0.61094
0.30817,0.48065,0.55,0.60952
0.30889,0.48003,0.55169,0.60811
0.30959,0.47936,0.55343,0.6067
0.3102,0.47871,0.55517,0.6053
0.31072,0.47804,0.55694,0.60395
0.31119,0.47729,0.5588,0.60257
0.31159,0.47654,0.56069,0.6012
0.31187,0.47583,0.5626,0.59983
0.31212,0.47513,0.56454,0.59843
0.31238,0.47453,0.56644,0.59698
0.31254,0.47418,0.56815,0.59555
0.31258,0.47396,0.5697,0.59422
0.3125,0.47378,0.57118,0.59298
0.31231,0.47354,0.57264,0.59187
0.31202,0.47333,0.574,0.59087
0.31161,0.47337,0.57517,0.58992
0.31106,0.47381,0.57601,0.58904
0.31044,0.47439,0.57662,0.5883
0.30973,0.47494,0.57707,0.58778
0.30892,0.4754,0.5776,0.58732
0.30798,0.47577,0.57825,0.58687
0.30684,0.47614,0.57891,0.58652
0.30554,0.47661,0.57944,0.58629
0.30414,0.4773,0.57975,0.58615
0.30264,0.47829,0.57979,0.58608
0.3011,0.47951,0.57951,0.58616
0.29951,0.48084,0.57895,0.58643
0.29782,0.48225,0.57818,0.5869
0.29614,0.48355,0.5774,0.58744
0.29452,0.48456,0.57672,0.5881
0.29284,0.48545,0.57615,0.58876
0.29111,0.48634,0.57564,0.58937
0.28933,0.48745,0.57513,0.58984
0.28744,0.48883,0.57449,0.59024
0.28547,0.49032,0.57369,0.59074
0.28343,0.4919,0.57273,0.59134
0.28117,0.49369,0.57175,0.59188
0.27875,0.49556,0.57081,0.59236
0.27637,0.49731,0.56983,0.59296
0.27421,0.49893,0.56849,0.59388
0.27255,0.50091,0.56664,0.59474
0.2715,0.50323,0.56427,0.59552
0.27083,0.50582,0.56149,0.59626
0.27052,0.50877,0.55826,0.59693
0.27041,0.51209,0.55456,0.59758
0.27038,0.51575,0.55039,0.5983
0.27024,0.51952,0.54581,0.5993
0.2705,0.52294,0.5412,0.60038
0.2716,0.52513,0.53694,0.6018
0.27282,0.52508,0.53315,0.60466
0.27281,0.52171,0.52984,0.61047
0.27262,0.51554,0.52749,0.61778
0.27378,0.50707,0.5263,0.62524
0.27651,0.49808,0.52571,0.63174
0.28057,0.49036,0.52508,0.63649
0.28608,0.48427,0.52433,0.63931
0.29279,0.47921,0.52339,0.64085
0.3001,0.47457,0.52233,0.64179
0.30769,0.46974,0.52131,0.64258
0.31556,0.46428,0.52041,0.64346
0.32381,0.45849,0.5194,0.64433
0.3324,0.45279,0.51823,0.64493
0.34116,0.44732,0.51684,0.64528
0.34998,0.44209,0.51519,0.64548
0.35889,0.43701,0.51318,0.64565
0.3679,0.4321,0.51073,0.64583
0.37701,0.42818,0.50738,0.64582
0.38625,0.42535,0.50337,0.64538
0.39568,0.42379,0.49865,0.64435
0.40516,0.42348,0.49313,0.64291
0.41438,0.42375,0.48702,0.64151
0.42293,0.42467,0.4803,0.64039
0.43046,0.42606,0.47325,0.6397
0.43676,0.4274,0.46637,0.63958
0.44194,0.42827,0.46002,0.64004
0.44621,0.42859,0.45422,0.64101
0.45016,0.42882,0.44849,0.64213
0.45404,0.4293,0.44267,0.64311
0.45814,0.4304,0.43657,0.64363
0.46249,0.43224,0.43028,0.64353
0.46707,0.43477,0.42396,0.64271
0.47165,0.43774,0.41787,0.64134
0.47604,0.44107,0.41194,0.63964
0.47943,0.44524,0.40614,0.63794
0.48287,0.44925,0.40167,0.63536
0.48762,0.45323,0.39836,0.63097
0.49251,0.45898,0.39495,0.62513
0.49657,0.4668,0.39096,0.6186
0.49854,0.47558,0.38684,0.61289
0.49764,0.48354,0.38382,0.60928
0.495,0.48952,0.38304,0.60715
0.49171,0.49329,0.38457,0.6058
0.48821,0.49498,0.38806,0.60502
0.48393,0.49592,0.39214,0.60506
0.47885,0.49661,0.39608,0.60597
0.47405,0.4968,0.39967,0.60723
0.46979,0.497,0.40266,0.6084
0.4659,0.49749,0.40511,0.60937
0.46253,0.49838,0.4068,0.61008
0.45986,0.50003,0.40759,0.61022
0.45794,0.50293,0.40744,0.60938
0.45658,0.5073,0.40648,0.60741
0.45551,0.51287,0.405,0.60453
0.4543,0.51918,0.40336,0.60114
0.45255,0.52542,0.40181,0.59806
0.45031,0.53057,0.40068,0.59597
0.44795,0.53361,0.40029,0.59529
0.44566,0.53584,0.40037,0.59494
0.44378,0.53804,0.40072,0.59413
0.44229,0.5408,0.40107,0.5925
0.441,0.54425,0.40125,0.59017
0.43981,0.54792,0.40128,0.58765
0.43876,0.55086,0.40152,0.58552
0.43786,0.55299,0.40218,0.58373
0.43718,0.55439,0.40339,0.58207
0.43659,0.55578,0.40477,0.58022
0.43607,0.55744,0.40595,0.57819
0.43581,0.55916,0.40678,0.57615
0.43576,0.56078,0.4074,0.57416
0.43584,0.56217,0.40802,0.5723
0.43606,0.56315,0.40887,0.57056
0.43633,0.56385,0.40994,0.5689
0.43655,0.56444,0.41123,0.5672
0.43671,0.56501,0.41276,0.56539
0.43677,0.56565,0.41436,0.56353
0.43675,0.56629,0.41595,0.56175
0.43665,0.56688,0.41752,0.56005
0.43655,0.56737,0.41908,0.55846
0.4366,0.56761,0.42063,0.55702
0.43678,0.56768,0.42211,0.55569
0.43691,0.56773,0.42348,0.55448
0.43698,0.56777,0.42497,0.55325
0.43709,0.56785,0.4265,0.55191
0.43726,0.56807,0.42788,0.55047
0.43748,0.56837,0.42908,0.54905
0.43777,0.56863,0.4301,0.54774
0.43807,0.56883,0.43105,0.54655
0.43839,0.56896,0.43199,0.54542
0.43868,0.56903,0.43284,0.54445
0.43885,0.5692,0.43354,0.54357
0.439,0.56945,0.43418,0.54267
0.43905,0.56985,0.43466,0.54183
0.43894,0.5703,0.4351,0.5411
0.43873,0.57074,0.43558,0.5404
0.43848,0.5713,0.43587,0.53979
0.43832,0.57195,0.43572,0.53934
0.43833,0.57262,0.43511,0.53912
0.43841,0.57325,0.43428,0.53906
0.43853,0.57386,0.43337,0.53905
0.43867,0.57449,0.43238,0.53905
0.43881,0.57515,0.43122,0.53915
0.43896,0.57586,0.42984,0.53939
0.43914,0.57652,0.42836,0.53971
0.43931,0.57714,0.42696,0.54002
0.43955,0.57765,0.42586,0.54015
0.43996,0.57804,0.42495,0.54011
0.44046,0.57833,0.42412,0.54005
0.44095,0.57845,0.42347,0.54003
0.44146,0.5784,0.42334,0.53976
0.44196,0.57819,0.42377,0.53924
0.44236,0.57798,0.42441,0.53864
0.44256,0.57781,0.42506,0.53814
0.44257,0.57765,0.42567,0.53783
0.44253,0.57744,0.42629,0.53759
0.44254,0.57711,0.42694,0.53742
0.44267,0.57667,0.42761,0.53726
0.44291,0.57616,0.42824,0.53711
0.44329,0.5756,0.42879,0.53696
0.44381,0.575,0.42927,0.53679
0.44455,0.57442,0.42961,0.53652
0.44544,0.57396,0.42976,0.53615
0.44636,0.57358,0.42975,0.53581
0.44728,0.57331,0.42959,0.53546
0.44816,0.57315,0.42931,0.53512
0.44889,0.57304,0.42897,0.5349
0.44943,0.5729,0.42869,0.53481
0.44985,0.57267,0.42853,0.53483
0.45016,0.57232,0.42854,0.53494
0.45037,0.57189,0.42864,0.53514
0.45051,0.57136,0.42879,0.53546
0.45066,0.57074,0.42901,0.53582
0.45083,0.57013,0.42925,0.53614
0.45096,0.56961,0.42941,0.53646
0.45102,0.56915,0.42942,0.53688
0.45108,0.56865,0.42939,0.5374
0.45113,0.56802,0.42955,0.5379
0.45116,0.56727,0.43001,0.53829
0.45119,0.56637,0.43071,0.53865
0.45118,0.56534,0.43157,0.53905
0.45119,0.56423,0.43251,0.53946
0.45116,0.56309,0.43355,0.53983
0.45117,0.56201,0.43457,0.54013
0.45124,0.56099,0.43546,0.54042
0.45129,0.55996,0.4363,0.54078
0.45134,0.55875,0.4373,0.54117
0.45138,0.55737,0.43854,0.54155
0.45147,0.55574,0.43995,0.54201
0.45162,0.55392,0.44145,0.54252
0.45186,0.55206,0.44292,0.54302
0.45221,0.55031,0.44425,0.54342
0.45258,0.54865,0.44555,0.54373
0.45301,0.54696,0.4468,0.54405
0.4535,0.54521,0.44799,0.54442
0.45403,0.54341,0.44915,0.54482
0.45464,0.54167,0.45015,0.54522
0.4553,0.54009,0.4509,0.54562
0.45605,0.53858,0.45146,0.54601
0.45687,0.53716,0.45186,0.54639
0.45768,0.53585,0.45214,0.54678
0.45854,0.53457,0.45231,0.54717
0.45952,0.53335,0.45237,0.54748
0.46053,0.53222,0.45227,0.54783
0.46154,0.53106,0.45208,0.54825
0.46264,0.52973,0.45178,0.54886
0.46382,0.52824,0.4514,0.54961
0.46511,0.5267,0.45084,0.55046
0.46641,0.52537,0.44996,0.55134
0.46776,0.52427,0.44873,0.55225
0.4692,0.52341,0.44708,0.55318
0.47068,0.52284,0.44501,0.55414
0.47216,0.52259,0.44243,0.55517
0.47365,0.52258,0.43939,0.55633
