0.63282,-0.77419,0.0081566,0.010053
0.63282,-0.77419,0.008143,0.010105
0.63281,-0.7742,0.0081193,0.010153
0.6328,-0.7742,0.0080739,0.01021
0.6328,-0.7742,0.0080203,0.010267
0.63281,-0.7742,0.0079717,0.010324
0.63281,-0.77419,0.0079209,0.010384
0.63281,-0.77419,0.0078752,0.010442
0.63281,-0.7742,0.0078515,0.010487
0.6328,-0.7742,0.0078222,0.010543
0.6328,-0.77421,0.0077928,0.010601
0.63279,-0.77421,0.0077553,0.010668
0.63279,-0.77421,0.0077102,0.010734
0.63279,-0.77421,0.0076632,0.010796
0.6328,-0.7742,0.007624,0.010854
0.63281,-0.7742,0.0075902,0.010914
0.63282,-0.77418,0.0075493,0.010981
0.63283,-0.77417,0.007476,0.011076
0.63285,-0.77416,0.0073365,0.01123
0.63287,-0.77414,0.0071203,0.011444
0.63289,-0.77412,0.0068788,0.011685
0.63291,-0.7741,0.0066323,0.011922
0.63294,-0.77408,0.0063349,0.012193
0.63298,-0.77404,0.0060432,0.012454
0.63301,-0.77402,0.0057892,0.012672
0.63304,-0.77399,0.0055867,0.012835
0.63306,-0.77398,0.0054289,0.012966
0.63308,-0.77396,0.0053021,0.013061
0.6331,-0.77394,0.0051998,0.013132
0.63311,-0.77393,0.0051133,0.013188
0.63311,-0.77393,0.0050383,0.013236
0.63312,-0.77393,0.0049602,0.013278
0.63312,-0.77393,0.004902,0.013311
0.63312,-0.77392,0.0048655,0.01332
0.63313,-0.77391,0.0048465,0.013336
0.63315,-0.7739,0.0048203,0.01337
0.63317,-0.77388,0.0047433,0.013467
0.63319,-0.77386,0.0045784,0.01363
0.63321,-0.77384,0.0043469,0.013839
0.63324,-0.77382,0.0040795,0.014062
0.63326,-0.7738,0.0038243,0.014256
0.63328,-0.77378,0.003603,0.014418
0.63329,-0.77377,0.0034215,0.014559
0.63331,-0.77375,0.0032678,0.014672
0.63332,-0.77374,0.0031206,0.014791
0.63333,-0.77374,0.0029531,0.014915
0.63333,-0.77373,0.002782,0.015042
0.63333,-0.77373,0.0026328,0.015154
0.63334,-0.77372,0.0025133,0.015233
0.63334,-0.77372,0.0024205,0.015296
0.63334,-0.77372,0.0023587,0.015335
0.63334,-0.77372,0.002316,0.015368
0.63333,-0.77372,0.002293,0.015396
0.63334,-0.77372,0.0022949,0.015395
0.63333,-0.77372,0.0023044,0.015391
0.63332,-0.77373,0.0023236,0.015382
0.63332,-0.77374,0.0023382,0.015381
0.63331,-0.77374,0.0023485,0.015378
0.63331,-0.77374,0.0023659,0.015362
0.6333,-0.77375,0.0024021,0.015332
0.6333,-0.77375,0.0024492,0.015294
0.6333,-0.77375,0.0024945,0.015254
0.63329,-0.77376,0.0025415,0.015208
0.63328,-0.77377,0.002586,0.015156
0.63327,-0.77378,0.0026313,0.015107
0.63327,-0.77378,0.0026823,0.015053
0.63325,-0.7738,0.0027311,0.015004
0.63323,-0.77381,0.0027793,0.014957
0.63322,-0.77382,0.0028335,0.014904
0.63321,-0.77383,0.0028943,0.014858
0.63319,-0.77385,0.0029538,0.01481
0.63317,-0.77387,0.0030049,0.014756
0.63315,-0.77388,0.0030517,0.014705
0.63314,-0.77389,0.0031029,0.014657
0.63314,-0.77389,0.0031525,0.014608
0.63314,-0.7739,0.0031969,0.014566
0.63313,-0.7739,0.0032044,0.014554
0.63312,-0.77391,0.003196,0.014561
0.63311,-0.77392,0.0031782,0.014578
0.63311,-0.77392,0.0031453,0.014602
0.63311,-0.77392,0.0031047,0.014634
0.63311,-0.77392,0.0030526,0.014666
0.63312,-0.77391,0.0029905,0.014698
0.63312,-0.77391,0.0029219,0.01474
0.63312,-0.7739,0.0028515,0.014797
0.63313,-0.7739,0.0027883,0.014847
0.63313,-0.7739,0.0027367,0.014886
0.63314,-0.77389,0.0026968,0.014921
0.63315,-0.77388,0.0026609,0.014956
0.63315,-0.77388,0.0026376,0.01499
0.63317,-0.77387,0.0026118,0.015014
0.63318,-0.77386,0.0025819,0.015025
0.63319,-0.77385,0.002557,0.015029
0.6332,-0.77384,0.002535,0.01503
0.63321,-0.77383,0.0025135,0.015031
0.63323,-0.77382,0.0025008,0.01503
0.63324,-0.77381,0.0024981,0.015026
0.63325,-0.7738,0.0025017,0.015011
0.63327,-0.77378,0.0025097,0.014993
0.63329,-0.77377,0.0025227,0.01497
0.63331,-0.77375,0.0025408,0.014944
0.63333,-0.77373,0.0025594,0.014922
0.63335,-0.77372,0.0025747,0.014896
0.63336,-0.77371,0.0025868,0.014869
0.63337,-0.77371,0.0026005,0.014839
0.63338,-0.7737,0.0026235,0.014804
0.6334,-0.77368,0.0026612,0.014766
0.63342,-0.77367,0.0027183,0.014716
0.63343,-0.77365,0.0027809,0.014658
0.63345,-0.77364,0.0028376,0.0146
0.63346,-0.77363,0.0028884,0.014539
0.63346,-0.77363,0.0029362,0.014474
0.63347,-0.77363,0.0029783,0.014397
0.63348,-0.77362,0.0030194,0.014316
0.63349,-0.77361,0.0030585,0.014226
0.6335,-0.77361,0.0030974,0.014125
0.63351,-0.7736,0.0031504,0.014014
0.63351,-0.7736,0.0032218,0.013905
0.63351,-0.7736,0.0033017,0.013811
0.63352,-0.7736,0.0033883,0.013726
0.63353,-0.77359,0.0034792,0.013636
0.63354,-0.77359,0.0035772,0.013534
0.63354,-0.77358,0.0036877,0.013424
0.63355,-0.77358,0.0038099,0.013317
0.63355,-0.77358,0.0039337,0.01321
0.63356,-0.77358,0.0040563,0.013107
0.63356,-0.77357,0.0041737,0.013017
0.63356,-0.77357,0.004279,0.01293
0.63356,-0.77358,0.0043792,0.012849
0.63356,-0.77358,0.0044774,0.01277
0.63356,-0.77358,0.004574,0.012693
0.63357,-0.77357,0.0046692,0.012621
0.63357,-0.77357,0.0047618,0.012556
0.63358,-0.77356,0.0048431,0.012494
0.63359,-0.77356,0.0049116,0.012442
0.63358,-0.77356,0.0049698,0.012402
0.63359,-0.77356,0.0050212,0.012363
0.6336,-0.77355,0.0050629,0.012324
0.63361,-0.77354,0.0050979,0.012287
0.63362,-0.77353,0.005119,0.012257
0.63363,-0.77352,0.0051121,0.012237
0.63365,-0.77351,0.0050935,0.012211
0.63367,-0.77349,0.0050807,0.012158
0.63369,-0.77347,0.0050944,0.012084
0.6337,-0.77347,0.0051306,0.012025
0.6337,-0.77347,0.005139,0.012006
0.6337,-0.77347,0.0051146,0.012017
0.63369,-0.77347,0.0050802,0.01203
0.6337,-0.77347,0.0050611,0.012018
0.63371,-0.77346,0.0050767,0.011986
0.63372,-0.77346,0.0051048,0.011957
0.63373,-0.77345,0.0051212,0.011938
0.63374,-0.77344,0.0051194,0.011929
0.63374,-0.77344,0.0051104,0.01193
0.63374,-0.77344,0.0051067,0.011931
0.63374,-0.77344,0.005114,0.01193
0.63375,-0.77343,0.0051311,0.011932
0.63375,-0.77343,0.0051583,0.01194
0.63375,-0.77342,0.0051839,0.011947
0.63376,-0.77342,0.0052053,0.011954
0.63376,-0.77342,0.0052223,0.011965
0.63377,-0.77341,0.005225,0.011975
0.63378,-0.77341,0.0052125,0.011988
0.63378,-0.77341,0.0051925,0.012003
0.63379,-0.7734,0.0051645,0.012018
0.6338,-0.77339,0.0051465,0.012023
0.6338,-0.77339,0.0051336,0.012018
0.6338,-0.77339,0.0051151,0.01202
0.6338,-0.77338,0.0050957,0.012028
0.63381,-0.77338,0.0050797,0.012033
0.63381,-0.77338,0.005062,0.012031
0.63381,-0.77338,0.0050359,0.012031
0.63382,-0.77337,0.0050117,0.012031
0.63382,-0.77337,0.0049862,0.012042
0.63382,-0.77337,0.0049564,0.012062
0.63382,-0.77337,0.0049338,0.012078
0.63382,-0.77337,0.0049247,0.012083
0.63382,-0.77337,0.0049252,0.012083
0.63381,-0.77337,0.0049367,0.01208
0.63381,-0.77338,0.004939,0.012084
0.63382,-0.77337,0.0049305,0.012098
0.63381,-0.77338,0.0049217,0.012112
0.6338,-0.77338,0.0048999,0.012129
0.63379,-0.7734,0.004882,0.01215
0.63377,-0.77341,0.0048659,0.012166
0.63375,-0.77343,0.00485,0.012174
0.63374,-0.77344,0.0048424,0.012188
0.63373,-0.77344,0.0048299,0.012204
0.63372,-0.77345,0.0048066,0.012221
0.6337,-0.77347,0.0047873,0.012238
0.63368,-0.77349,0.0047746,0.012249
0.63366,-0.7735,0.0047737,0.012262
0.63365,-0.77351,0.0047803,0.012275
0.63364,-0.77352,0.0047847,0.012284
0.63362,-0.77353,0.0047858,0.012291
0.6336,-0.77355,0.0047923,0.012303
0.63358,-0.77357,0.0047998,0.012325
0.63356,-0.77358,0.0048024,0.012346
0.63355,-0.77359,0.0048034,0.012355
0.63354,-0.77359,0.0048054,0.012363
0.63354,-0.7736,0.0048143,0.012371
0.63353,-0.77361,0.0048201,0.01238
0.63351,-0.77362,0.0048212,0.012381
0.6335,-0.77363,0.0048206,0.012386
0.6335,-0.77363,0.0048164,0.012393
0.63349,-0.77364,0.0048239,0.012407
0.63348,-0.77365,0.0048296,0.012417
0.63346,-0.77366,0.0048323,0.012424
0.63345,-0.77367,0.0048323,0.012429
0.63343,-0.77368,0.0048223,0.01244
0.63342,-0.77369,0.0048145,0.012454
0.6334,-0.77371,0.0047985,0.012471
0.63339,-0.77372,0.0047759,0.012486
0.63338,-0.77373,0.0047582,0.012498
0.63337,-0.77373,0.0047389,0.012508
0.63337,-0.77374,0.0047164,0.012515
0.63336,-0.77375,0.004699,0.012527
0.63335,-0.77375,0.0046869,0.01255
0.63333,-0.77376,0.004678,0.01257
0.63333,-0.77377,0.0046719,0.012579
0.63333,-0.77377,0.0046604,0.012588
0.63333,-0.77377,0.0046546,0.012604
0.63332,-0.77377,0.0046427,0.012614
0.63331,-0.77378,0.0046282,0.012627
0.63331,-0.77378,0.0046155,0.012642
0.63331,-0.77378,0.0046067,0.012655
0.63331,-0.77378,0.0046062,0.01268
0.63331,-0.77378,0.0046116,0.0127
0.63331,-0.77378,0.0046025,0.01271
0.63332,-0.77377,0.0045933,0.012728
0.63332,-0.77378,0.0045796,0.012742
0.63332,-0.77377,0.0045535,0.01277
0.63332,-0.77377,0.0045201,0.012801
0.63333,-0.77376,0.0044929,0.012833
0.63333,-0.77376,0.0044795,0.012857
0.63334,-0.77375,0.0044631,0.01287
0.63336,-0.77374,0.004436,0.012881
0.63337,-0.77373,0.0044172,0.0129
0.63338,-0.77372,0.0043805,0.012927
0.63338,-0.77372,0.0043379,0.012958
0.63338,-0.77372,0.0043091,0.012982
0.6334,-0.7737,0.0042934,0.012993
0.63341,-0.77369,0.0042821,0.013003
0.63342,-0.77369,0.0042734,0.013015
0.63343,-0.77368,0.004258,0.013022
0.63343,-0.77368,0.0042461,0.013033
0.63344,-0.77367,0.0042263,0.013042
0.63345,-0.77366,0.0042141,0.013043
0.63346,-0.77366,0.0042059,0.013042
0.63347,-0.77365,0.0041989,0.013049
0.63348,-0.77364,0.0041807,0.013066
0.63349,-0.77363,0.0041744,0.013081
0.63349,-0.77363,0.0041669,0.013096
0.6335,-0.77362,0.0041472,0.013104
0.6335,-0.77362,0.0041332,0.013118
0.6335,-0.77362,0.0041309,0.013137
0.6335,-0.77362,0.0041337,0.013146
0.63351,-0.77362,0.00412,0.013163
0.63352,-0.7736,0.0041027,0.013194
0.63352,-0.7736,0.0040866,0.013222
0.63352,-0.77361,0.0040567,0.013249
0.63352,-0.7736,0.0040203,0.013279
0.63353,-0.77359,0.0039775,0.013317
0.63353,-0.77359,0.0039015,0.013391
0.63355,-0.77358,0.0038016,0.013495
0.63356,-0.77356,0.0036922,0.013594
0.63358,-0.77355,0.0035897,0.01368
0.6336,-0.77353,0.0034823,0.013771
0.63361,-0.77352,0.0033807,0.013837
0.63363,-0.77351,0.003291,0.013892
0.63364,-0.7735,0.0032151,0.013937
0.63365,-0.77349,0.0031485,0.013989
0.63366,-0.77348,0.0030956,0.014039
0.63367,-0.77347,0.0030507,0.014069
0.63369,-0.77345,0.0030064,0.014114
0.6337,-0.77344,0.0029532,0.014168
0.63371,-0.77344,0.0028811,0.014227
0.63372,-0.77343,0.0027958,0.014296
0.63374,-0.77341,0.0027277,0.014361
0.63375,-0.7734,0.0026824,0.014411
0.63376,-0.77339,0.0026615,0.014461
0.63378,-0.77338,0.0026597,0.01449
0.63379,-0.77336,0.0026735,0.014507
0.63381,-0.77334,0.0026973,0.014503
0.63384,-0.77332,0.002725,0.014506
0.63385,-0.77331,0.0027449,0.014522
0.63386,-0.7733,0.0027621,0.014547
0.63387,-0.77329,0.0027587,0.014574
0.63389,-0.77328,0.0027471,0.014602
0.6339,-0.77327,0.0027409,0.014629
0.63393,-0.77325,0.0027299,0.014652
0.63394,-0.77324,0.0027239,0.014671
0.63395,-0.77323,0.002721,0.014682
0.63397,-0.77321,0.0027109,0.014701
0.63399,-0.77319,0.002682,0.014726
0.634,-0.77318,0.0026406,0.014746
0.63402,-0.77317,0.0025854,0.014773
0.63403,-0.77317,0.0025208,0.014801
0.63404,-0.77316,0.0024465,0.014821
0.63405,-0.77314,0.0023685,0.014835
0.63406,-0.77314,0.0022984,0.014848
0.63407,-0.77313,0.0022287,0.014851
0.63408,-0.77312,0.0021512,0.014851
0.63409,-0.77311,0.0020732,0.014859
0.6341,-0.7731,0.0020024,0.014873
0.63411,-0.7731,0.0019119,0.014894
0.63412,-0.77309,0.001811,0.014919
0.63411,-0.7731,0.0017099,0.014942
0.63411,-0.7731,0.0016186,0.014966
0.63412,-0.77309,0.0015385,0.014986
0.63413,-0.77308,0.0014833,0.01498
0.63414,-0.77307,0.0014479,0.014965
0.63414,-0.77307,0.0014282,0.014938
0.63414,-0.77307,0.0014044,0.014903
0.63415,-0.77307,0.0013663,0.014883
0.63415,-0.77306,0.0013497,0.014853
0.63415,-0.77307,0.0013542,0.014822
0.63414,-0.77307,0.0013459,0.014815
0.63412,-0.77309,0.001296,0.014832
0.63409,-0.77312,0.0012566,0.014836
0.63408,-0.77313,0.0012654,0.014832
0.63407,-0.77313,0.0012932,0.014825
0.63405,-0.77315,0.0013235,0.014815
0.63402,-0.77317,0.0013429,0.014807
0.63399,-0.7732,0.0013522,0.014801
0.63395,-0.77323,0.0013619,0.014802
0.63392,-0.77326,0.0013781,0.014804
0.63388,-0.77329,0.0013929,0.014793
0.63384,-0.77332,0.0014226,0.014792
0.6338,-0.77336,0.0014588,0.014777
0.63376,-0.77339,0.0014992,0.014749
0.63372,-0.77342,0.0015427,0.014719
0.63368,-0.77345,0.0015828,0.014698
0.63364,-0.77349,0.0016146,0.014672
0.63359,-0.77353,0.0016355,0.01465
0.63354,-0.77357,0.00164,0.014632
0.63349,-0.77361,0.0016425,0.014606
0.63345,-0.77365,0.0016485,0.014573
0.63341,-0.77368,0.0016617,0.014536
0.63337,-0.77371,0.0016812,0.014494
0.63333,-0.77374,0.0016989,0.014446
0.6333,-0.77377,0.0017161,0.014401
0.63326,-0.7738,0.0017332,0.01436
0.63322,-0.77384,0.0017477,0.014309
0.63318,-0.77387,0.0017678,0.014243
0.63315,-0.7739,0.0018013,0.014168
0.63312,-0.77392,0.0018406,0.014097
0.63309,-0.77395,0.0018725,0.014035
0.63306,-0.77397,0.0019046,0.013977
0.63303,-0.774,0.0019403,0.013922
0.633,-0.77403,0.001979,0.013876
0.63296,-0.77406,0.0020081,0.013836
0.63293,-0.77408,0.0020293,0.013793
0.63289,-0.77411,0.0020538,0.013749
0.63286,-0.77414,0.0020765,0.013702
0.63282,-0.77417,0.0020951,0.013643
0.63279,-0.7742,0.0021199,0.013576
0.63275,-0.77424,0.0021609,0.013506
0.63271,-0.77427,0.0022067,0.013451
0.63267,-0.7743,0.0022369,0.013408
0.63262,-0.77435,0.0022394,0.013379
0.63256,-0.77439,0.0022241,0.013353
0.63251,-0.77443,0.0021957,0.013315
0.63245,-0.77448,0.0021622,0.013269
0.6324,-0.77453,0.0021355,0.013222
0.63235,-0.77457,0.0021171,0.013175
0.63231,-0.7746,0.0021095,0.013123
0.63227,-0.77463,0.0021115,0.013062
0.63223,-0.77467,0.0021198,0.013011
0.63219,-0.7747,0.0021215,0.012971
0.63215,-0.77474,0.0021179,0.012934
0.63211,-0.77477,0.00211,0.012915
0.63207,-0.7748,0.0020932,0.012918
0.63204,-0.77482,0.002073,0.012927
0.63201,-0.77485,0.0020565,0.012948
0.63198,-0.77488,0.0020394,0.012974
0.63196,-0.77489,0.0020236,0.012996
0.63196,-0.77489,0.0020203,0.013015
0.63196,-0.77489,0.0020236,0.013031
0.63198,-0.77487,0.0020168,0.01305
0.63201,-0.77485,0.0020018,0.013076
0.63205,-0.77481,0.0019868,0.013108
0.6321,-0.77478,0.0019581,0.013164
0.63214,-0.77474,0.0018803,0.013265
0.63217,-0.77471,0.0017727,0.013391
0.6322,-0.77468,0.0016729,0.013507
0.63224,-0.77465,0.0016104,0.013598
0.63231,-0.77459,0.0016112,0.013653
0.63239,-0.77453,0.0016547,0.013663
0.63247,-0.77446,0.0017107,0.013638
0.63257,-0.77438,0.001768,0.013589
0.63268,-0.77429,0.001827,0.013524
0.63278,-0.77421,0.00188,0.013473
0.63285,-0.77415,0.0019036,0.013464
0.63291,-0.77411,0.0018787,0.013471
0.63294,-0.77409,0.0018252,0.013498
0.63294,-0.77408,0.0017485,0.013535
0.63296,-0.77406,0.0016484,0.013532
0.63299,-0.77404,0.001619,0.013487
0.633,-0.77403,0.0016174,0.013443
0.63302,-0.77402,0.0015806,0.0134
0.63302,-0.77402,0.0015403,0.01335
0.63303,-0.77401,0.0014808,0.013299
0.63303,-0.77401,0.0014128,0.013248
0.63302,-0.77402,0.0013476,0.01319
0.63299,-0.77405,0.001286,0.013128
0.63296,-0.77407,0.0012538,0.013061
0.63292,-0.77411,0.0012602,0.012988
0.63287,-0.77415,0.0013085,0.012905
0.63282,-0.77419,0.0014044,0.012796
0.63277,-0.77423,0.0015766,0.012651
0.63273,-0.77427,0.0017963,0.012497
0.63269,-0.77431,0.0020163,0.01237
0.63266,-0.77433,0.0022305,0.012247
0.63263,-0.77436,0.0024171,0.01213
0.6326,-0.77438,0.0025686,0.012032
0.63255,-0.77442,0.0026702,0.011984
0.6325,-0.77447,0.0027326,0.011944
0.63244,-0.77451,0.0027925,0.011913
0.6324,-0.77455,0.0028483,0.011895
0.63235,-0.77459,0.002908,0.011881
0.63231,-0.77462,0.0030005,0.011845
0.6323,-0.77463,0.0031034,0.011803
0.63228,-0.77464,0.0031786,0.011773
0.63226,-0.77466,0.0032082,0.011762
0.63224,-0.77468,0.0031907,0.01177
0.63221,-0.7747,0.0031582,0.01178
0.63219,-0.77472,0.0031296,0.011791
0.63217,-0.77473,0.0031092,0.011806
0.63216,-0.77474,0.0030909,0.011823
0.63215,-0.77475,0.0030783,0.011845
0.63214,-0.77476,0.003066,0.011878
0.63214,-0.77476,0.003044,0.011932
0.63213,-0.77476,0.0029981,0.011989
0.63211,-0.77478,0.0029349,0.012056
0.63209,-0.7748,0.0028484,0.012121
0.63207,-0.77481,0.0027719,0.012165
0.63208,-0.77481,0.0027255,0.012178
0.63205,-0.77482,0.0026993,0.01223
0.63204,-0.77483,0.0026579,0.012313
0.63206,-0.77482,0.0025818,0.012387
0.63207,-0.77481,0.0025227,0.012438
0.63208,-0.7748,0.0025047,0.012481
0.63208,-0.77479,0.0025083,0.01253
0.63209,-0.77479,0.002512,0.012575
0.6321,-0.77478,0.0024962,0.012629
0.63211,-0.77477,0.0024702,0.012696
0.63212,-0.77476,0.0024467,0.012756
0.63212,-0.77476,0.0024486,0.012825
0.63212,-0.77476,0.0024672,0.012882
0.63213,-0.77475,0.0024926,0.012938
0.63215,-0.77474,0.0025287,0.013001
0.63216,-0.77473,0.0025564,0.013063
0.63217,-0.77471,0.0025762,0.013118
0.63217,-0.77471,0.0025921,0.013181
0.63218,-0.7747,0.002593,0.013259
0.63218,-0.7747,0.0025705,0.013339
0.63218,-0.7747,0.0025544,0.01342
0.63218,-0.7747,0.0025419,0.013498
0.63217,-0.7747,0.0025432,0.013562
0.63217,-0.7747,0.002557,0.013612
0.63218,-0.7747,0.0025869,0.013644
0.63219,-0.77469,0.0026247,0.013674
0.6322,-0.77468,0.0026614,0.013709
0.6322,-0.77468,0.0026948,0.013739
0.63219,-0.77469,0.0027231,0.01379
0.63218,-0.77469,0.002756,0.01383
0.63218,-0.77469,0.0028001,0.013875
0.63216,-0.7747,0.0028188,0.013915
0.63215,-0.77471,0.0028276,0.01395
0.63215,-0.77472,0.0028241,0.01398
0.63214,-0.77472,0.0028315,0.014002
0.63212,-0.77474,0.0028248,0.014013
0.63212,-0.77474,0.0027933,0.014044
0.63211,-0.77474,0.0027426,0.014097
0.6321,-0.77475,0.0026887,0.01416
0.63208,-0.77477,0.0026339,0.014237
0.63206,-0.77479,0.0025738,0.014314
0.63205,-0.77479,0.0025292,0.014386
0.63203,-0.7748,0.002489,0.014445
0.63202,-0.77481,0.0024654,0.014507
0.63201,-0.77482,0.0024448,0.014577
0.632,-0.77483,0.0024259,0.014649
0.63199,-0.77484,0.0024057,0.014726
0.63197,-0.77485,0.0023857,0.014803
0.63195,-0.77486,0.0023685,0.014873
0.63194,-0.77487,0.0023664,0.014938
0.63193,-0.77487,0.002364,0.014998
0.63192,-0.77488,0.0023501,0.015049
0.6319,-0.7749,0.002319,0.015097
0.63187,-0.77492,0.0022763,0.015157
0.63185,-0.77494,0.002229,0.015218
0.63182,-0.77496,0.0021941,0.015266
0.63181,-0.77497,0.0021625,0.015298
0.63179,-0.77498,0.0021383,0.015318
0.63178,-0.77499,0.0021209,0.015339
0.63177,-0.775,0.0020896,0.015351
0.63176,-0.77501,0.002055,0.015373
0.63174,-0.77503,0.002017,0.015393
0.63172,-0.77504,0.0019888,0.015418
0.63171,-0.77505,0.001959,0.015446
0.63169,-0.77506,0.0019353,0.015479
0.63166,-0.77508,0.0018896,0.015505
0.63164,-0.77511,0.0018364,0.015536
0.63163,-0.77511,0.0017796,0.015559
0.63163,-0.77511,0.0017389,0.015592
0.63162,-0.77512,0.0017037,0.015623
0.63161,-0.77513,0.0016719,0.015642
0.6316,-0.77513,0.0016541,0.015668
0.63159,-0.77514,0.0016242,0.01569
0.63157,-0.77516,0.0015885,0.01573
0.63155,-0.77518,0.0015506,0.015776
0.63154,-0.77518,0.0015037,0.015826
0.63152,-0.7752,0.0014543,0.015881
0.63151,-0.7752,0.0014043,0.015936
0.6315,-0.77521,0.0013385,0.015984
0.63149,-0.77522,0.0012692,0.016045
0.63149,-0.77522,0.0011926,0.016098
0.63149,-0.77521,0.0011101,0.016151
0.63149,-0.77521,0.0010302,0.016206
0.63151,-0.7752,0.00093224,0.016275
0.63152,-0.77519,0.00078788,0.016389
0.63153,-0.77518,0.0006034,0.016538
0.63154,-0.77517,0.00040508,0.016696
0.63155,-0.77515,0.00021902,0.016849
0.63155,-0.77515,4.6514e-05,0.016972
0.63155,-0.77515,-0.00010581,0.017066
0.63155,-0.77514,-0.00022045,0.01713
0.63155,-0.77514,-0.0003642,0.017205
0.63157,-0.77513,-0.00056118,0.01733
0.63158,-0.77512,-0.00083207,0.017543
0.63157,-0.77511,-0.0011709,0.017793
0.63157,-0.77511,-0.0015144,0.018024
0.63156,-0.77511,-0.0018635,0.018279
0.63155,-0.77511,-0.0021576,0.018481
0.63155,-0.77511,-0.002374,0.018624
0.63158,-0.77508,-0.002586,0.018775
0.6316,-0.77505,-0.0028997,0.019015
0.63165,-0.77501,-0.0032196,0.019232
0.63174,-0.77493,-0.0034899,0.019388
0.63182,-0.77486,-0.0037314,0.019533
0.63188,-0.77481,-0.0039581,0.01969
0.63194,-0.77475,-0.0041845,0.019843
0.632,-0.7747,-0.0044296,0.019988
0.63199,-0.7747,-0.004686,0.020153
0.63194,-0.77473,-0.0049811,0.020305
0.63187,-0.77479,-0.0052485,0.020417
0.63175,-0.77488,-0.0054333,0.020538
0.6316,-0.775,-0.0055933,0.020642
0.63144,-0.77513,-0.0057064,0.020694
0.63127,-0.77526,-0.0057389,0.020707
0.63109,-0.77541,-0.0057045,0.020666
0.6309,-0.77557,-0.0056112,0.020591
0.6307,-0.77574,-0.0055161,0.020523
0.63048,-0.77592,-0.0054694,0.02047
0.63023,-0.77612,-0.0055091,0.020451
0.62997,-0.77633,-0.0056294,0.020454
0.62969,-0.77655,-0.0058113,0.020432
0.6294,-0.77679,-0.0060703,0.02042
0.6291,-0.77703,-0.0063859,0.020379
0.62881,-0.77726,-0.0067279,0.020274
0.62853,-0.7775,-0.0070717,0.020137
0.62825,-0.77772,-0.0074804,0.01999
0.62798,-0.77794,-0.0079526,0.019826
0.6277,-0.77816,-0.0084943,0.019646
0.62742,-0.77839,-0.0091179,0.019456
0.62714,-0.7786,-0.0097936,0.019252
0.62686,-0.77883,-0.010493,0.019023
0.62658,-0.77905,-0.011242,0.018752
0.62632,-0.77926,-0.012052,0.018445
0.62609,-0.77943,-0.012906,0.018064
0.62592,-0.77957,-0.013763,0.017553
0.62578,-0.77968,-0.014611,0.016942
0.62568,-0.77976,-0.01548,0.016262
0.62565,-0.77978,-0.016412,0.015557
0.62567,-0.77976,-0.017367,0.014736
0.62566,-0.77976,-0.018269,0.013807
0.62561,-0.77979,-0.019139,0.012864
0.62554,-0.77984,-0.020022,0.011975
0.62549,-0.77987,-0.020963,0.011239
0.62549,-0.77984,-0.022119,0.010848
0.62556,-0.77974,-0.023646,0.010945
0.62565,-0.77961,-0.025318,0.011212
0.6257,-0.77952,-0.026851,0.011333
0.62566,-0.77951,-0.027996,0.011274
0.62554,-0.77958,-0.02874,0.011174
0.62536,-0.77971,-0.029131,0.011181
0.62514,-0.77988,-0.0293,0.011407
0.62485,-0.7801,-0.02936,0.011789
0.62447,-0.7804,-0.029212,0.012265
0.624,-0.78079,-0.028742,0.012846
0.62346,-0.78124,-0.028018,0.013531
0.62288,-0.78172,-0.027108,0.014349
0.62231,-0.78218,-0.026139,0.015351
0.62178,-0.78261,-0.025219,0.016677
0.62124,-0.78303,-0.024367,0.018174
0.62066,-0.78348,-0.023541,0.019754
0.62003,-0.78395,-0.022836,0.021477
0.61934,-0.78446,-0.022304,0.023373
0.61864,-0.78496,-0.021793,0.025359
0.61802,-0.7854,-0.021235,0.027456
0.61744,-0.78579,-0.020626,0.029564
0.61685,-0.78619,-0.019924,0.03163
0.61618,-0.78664,-0.019286,0.033822
0.61538,-0.78715,-0.019079,0.036472
0.61452,-0.78767,-0.01939,0.039594
0.61368,-0.78816,-0.019791,0.042593
0.61284,-0.78865,-0.020084,0.045269
0.61201,-0.78915,-0.020358,0.047691
0.61116,-0.78967,-0.02054,0.049839
0.61032,-0.7902,-0.020573,0.051674
0.60954,-0.79071,-0.020407,0.053158
0.60883,-0.79118,-0.020075,0.054369
0.60816,-0.79163,-0.01979,0.055425
0.60752,-0.79206,-0.019698,0.056396
0.60689,-0.79246,-0.019895,0.057344
0.60629,-0.79284,-0.020411,0.058332
0.60576,-0.79315,-0.021162,0.05929
0.60527,-0.79344,-0.021986,0.060178
0.6048,-0.79371,-0.022812,0.061013
0.60437,-0.79395,-0.023616,0.06181
0.60399,-0.79416,-0.024419,0.062578
0.60365,-0.79433,-0.025302,0.063354
0.60335,-0.79445,-0.026317,0.064183
0.60307,-0.79455,-0.027486,0.065092
0.60281,-0.79463,-0.028763,0.066056
0.60257,-0.79467,-0.030071,0.067095
0.60239,-0.79466,-0.031367,0.06821
0.60228,-0.79461,-0.032569,0.069282
0.60221,-0.79453,-0.033579,0.070227
0.60214,-0.79448,-0.034473,0.071063
0.60199,-0.79448,-0.035368,0.071769
0.60186,-0.79448,-0.036281,0.072378
0.60174,-0.79448,-0.037068,0.072977
0.60159,-0.79448,-0.038081,0.07372
0.60157,-0.79437,-0.039274,0.074491
0.60162,-0.79421,-0.040317,0.075227
0.60167,-0.79405,-0.041241,0.076014
0.60174,-0.79387,-0.042141,0.076848
0.60179,-0.79371,-0.042924,0.077662
0.60178,-0.79361,-0.043531,0.078456
0.6017,-0.79356,-0.044066,0.079287
0.60156,-0.79355,-0.044526,0.080172
0.60144,-0.79353,-0.044907,0.081038
0.60138,-0.79348,-0.045141,0.081791
0.60139,-0.79341,-0.045217,0.082398
0.60145,-0.79331,-0.045211,0.082898
0.60156,-0.79319,-0.04518,0.083331
0.60168,-0.79305,-0.04515,0.083757
0.60184,-0.79288,-0.045178,0.084231
0.60205,-0.79265,-0.045294,0.084782
0.60228,-0.7924,-0.045486,0.085424
0.60255,-0.7921,-0.045748,0.086157
0.60285,-0.79177,-0.046059,0.086933
0.60316,-0.79143,-0.046336,0.087722
0.60349,-0.79106,-0.04657,0.088576
0.60386,-0.79066,-0.046875,0.089523
0.60427,-0.79021,-0.047233,0.09055
0.60472,-0.78971,-0.047594,0.091672
0.60518,-0.78919,-0.047951,0.09289
0.60568,-0.78864,-0.048278,0.094165
0.60618,-0.78808,-0.048598,0.095507
0.60669,-0.78749,-0.048986,0.096929
0.6072,-0.78687,-0.049454,0.098461
0.60773,-0.78622,-0.049995,0.10012
0.60825,-0.78555,-0.050659,0.10187
0.60879,-0.78485,-0.051399,0.10366
0.60937,-0.78411,-0.052049,0.10545
0.61005,-0.78332,-0.052524,0.10719
0.61077,-0.7825,-0.052906,0.10885
0.61156,-0.78165,-0.053174,0.11044
0.61238,-0.78078,-0.05329,0.11195
0.61322,-0.7799,-0.053375,0.11343
0.61406,-0.77902,-0.05348,0.11488
0.61494,-0.77812,-0.053484,0.11625
0.61583,-0.77724,-0.053315,0.11753
0.61671,-0.77639,-0.052906,0.11869
0.61758,-0.77558,-0.052184,0.11975
0.61844,-0.77481,-0.051222,0.12073
0.61928,-0.77407,-0.050042,0.1217
0.62012,-0.77333,-0.048751,0.12262
0.62091,-0.77265,-0.047312,0.12349
0.62164,-0.77202,-0.04563,0.12435
0.62231,-0.77144,-0.043799,0.12523
0.62293,-0.77091,-0.041812,0.12614
0.62349,-0.77041,-0.039723,0.12712
0.62398,-0.76994,-0.037556,0.12818
0.62438,-0.76954,-0.0353,0.12925
0.62471,-0.76921,-0.032834,0.13028
0.62502,-0.7689,-0.030112,0.13127
0.62523,-0.76866,-0.027372,0.1323
0.62522,-0.76852,-0.024638,0.13367
0.62517,-0.76836,-0.021928,0.13527
0.62487,-0.76834,-0.019217,0.13719
0.62435,-0.76834,-0.017064,0.1398
0.62382,-0.7682,-0.016733,0.14295
0.6235,-0.76779,-0.016649,0.14651
0.62343,-0.76716,-0.016113,0.15012
0.62328,-0.76663,-0.015849,0.15349
0.62298,-0.76625,-0.015547,0.15658
0.62267,-0.76595,-0.014736,0.15932
0.62245,-0.76566,-0.013438,0.16167
0.6223,-0.76538,-0.011724,0.16368
0.62213,-0.76515,-0.0097703,0.16552
0.62193,-0.76497,-0.0077015,0.16722
0.62167,-0.76487,-0.0055815,0.16873
0.62137,-0.76485,-0.0034034,0.16999
0.62108,-0.76487,-0.0010631,0.17096
0.62084,-0.76493,0.0015489,0.17158
0.62065,-0.765,0.0043401,0.17187
0.62053,-0.76512,0.0073518,0.1717
0.62057,-0.76532,0.011165,0.17044
0.62077,-0.76566,0.016292,0.16775
0.62097,-0.76603,0.02211,0.16465
0.62109,-0.76631,0.027583,0.16205
0.62121,-0.76648,0.032524,0.15982
0.62137,-0.76656,0.036741,0.15793
0.62156,-0.76657,0.040369,0.15619
0.62175,-0.76657,0.043389,0.15463
0.62192,-0.76654,0.045716,0.1534
0.62204,-0.76651,0.047569,0.15254
0.62206,-0.76647,0.048833,0.15225
0.62202,-0.76641,0.049563,0.15248
0.622,-0.76629,0.050142,0.15299
0.62194,-0.76617,0.0507,0.15365
0.62174,-0.76614,0.051391,0.15436
0.62145,-0.76618,0.052316,0.15501
0.62114,-0.76624,0.053564,0.15551
0.62085,-0.7663,0.054949,0.15592
0.62056,-0.76638,0.056375,0.1562
0.62023,-0.76647,0.057944,0.15645
0.61985,-0.76657,0.059582,0.15685
0.61947,-0.76664,0.061096,0.15742
0.61909,-0.7667,0.062471,0.1581
0.61871,-0.76675,0.063621,0.15889
0.61841,-0.76674,0.064408,0.1598
0.61815,-0.7667,0.064867,0.1608
0.61794,-0.76662,0.065002,0.16189
0.61778,-0.76653,0.064825,0.16304
0.61765,-0.76641,0.064549,0.1642
0.61751,-0.7663,0.064325,0.16529
0.61739,-0.76622,0.064148,0.16618
0.61729,-0.76617,0.064001,0.16688
0.61721,-0.76612,0.063926,0.16738
0.61715,-0.76608,0.06387,0.16783
0.6171,-0.76602,0.06371,0.16833
0.61706,-0.76595,0.063434,0.1689
0.61705,-0.76585,0.062985,0.16958
0.6171,-0.76571,0.062265,0.17031
0.61718,-0.76557,0.061411,0.17093
0.61731,-0.76542,0.0605,0.17146
0.61749,-0.76526,0.059452,0.1719
0.61775,-0.76506,0.058318,0.17224
0.61803,-0.76486,0.057107,0.17251
0.61828,-0.76469,0.055755,0.17283
0.61852,-0.76452,0.054244,0.17321
0.61877,-0.76434,0.052563,0.17362
0.61905,-0.76415,0.050769,0.174
0.61942,-0.76391,0.048969,0.17426
0.61988,-0.76363,0.047249,0.17429
0.62034,-0.76339,0.045566,0.17419
0.62074,-0.76321,0.043857,0.17397
0.62117,-0.76304,0.04218,0.1736
0.6216,-0.76288,0.040495,0.17317
0.62204,-0.76271,0.038673,0.17276
0.62249,-0.76253,0.036737,0.17235
0.62291,-0.76239,0.034746,0.17183
0.62332,-0.76233,0.03284,0.171
0.62372,-0.76234,0.0311,0.16982
0.62415,-0.76236,0.029439,0.16846
0.62459,-0.76239,0.027757,0.16697
0.62506,-0.76245,0.026034,0.16521
0.62557,-0.76253,0.024277,0.16315
0.62611,-0.76264,0.022519,0.1608
0.62671,-0.76275,0.020754,0.15816
0.62738,-0.76283,0.018979,0.15529
0.62824,-0.76277,0.017032,0.15235
0.62941,-0.76248,0.01488,0.14915
0.63087,-0.76196,0.012593,0.14579
0.63246,-0.7613,0.0099518,0.14256
0.63421,-0.76044,0.0065023,0.13951
0.63609,-0.75941,0.0023325,0.13668
0.63816,-0.75817,-0.0023694,0.1339
0.64033,-0.7568,-0.0072997,0.13102
0.64259,-0.75535,-0.012279,0.12799
0.64494,-0.7538,-0.017228,0.12467
0.64741,-0.75217,-0.022056,0.12091
0.65008,-0.75038,-0.026565,0.11669
0.65297,-0.74839,-0.030711,0.11224
0.65604,-0.74616,-0.034804,0.1079
0.65916,-0.74372,-0.039638,0.104
0.66248,-0.74086,-0.046161,0.1006
0.66614,-0.73737,-0.055005,0.097561
0.66975,-0.73363,-0.065248,0.094698
0.67303,-0.72998,-0.075615,0.09186
0.67614,-0.72637,-0.085433,0.08899
0.67925,-0.72258,-0.095398,0.085965
0.68236,-0.71856,-0.1059,0.082706
0.68533,-0.71448,-0.11653,0.079132
0.68803,-0.7105,-0.12685,0.075578
0.69048,-0.70664,-0.13663,0.072228
0.69277,-0.70289,-0.14571,0.06913
0.69484,-0.69939,-0.15374,0.066434
0.6966,-0.69633,-0.16041,0.064334
0.69815,-0.69376,-0.16531,0.062863
0.69974,-0.69162,-0.16798,0.061704
0.70147,-0.68997,-0.16795,0.060533
0.70335,-0.68877,-0.16539,0.059503
0.70515,-0.6879,-0.16128,0.05964
0.70672,-0.6872,-0.15644,0.061889
0.70823,-0.68639,-0.15135,0.066076
0.70957,-0.6855,-0.1464,0.071926
0.71063,-0.68463,-0.14142,0.07933
0.71152,-0.68383,-0.13563,0.087916
0.71254,-0.683,-0.12789,0.097142
0.71398,-0.682,-0.11761,0.10614
0.71556,-0.68095,-0.10565,0.11457
0.71706,-0.67996,-0.092252,0.12235
0.71826,-0.67892,-0.078744,0.13028
0.71895,-0.67782,-0.066243,0.13886
0.71901,-0.6768,-0.054632,0.14826
0.71848,-0.67577,-0.043749,0.15874
0.71725,-0.67467,-0.034213,0.17089
0.71518,-0.67369,-0.02644,0.18428
0.71231,-0.67306,-0.019741,0.19803
0.70866,-0.67305,-0.012914,0.21127
0.70414,-0.67404,-0.0050181,0.22324
0.69892,-0.67578,0.0041067,0.23412
0.69331,-0.67782,0.014683,0.24427
0.6878,-0.6793,0.025322,0.25463
0.68267,-0.68005,0.034474,0.26515
0.67831,-0.67987,0.04094,0.27569
0.67521,-0.67814,0.043711,0.2869
0.67415,-0.67396,0.03973,0.29955
0.6755,-0.66765,0.026801,0.31179
0.6787,-0.66076,0.0062686,0.32051
0.68267,-0.65509,-0.019459,0.32319
0.6885,-0.64918,-0.051649,0.31918
0.6975,-0.64516,-0.088027,0.29919
0.703,-0.6523,-0.095102,0.26695
0.69856,-0.66867,-0.06391,0.24659
0.70282,-0.66832,-0.050282,0.23845
0.71158,-0.66253,-0.061944,0.22554
0.71255,-0.6623,-0.09587,0.2108
0.71322,-0.65975,-0.12696,0.19981
0.71739,-0.65488,-0.14104,0.19131
0.71949,-0.65074,-0.1603,0.18214
0.7214,-0.64661,-0.17868,0.17192
0.7211,-0.64564,-0.19342,0.16048
0.71927,-0.64671,-0.20451,0.15031
0.71931,-0.64433,-0.2139,0.14723
0.71589,-0.64306,-0.22866,0.14728
0.7129,-0.64307,-0.24087,0.14217
0.71298,-0.6429,-0.2461,0.13335
0.71318,-0.64347,-0.24839,0.12504
0.71175,-0.64408,-0.25347,0.11971
0.71076,-0.64328,-0.25991,0.11601
0.70985,-0.64264,-0.26549,0.11244
0.70842,-0.64326,-0.26943,0.10848
0.70656,-0.64484,-0.27209,0.10451
0.70427,-0.64729,-0.27363,0.10069
0.70188,-0.65067,-0.27315,0.096909
0.69954,-0.65465,-0.27073,0.093679
0.69688,-0.6585,-0.2687,0.092414
0.69369,-0.66195,-0.26851,0.092297
0.69034,-0.66517,-0.26955,0.091235
0.68721,-0.6686,-0.27,0.088419
0.68446,-0.67202,-0.2696,0.084941
0.68243,-0.67474,-0.26883,0.082162
0.681,-0.67676,-0.26786,0.080575
0.67991,-0.67816,-0.26698,0.080906
0.67831,-0.67951,-0.26711,0.082588
0.67639,-0.68077,-0.26805,0.084825
0.67512,-0.68157,-0.26863,0.086606
0.67498,-0.68178,-0.26817,0.087504
0.67526,-0.68184,-0.2673,0.087582
0.67529,-0.68236,-0.26624,0.086468
0.67483,-0.68351,-0.26504,0.084711
0.67445,-0.68465,-0.26368,0.08279
0.67419,-0.6856,-0.26238,0.08117
0.67412,-0.68625,-0.26114,0.080155
0.6743,-0.68648,-0.26014,0.080015
0.67425,-0.68648,-0.25995,0.080958
0.67362,-0.68663,-0.26072,0.082457
0.67281,-0.68682,-0.26183,0.083947
0.67212,-0.68704,-0.26263,0.085181
0.67179,-0.6872,-0.26275,0.086042
0.67194,-0.68723,-0.26213,0.086582
0.6724,-0.68719,-0.26092,0.087026
0.67275,-0.68718,-0.25981,0.087632
0.67288,-0.6872,-0.25919,0.088401
0.67268,-0.68728,-0.25922,0.08915
0.67229,-0.68746,-0.2596,0.089642
0.67185,-0.68769,-0.26002,0.089974
0.67143,-0.68793,-0.26031,0.090402
0.67103,-0.68818,-0.26047,0.090981
0.67065,-0.68845,-0.26054,0.091567
0.6702,-0.68878,-0.26055,0.092343
0.6697,-0.68911,-0.26057,0.093451
0.6692,-0.68943,-0.26057,0.094678
0.66877,-0.68971,-0.26051,0.095805
0.66839,-0.68999,-0.26036,0.096851
0.66802,-0.69027,-0.26016,0.097944
0.66763,-0.69059,-0.25989,0.099109
0.66724,-0.69092,-0.25957,0.10027
0.66684,-0.69129,-0.25923,0.10124
0.66646,-0.6917,-0.25872,0.10219
0.66611,-0.69211,-0.25812,0.10322
0.66564,-0.69254,-0.25776,0.10423
0.66506,-0.69301,-0.2576,0.10521
0.66446,-0.69344,-0.25756,0.10631
0.66382,-0.69385,-0.25762,0.10745
0.66317,-0.69425,-0.25777,0.10855
0.66256,-0.69462,-0.2579,0.10953
0.66205,-0.69501,-0.25782,0.11034
0.6616,-0.69543,-0.25759,0.11095
0.66119,-0.69588,-0.25725,0.11137
0.66081,-0.69632,-0.25689,0.11166
0.66048,-0.69677,-0.25647,0.11182
0.66017,-0.69721,-0.25602,0.1119
0.65983,-0.69763,-0.25572,0.11199
0.65946,-0.69799,-0.25565,0.11209
0.65912,-0.6983,-0.25564,0.11217
0.65881,-0.6986,-0.25561,0.11222
0.6585,-0.69886,-0.25566,0.11229
0.65823,-0.69907,-0.25577,0.11236
0.65803,-0.69928,-0.25574,0.11226
0.65783,-0.69946,-0.25583,0.11212
0.65766,-0.69956,-0.25607,0.11189
0.65759,-0.69964,-0.25618,0.11156
0.65754,-0.69972,-0.25623,0.11127
0.65745,-0.69981,-0.25631,0.11104
0.65736,-0.69988,-0.25641,0.11091
0.65725,-0.69989,-0.25667,0.11087
0.6572,-0.69982,-0.25702,0.11084
0.65722,-0.69969,-0.25731,0.11082
0.65724,-0.69958,-0.25756,0.11083
0.65726,-0.69946,-0.25783,0.11083
0.65731,-0.69933,-0.25809,0.11079
0.65741,-0.69918,-0.25827,0.11075
0.65754,-0.69902,-0.25839,0.11069
0.65767,-0.69887,-0.25848,0.11061
0.65775,-0.69872,-0.25867,0.1106
0.65778,-0.69854,-0.25904,0.11072
0.65781,-0.69831,-0.25951,0.1109
0.65789,-0.69803,-0.25998,0.11113
0.65797,-0.69769,-0.26052,0.11149
0.65807,-0.69727,-0.26115,0.1121
0.65825,-0.69668,-0.26188,0.11299
0.65842,-0.69602,-0.26268,0.11417
0.6586,-0.69535,-0.26345,0.1155
0.65877,-0.6947,-0.26416,0.11676
0.659,-0.69415,-0.26456,0.11785
0.65927,-0.69369,-0.26466,0.1188
0.65949,-0.6933,-0.2647,0.11974
0.65965,-0.69298,-0.26468,0.12072
0.65962,-0.69277,-0.26476,0.12195
0.65959,-0.69241,-0.26507,0.12348
0.65971,-0.69175,-0.26564,0.12528
0.65986,-0.69109,-0.26615,0.12705
0.65994,-0.69058,-0.26646,0.12879
0.65996,-0.69023,-0.26649,0.13045
0.65993,-0.68998,-0.26643,0.13202
0.65983,-0.6898,-0.26639,0.13357
0.65963,-0.68964,-0.26645,0.13525
0.65936,-0.68944,-0.26666,0.13718
0.65903,-0.6891,-0.26719,0.13941
0.65875,-0.6886,-0.26795,0.14173
0.65854,-0.68805,-0.26864,0.14401
0.65845,-0.68754,-0.26896,0.14625
0.65845,-0.68711,-0.26888,0.14842
0.6585,-0.68673,-0.26854,0.15054
0.65864,-0.68641,-0.26781,0.15269
0.65886,-0.68612,-0.26675,0.15487
0.6591,-0.68586,-0.26562,0.15695
0.65931,-0.68569,-0.26441,0.15885
0.65949,-0.68563,-0.26302,0.16063
0.65965,-0.6857,-0.26141,0.16233
0.65974,-0.68588,-0.25962,0.16402
0.65992,-0.68608,-0.25761,0.16564
0.66013,-0.68627,-0.25556,0.16719
0.66033,-0.68639,-0.25363,0.16881
0.6606,-0.68636,-0.25187,0.17051
0.66107,-0.68613,-0.25006,0.17228
0.66166,-0.68577,-0.24822,0.17409
0.66255,-0.68528,-0.24595,0.17584
0.66369,-0.68464,-0.24337,0.17766
0.66495,-0.68393,-0.2406,0.17943
0.66643,-0.68334,-0.23718,0.18072
0.66814,-0.68283,-0.23309,0.18164
0.6701,-0.68243,-0.22823,0.18211
0.67218,-0.68217,-0.22267,0.18231
0.67418,-0.68191,-0.217,0.18275
0.67611,-0.6817,-0.2112,0.18316
0.67814,-0.68154,-0.20491,0.18341
0.68016,-0.68149,-0.19797,0.18376
0.68202,-0.68168,-0.19046,0.18411
0.68376,-0.68205,-0.18232,0.1845
0.68546,-0.6824,-0.17366,0.18526
0.68706,-0.68252,-0.16493,0.18686
0.68836,-0.68252,-0.15648,0.1893
0.68933,-0.68241,-0.14835,0.1927
0.69004,-0.68216,-0.14058,0.19681
0.69046,-0.68184,-0.13309,0.20163
0.69051,-0.68145,-0.12564,0.20744
0.69021,-0.68093,-0.11838,0.21431
0.68958,-0.68019,-0.11155,0.2222
0.68862,-0.67925,-0.1055,0.23084
0.68731,-0.67837,-0.10043,0.23946
0.68512,-0.67851,-0.095555,0.24719
0.68265,-0.67923,-0.089882,0.25408
0.67988,-0.68055,-0.083523,0.2601
0.67667,-0.68249,-0.076681,0.26541
0.67331,-0.68466,-0.070011,0.27018
0.67026,-0.6868,-0.064635,0.27365
0.6678,-0.68863,-0.061292,0.2758
0.66713,-0.68926,-0.062336,0.27562
0.66757,-0.68942,-0.065805,0.27334
0.6675,-0.69001,-0.070377,0.27087
0.66753,-0.69021,-0.078305,0.26811
0.66838,-0.69085,-0.08568,0.262
0.66937,-0.69258,-0.091469,0.25282
0.6703,-0.69534,-0.095643,0.24096
0.67111,-0.69905,-0.097597,0.22675
0.67182,-0.70339,-0.097741,0.21057
0.67257,-0.7082,-0.095895,0.1921
0.67351,-0.71294,-0.092626,0.17182
0.67472,-0.71704,-0.089074,0.15061
0.67614,-0.72018,-0.086352,0.12929
0.67774,-0.72216,-0.085573,0.1088
0.67971,-0.72262,-0.087734,0.090168
0.68178,-0.72184,-0.092963,0.073983
0.68368,-0.72015,-0.10159,0.06039
0.68516,-0.71784,-0.11341,0.048961
0.68598,-0.71526,-0.12769,0.03909
0.68617,-0.7126,-0.14308,0.029883
0.6859,-0.70993,-0.15844,0.020832
0.68542,-0.70725,-0.17281,0.011675
0.6849,-0.70454,-0.18581,0.0024455
0.68441,-0.7018,-0.19754,-0.0065614
0.68385,-0.69899,-0.20864,-0.015185
0.68316,-0.69611,-0.21948,-0.023277
0.68238,-0.69316,-0.2301,-0.030863
0.68149,-0.69023,-0.24026,-0.037751
0.68052,-0.6874,-0.24994,-0.043669
0.67966,-0.68459,-0.25893,-0.048479
0.6791,-0.68178,-0.26703,-0.05191
0.67869,-0.67904,-0.27461,-0.053618
0.67812,-0.67657,-0.28206,-0.053427
0.67707,-0.67458,-0.28956,-0.051697
0.67561,-0.67302,-0.29696,-0.048995
0.67394,-0.67209,-0.30337,-0.045518
0.67254,-0.67158,-0.30809,-0.041848
0.6716,-0.67136,-0.31109,-0.038026
0.67096,-0.67148,-0.31271,-0.03382
0.6703,-0.67213,-0.31323,-0.028683
0.66936,-0.67324,-0.31337,-0.022517
0.6674,-0.6754,-0.31333,-0.015041
0.66525,-0.6786,-0.31132,-0.0055673
0.66286,-0.68277,-0.30726,0.0059496
0.65887,-0.68766,-0.30447,0.017447
0.65328,-0.69259,-0.30462,0.027399
0.64815,-0.6971,-0.30459,0.034259
0.64556,-0.70139,-0.29968,0.038652
0.64494,-0.70568,-0.29056,0.04061
0.64607,-0.70896,-0.27995,0.03997
0.64954,-0.71011,-0.26901,0.038304
0.6547,-0.70899,-0.25947,0.037183
0.65783,-0.7081,-0.25369,0.038744
0.65643,-0.70976,-0.25207,0.042429
0.65249,-0.71257,-0.2538,0.045579
0.64934,-0.71479,-0.25527,0.047728
0.64738,-0.71649,-0.25512,0.049588
0.64628,-0.71786,-0.25368,0.051378
0.64514,-0.71937,-0.2519,0.053336
0.64335,-0.72138,-0.25026,0.055512
0.64166,-0.72344,-0.24817,0.057601
0.6405,-0.72523,-0.24555,0.059256
0.63978,-0.72679,-0.24248,0.060506
0.63919,-0.72832,-0.23906,0.06182
0.63848,-0.72984,-0.23587,0.063639
0.63771,-0.73113,-0.2334,0.0656
0.63699,-0.73219,-0.23149,0.06751
0.63632,-0.73309,-0.22991,0.069391
0.63562,-0.73387,-0.22876,0.07135
0.63492,-0.73444,-0.22821,0.073461
0.63436,-0.73486,-0.22769,0.075679
0.63393,-0.73523,-0.22689,0.078
0.63351,-0.73556,-0.22615,0.080515
0.63308,-0.73569,-0.22591,0.083259
0.63284,-0.73555,-0.22597,0.086055
0.63284,-0.73523,-0.22602,0.088723
0.63285,-0.73485,-0.2262,0.091221
0.63286,-0.73448,-0.22646,0.093539
0.63287,-0.73415,-0.2266,0.095676
0.63291,-0.73387,-0.22655,0.097695
0.63302,-0.73356,-0.22643,0.099532
0.63322,-0.73316,-0.22634,0.10133
0.63348,-0.73272,-0.22621,0.10319
0.63371,-0.73228,-0.22615,0.10509
0.63393,-0.73179,-0.22624,0.10692
0.63426,-0.73125,-0.22626,0.10863
0.63462,-0.73075,-0.22607,0.11024
0.63499,-0.7303,-0.22577,0.11172
0.6354,-0.72984,-0.2254,0.11314
0.6358,-0.72938,-0.22503,0.11453
0.63625,-0.72888,-0.22468,0.11591
0.63678,-0.72831,-0.22431,0.11728
0.63734,-0.72773,-0.22391,0.11863
0.63783,-0.72718,-0.2236,0.11993
0.63841,-0.72658,-0.22325,0.12117
0.63898,-0.72598,-0.22291,0.12237
0.63963,-0.72537,-0.22238,0.12355
0.64038,-0.72472,-0.22171,0.12468
0.64105,-0.72413,-0.22102,0.12586
0.6417,-0.7236,-0.22016,0.12711
0.64245,-0.723,-0.21923,0.12836
0.6431,-0.72245,-0.21839,0.12955
0.64376,-0.72196,-0.21734,0.13081
0.64453,-0.72144,-0.21603,0.13203
0.6454,-0.72085,-0.21462,0.13332
0.64614,-0.7203,-0.21333,0.13474
0.64698,-0.71966,-0.21195,0.13633
0.64804,-0.71879,-0.21056,0.13802
0.64899,-0.71792,-0.20943,0.13977
0.65001,-0.71702,-0.20811,0.14162
0.6512,-0.71605,-0.20647,0.14349
0.65234,-0.7151,-0.20482,0.14537
0.65339,-0.71422,-0.20311,0.14737
0.65457,-0.7133,-0.20102,0.14942
0.65577,-0.71237,-0.1988,0.15156
0.65694,-0.71147,-0.19646,0.1538
0.65807,-0.71062,-0.19391,0.15608
0.6592,-0.70981,-0.19108,0.15845
0.66034,-0.70902,-0.18806,0.16088
0.66148,-0.70824,-0.18477,0.16341
0.66262,-0.70749,-0.18123,0.16598
0.66374,-0.70678,-0.17747,0.16856
0.66485,-0.70612,-0.17349,0.17108
0.66605,-0.70549,-0.16912,0.17336
0.66722,-0.70501,-0.16427,0.17548
0.66818,-0.70474,-0.15922,0.17756
0.66885,-0.70469,-0.15414,0.17972
0.66937,-0.70468,-0.14913,0.182
0.66981,-0.70464,-0.14421,0.18452
0.67011,-0.7046,-0.13888,0.18762
0.67006,-0.70475,-0.13383,0.19087
0.6697,-0.70494,-0.13008,0.19402
0.66965,-0.7047,-0.12654,0.19737
0.66991,-0.70423,-0.12213,0.20089
0.67015,-0.70381,-0.11745,0.20434
0.6702,-0.70361,-0.11313,0.20727
0.67019,-0.70351,-0.10876,0.20999
0.67022,-0.70342,-0.1042,0.21247
0.67026,-0.70343,-0.099574,0.21455
0.67019,-0.70359,-0.09503,0.21628
0.67003,-0.70385,-0.091055,0.21763
0.6699,-0.70412,-0.087701,0.21854
0.67004,-0.70427,-0.08497,0.21871
0.66998,-0.7048,-0.08315,0.21789
0.66863,-0.70676,-0.083438,0.21553
0.66712,-0.7092,-0.084,0.21198
0.66662,-0.71121,-0.083874,0.20679
0.66691,-0.71265,-0.083252,0.20108
0.6674,-0.71368,-0.082981,0.19581
0.66804,-0.71428,-0.083826,0.19104
0.66859,-0.71461,-0.085989,0.1869
0.66891,-0.7148,-0.089418,0.18339
0.66914,-0.71497,-0.093132,0.18
0.66932,-0.71522,-0.096367,0.17657
0.66944,-0.71565,-0.098729,0.17303
0.66959,-0.71613,-0.10049,0.16946
0.66979,-0.71661,-0.10159,0.16593
0.67012,-0.71706,-0.10186,0.16243
0.67056,-0.7174,-0.10142,0.15937
0.67096,-0.71758,-0.10088,0.15722
0.67116,-0.71757,-0.10091,0.15639
0.67116,-0.7175,-0.10147,0.15636
0.671,-0.7175,-0.10201,0.15665
0.67075,-0.7176,-0.10222,0.15715
0.67051,-0.71768,-0.10213,0.15786
0.6703,-0.71775,-0.10172,0.15868
0.67006,-0.71783,-0.10136,0.15958
0.6698,-0.71786,-0.10124,0.16063
0.66951,-0.71783,-0.1013,0.16189
0.66918,-0.71778,-0.10157,0.1633
0.66892,-0.71758,-0.10228,0.16484
0.66881,-0.71713,-0.10351,0.16648
0.66875,-0.71657,-0.10509,0.1681
0.66874,-0.71596,-0.10685,0.16961
0.66884,-0.71526,-0.10882,0.17091
0.66897,-0.71458,-0.11087,0.17194
0.66912,-0.71399,-0.11268,0.17261
0.6693,-0.71346,-0.11441,0.17296
0.66956,-0.71291,-0.11639,0.17292
0.6699,-0.71291,-0.11645,0.17157
0.67038,-0.71348,-0.11282,0.16976
0.67067,-0.71399,-0.10889,0.16898
0.67056,-0.71458,-0.10637,0.16853
0.67036,-0.71549,-0.1038,0.16708
0.67015,-0.71647,-0.10114,0.16535
0.66989,-0.71753,-0.098888,0.16318
0.66961,-0.71862,-0.09693,0.16067
0.66937,-0.71967,-0.095288,0.15794
0.66915,-0.72054,-0.094224,0.15549
0.66885,-0.72138,-0.093349,0.1534
0.66865,-0.72208,-0.0923,0.1516
0.66861,-0.72262,-0.091381,0.1498
0.66871,-0.72298,-0.090695,0.14804
0.66908,-0.72292,-0.090663,0.14663
0.66951,-0.72263,-0.091145,0.14577
0.67001,-0.72203,-0.092162,0.14583
0.67054,-0.72116,-0.094181,0.14639
0.67077,-0.72042,-0.097648,0.14672
0.67057,-0.72,-0.10215,0.14663
0.6702,-0.71971,-0.10714,0.14622
0.66981,-0.71948,-0.11213,0.14536
0.66962,-0.71929,-0.1163,0.14391
0.6695,-0.7192,-0.11929,0.14244
0.66927,-0.71929,-0.12173,0.14097
0.66905,-0.71947,-0.12385,0.1393
0.66889,-0.71965,-0.12557,0.13757
0.6688,-0.71982,-0.12688,0.13591
0.66875,-0.71992,-0.12811,0.13442
0.66882,-0.71988,-0.12936,0.13312
0.66894,-0.71976,-0.13057,0.13197
0.66902,-0.71963,-0.13184,0.13103
0.66905,-0.71945,-0.13325,0.13039
0.66908,-0.71925,-0.13465,0.1299
0.66909,-0.71904,-0.13606,0.12955
0.66909,-0.71884,-0.13739,0.12928
0.66913,-0.71861,-0.1386,0.12905
0.6692,-0.71838,-0.13968,0.12883
0.66924,-0.71821,-0.14058,0.12857
0.66923,-0.71809,-0.1414,0.1284
0.66916,-0.71796,-0.14238,0.12842
0.6691,-0.71785,-0.14328,0.12834
0.66907,-0.71776,-0.14403,0.12817
0.66909,-0.71763,-0.14479,0.12796
0.6691,-0.7175,-0.14553,0.12776
0.66913,-0.71735,-0.14632,0.12755
0.66917,-0.71714,-0.14726,0.12741
0.66922,-0.7169,-0.14828,0.12735
0.66929,-0.71657,-0.14948,0.12742
0.66943,-0.71617,-0.15073,0.12743
0.66968,-0.71576,-0.15183,0.12711
0.67004,-0.71545,-0.1525,0.12617
0.67045,-0.71529,-0.1527,0.12469
0.67085,-0.71509,-0.15294,0.12334
0.67124,-0.71472,-0.1538,0.12233
0.67171,-0.71417,-0.15503,0.12135
0.67217,-0.71361,-0.15636,0.1204
0.67263,-0.71301,-0.15781,0.11953
0.6731,-0.71231,-0.15947,0.1188
0.67363,-0.7115,-0.16134,0.11814
0.67418,-0.71059,-0.16345,0.11759
0.67479,-0.70948,-0.16594,0.11731
0.67546,-0.70825,-0.16858,0.1171
0.67611,-0.70708,-0.17114,0.11672
0.67678,-0.70585,-0.17383,0.11632
0.67754,-0.70449,-0.17672,0.11574
0.67844,-0.70302,-0.17963,0.11495
0.67954,-0.70143,-0.18237,0.11392
0.68086,-0.69974,-0.18473,0.1126
0.68235,-0.69801,-0.18669,0.11103
0.68395,-0.69619,-0.1886,0.10935
0.68549,-0.69423,-0.1912,0.10771
0.68699,-0.69212,-0.19443,0.10592
0.68856,-0.68984,-0.19806,0.10379
0.6902,-0.6874,-0.20208,0.10128
0.69191,-0.68481,-0.20638,0.098519
0.69375,-0.68216,-0.21022,0.095809
0.69566,-0.67947,-0.21383,0.09303
0.69736,-0.67676,-0.21819,0.089879
0.69889,-0.67399,-0.22325,0.086347
0.70031,-0.67119,-0.22862,0.082478
0.7017,-0.66836,-0.23408,0.078193
0.70292,-0.66553,-0.24002,0.073219
0.70419,-0.66268,-0.24572,0.067825
0.70575,-0.65977,-0.25046,0.062427
0.7074,-0.65681,-0.25482,0.057139
0.70894,-0.65388,-0.25911,0.052058
0.71055,-0.65112,-0.26262,0.046837
0.71248,-0.64873,-0.26422,0.041303
0.71468,-0.64691,-0.26353,0.035839
0.71701,-0.64568,-0.26084,0.030935
0.71933,-0.64507,-0.25632,0.027315
0.72149,-0.64505,-0.25042,0.025337
0.72353,-0.64553,-0.24324,0.025044
0.72524,-0.64646,-0.23535,0.026842
0.72641,-0.64772,-0.22773,0.030377
0.72715,-0.64929,-0.22008,0.035203
0.72773,-0.65116,-0.21141,0.04133
0.7284,-0.65309,-0.20132,0.048684
0.72907,-0.655,-0.19021,0.057044
0.72967,-0.65682,-0.17834,0.066103
0.73027,-0.65845,-0.16573,0.075393
0.73102,-0.65982,-0.15184,0.084763
0.73174,-0.66103,-0.13687,0.094138
0.73219,-0.6622,-0.12116,0.1035
0.73214,-0.66346,-0.10512,0.1129
0.73141,-0.66485,-0.089412,0.12255
0.72965,-0.66665,-0.07427,0.13292
0.7267,-0.66895,-0.059502,0.14449
0.72239,-0.67167,-0.045262,0.15799
0.71679,-0.67448,-0.031769,0.17403
0.71011,-0.67689,-0.019285,0.19286
0.70289,-0.67844,-0.0078177,0.21354
0.69524,-0.67877,0.0010858,0.23646
0.68744,-0.6777,0.0049786,0.26099
0.68027,-0.67483,0.0019707,0.28605
0.67468,-0.66976,-0.0085205,0.31009
0.67069,-0.66327,-0.02495,0.33108
0.66826,-0.65688,-0.045278,0.34624
0.6668,-0.6535,-0.062782,0.35266
0.66663,-0.65396,-0.07699,0.34931
0.66953,-0.6554,-0.09419,0.3366
0.6771,-0.65795,-0.12096,0.30659
0.68255,-0.66965,-0.11442,0.26944
0.67887,-0.68485,-0.076668,0.25346
0.68147,-0.68478,-0.061984,0.25067
0.68794,-0.68004,-0.071536,0.24324
0.69136,-0.67529,-0.11763,0.22838
0.69527,-0.66863,-0.1486,0.21783
0.69784,-0.66497,-0.15613,0.21555
0.70143,-0.65774,-0.1771,0.20978
0.70432,-0.65284,-0.1921,0.20206
0.70395,-0.6532,-0.1987,0.19572
0.70184,-0.65405,-0.207,0.19178
0.69785,-0.65488,-0.22184,0.1869
0.69486,-0.65587,-0.23091,0.18354
0.69434,-0.65607,-0.23369,0.18124
0.69331,-0.65772,-0.23567,0.17659
0.69094,-0.66118,-0.23639,0.17192
0.68813,-0.66462,-0.2383,0.16726
0.6858,-0.66651,-0.24239,0.16339
0.68319,-0.66783,-0.24736,0.16147
0.67976,-0.66979,-0.25171,0.16109
0.67651,-0.67224,-0.25389,0.16115
0.67343,-0.67533,-0.25392,0.16106
0.67062,-0.67886,-0.25209,0.16084
0.66754,-0.68292,-0.24948,0.16053
0.66451,-0.68696,-0.24702,0.15967
0.66182,-0.69008,-0.24627,0.15852
0.65944,-0.69251,-0.24663,0.15726
0.65782,-0.69406,-0.24732,0.15618
0.65709,-0.69466,-0.24768,0.15601
0.65699,-0.69449,-0.24801,0.15665
0.65718,-0.69384,-0.24869,0.15763
0.65732,-0.69321,-0.24951,0.15855
0.65732,-0.69262,-0.25056,0.15945
0.65723,-0.69185,-0.25232,0.16042
0.65716,-0.69088,-0.25466,0.16117
0.65717,-0.68993,-0.25701,0.16143
0.65724,-0.68902,-0.25929,0.16139
0.65734,-0.68809,-0.26143,0.16153
0.65738,-0.68717,-0.26343,0.16205
0.6574,-0.68614,-0.2657,0.16262
0.65762,-0.68486,-0.2683,0.16286
0.65813,-0.68347,-0.27062,0.16278
0.65876,-0.68219,-0.27241,0.1626
0.65943,-0.68109,-0.27374,0.16231
0.66014,-0.68005,-0.27485,0.16185
0.6609,-0.67908,-0.27577,0.16128
0.66161,-0.67825,-0.2764,0.16077
0.66223,-0.67756,-0.27683,0.16041
0.66274,-0.67703,-0.27708,0.16012
0.66317,-0.67658,-0.27727,0.15988
0.66354,-0.67618,-0.27751,0.15963
0.66383,-0.67594,-0.27756,0.15935
0.66405,-0.67587,-0.2773,0.15916
0.66424,-0.67586,-0.277,0.15898
0.66439,-0.67591,-0.27663,0.15877
0.66453,-0.67602,-0.27608,0.15867
0.66463,-0.67613,-0.27552,0.15877
0.66468,-0.67622,-0.27501,0.15905
0.66474,-0.67627,-0.27453,0.15941
0.6648,-0.6763,-0.27405,0.15987
0.66483,-0.67632,-0.27357,0.16047
0.66486,-0.67631,-0.27314,0.16111
0.66495,-0.67628,-0.27268,0.16167
0.66506,-0.67626,-0.27213,0.16222
0.66511,-0.67629,-0.27161,0.16276
0.66513,-0.67631,-0.27119,0.1633
0.66515,-0.67629,-0.27086,0.16386
0.66519,-0.67623,-0.27058,0.16438
0.6653,-0.67613,-0.27028,0.16486
0.66549,-0.67598,-0.26989,0.1653
0.66568,-0.67582,-0.26959,0.16572
0.66583,-0.67567,-0.26933,0.16614
0.666,-0.67555,-0.26893,0.16658
0.66616,-0.67538,-0.26867,0.16708
0.66633,-0.67516,-0.26853,0.16751
0.66653,-0.67489,-0.26844,0.16796
0.66674,-0.6745,-0.26849,0.16857
0.66699,-0.67399,-0.26869,0.16931
0.6673,-0.67342,-0.26893,0.16998
0.66761,-0.67292,-0.26907,0.17051
0.66794,-0.67252,-0.26901,0.17091
0.66824,-0.67221,-0.26885,0.1712
0.66851,-0.67195,-0.26869,0.1714
0.66883,-0.67169,-0.26849,0.17151
0.66919,-0.67137,-0.26826,0.17169
0.66955,-0.671,-0.26813,0.17193
0.6699,-0.67063,-0.26801,0.17224
0.67026,-0.67027,-0.26782,0.17251
0.67066,-0.66992,-0.26754,0.17275
0.67102,-0.66959,-0.26732,0.17297
0.67136,-0.66931,-0.26702,0.17319
0.67165,-0.66912,-0.2666,0.17345
0.67187,-0.66901,-0.26617,0.17369
0.67205,-0.66892,-0.26577,0.17394
0.67218,-0.66887,-0.2654,0.1742
0.67226,-0.66885,-0.26507,0.17446
0.67231,-0.66888,-0.26475,0.17464
0.67239,-0.66894,-0.26436,0.17471
0.67248,-0.66907,-0.26383,0.17467
0.67256,-0.66925,-0.26325,0.17457
0.6726,-0.66946,-0.26269,0.17445
0.67262,-0.66967,-0.26216,0.17435
0.67264,-0.66985,-0.26167,0.17431
0.6727,-0.67001,-0.26116,0.17423
0.6728,-0.67015,-0.26062,0.17412
0.67292,-0.67029,-0.26005,0.17397
0.67307,-0.6704,-0.25943,0.17387
0.67319,-0.67042,-0.25908,0.17387
0.6734,-0.67029,-0.25893,0.17377
0.67377,-0.67013,-0.25855,0.17357
0.67417,-0.67,-0.25796,0.17333
0.67455,-0.66997,-0.25723,0.17309
0.67497,-0.66996,-0.25631,0.17283
0.67542,-0.66996,-0.25535,0.1725
0.67597,-0.66979,-0.2546,0.17212
0.67667,-0.66938,-0.25393,0.17195
0.67737,-0.66892,-0.25337,0.17184
0.67811,-0.66836,-0.25283,0.17184
0.6789,-0.66773,-0.25219,0.17214
0.67965,-0.66709,-0.25154,0.1726
0.68033,-0.66653,-0.25083,0.17315
0.68094,-0.66612,-0.24991,0.17365
0.68155,-0.66581,-0.24874,0.17413
0.68209,-0.66562,-0.24737,0.1747
0.68258,-0.66549,-0.24591,0.17532
0.68309,-0.66535,-0.24428,0.17614
0.68355,-0.66523,-0.24262,0.17711
0.68398,-0.66515,-0.24074,0.1783
0.68434,-0.66517,-0.23864,0.17966
0.68466,-0.6652,-0.23647,0.18118
0.68495,-0.6653,-0.23402,0.1829
0.68522,-0.66545,-0.23134,0.18476
0.68547,-0.66561,-0.22848,0.1868
0.68569,-0.66577,-0.22555,0.18896
0.68583,-0.66605,-0.22219,0.19143
0.68593,-0.66631,-0.21872,0.19413
0.68601,-0.66654,-0.21515,0.19703
0.68602,-0.66685,-0.21132,0.20007
0.68595,-0.66723,-0.20726,0.20329
0.68583,-0.66752,-0.20315,0.20684
0.68563,-0.66781,-0.19895,0.21062
0.68533,-0.66814,-0.19463,0.21454
0.68499,-0.66845,-0.19022,0.21858
0.68462,-0.66873,-0.18573,0.22272
0.68418,-0.66897,-0.18115,0.22707
0.68363,-0.66914,-0.1767,0.23167
0.68292,-0.66924,-0.17271,0.23646
0.68204,-0.66932,-0.16903,0.24137
0.68099,-0.66938,-0.16558,0.2465
0.67977,-0.66945,-0.16239,0.25176
0.67831,-0.66963,-0.15946,0.25703
0.67666,-0.66994,-0.15671,0.26223
0.67479,-0.67044,-0.15415,0.26723
0.67267,-0.67126,-0.15193,0.27174
0.67034,-0.67241,-0.15004,0.27569
0.66788,-0.67383,-0.14853,0.27898
0.66557,-0.67536,-0.14742,0.28137
0.66375,-0.67649,-0.14771,0.28279
0.66304,-0.67671,-0.15022,0.28262
0.66336,-0.67618,-0.1548,0.28066
0.66371,-0.67541,-0.16124,0.27805
0.66362,-0.67401,-0.17042,0.27618
0.66412,-0.67157,-0.18175,0.27368
0.66497,-0.66944,-0.19298,0.26911
0.66578,-0.66799,-0.20344,0.26294
0.66653,-0.66712,-0.21302,0.25557
0.66738,-0.66699,-0.22119,0.2466
0.66854,-0.66762,-0.22757,0.23568
0.66998,-0.66885,-0.23255,0.22291
0.67135,-0.67067,-0.23647,0.20875
0.67246,-0.67285,-0.23968,0.19398
0.67321,-0.67515,-0.24251,0.17927
0.67361,-0.67723,-0.24574,0.16499
0.67368,-0.67884,-0.24981,0.1514
0.67352,-0.6798,-0.25495,0.13872
0.67313,-0.6802,-0.26082,0.12724
0.67242,-0.68014,-0.26732,0.11742
0.67142,-0.67952,-0.27468,0.10959
0.67009,-0.67834,-0.28309,0.10346
0.66838,-0.67669,-0.29255,0.098807
0.66631,-0.67475,-0.30266,0.095669
0.6639,-0.67269,-0.31297,0.093646
0.66118,-0.67067,-0.32308,0.093099
0.65826,-0.66876,-0.33262,0.093873
0.65521,-0.66703,-0.34144,0.095835
0.65215,-0.66554,-0.34935,0.098554
0.64922,-0.66427,-0.3563,0.10153
0.64653,-0.66342,-0.36182,0.10467
0.64402,-0.66322,-0.36559,0.10826
0.64162,-0.66366,-0.36768,0.11265
0.6386,-0.66508,-0.36887,0.11747
0.63582,-0.6675,-0.36753,0.1229
0.63543,-0.67027,-0.36062,0.13006
0.63629,-0.67309,-0.35108,0.13722
0.63489,-0.67584,-0.34656,0.14161
0.63385,-0.67685,-0.34502,0.1452
0.63396,-0.67708,-0.34249,0.14953
0.63372,-0.6786,-0.33737,0.15518
0.63147,-0.68151,-0.33309,0.16074
0.62959,-0.68289,-0.33187,0.16473
0.62951,-0.68319,-0.32984,0.16782
0.63007,-0.68348,-0.32746,0.16919
0.63002,-0.68387,-0.32695,0.16881
0.62929,-0.68403,-0.32891,0.16704
0.62859,-0.68461,-0.33026,0.16462
0.62816,-0.68588,-0.32934,0.16284
0.62802,-0.68696,-0.32769,0.16216
0.62821,-0.68737,-0.32654,0.16199
0.6285,-0.68761,-0.32553,0.1619
0.62869,-0.68792,-0.3244,0.16208
0.62882,-0.68813,-0.32339,0.16271
0.62913,-0.68803,-0.32257,0.1636
0.62958,-0.68792,-0.32151,0.16441
0.63006,-0.68792,-0.32013,0.16524
0.6305,-0.68793,-0.31877,0.16616
0.63081,-0.68788,-0.31776,0.16713
0.63103,-0.68771,-0.31714,0.16817
0.6313,-0.68735,-0.31671,0.16942
0.63165,-0.68693,-0.31616,0.17085
0.6321,-0.6865,-0.31533,0.17241
0.63263,-0.68611,-0.31423,0.17403
0.63316,-0.68579,-0.31299,0.17558
0.63373,-0.68547,-0.31172,0.17704
0.63436,-0.68509,-0.31044,0.17848
0.63505,-0.68469,-0.30909,0.17995
0.63573,-0.68427,-0.30769,0.18153
0.63634,-0.68384,-0.30641,0.18317
0.63693,-0.68334,-0.30535,0.18472
0.63753,-0.68279,-0.30444,0.18621
0.63812,-0.68222,-0.30356,0.18769
0.63872,-0.68164,-0.30266,0.18921
0.63934,-0.68103,-0.30166,0.1909
0.64004,-0.68031,-0.30064,0.19272
0.64083,-0.67948,-0.29963,0.19459
0.64168,-0.67855,-0.29866,0.19652
0.6426,-0.67744,-0.29787,0.19851
0.64364,-0.67616,-0.29731,0.20035
0.64473,-0.67492,-0.29665,0.20199
0.64585,-0.67374,-0.29587,0.20352
0.64698,-0.67258,-0.29505,0.20494
0.6481,-0.67144,-0.29429,0.20624
0.64922,-0.67032,-0.29346,0.20753
0.65034,-0.66926,-0.29237,0.20897
0.65145,-0.66826,-0.29108,0.2105
0.65257,-0.6673,-0.28959,0.21212
0.65367,-0.66637,-0.28802,0.21381
0.65478,-0.66537,-0.28648,0.21559
0.65595,-0.66429,-0.28479,0.21759
0.65716,-0.66319,-0.28281,0.21985
0.65839,-0.66203,-0.28067,0.22241
0.65969,-0.66077,-0.27838,0.22517
0.66111,-0.65942,-0.27582,0.22809
0.66262,-0.658,-0.27299,0.23119
0.66416,-0.65665,-0.26972,0.23442
0.66585,-0.65546,-0.26572,0.23751
0.66761,-0.65451,-0.26106,0.24033
0.6694,-0.65394,-0.2556,0.24275
0.67125,-0.65383,-0.24912,0.24469
0.67301,-0.65405,-0.24188,0.24651
0.67452,-0.65436,-0.23443,0.24876
0.67579,-0.65459,-0.2271,0.25149
0.67677,-0.6547,-0.22006,0.25479
0.67742,-0.65459,-0.21355,0.25884
0.67777,-0.65422,-0.20764,0.26366
0.67784,-0.65362,-0.20212,0.26918
0.67769,-0.65275,-0.1967,0.27562
0.67738,-0.65153,-0.19163,0.28273
0.67639,-0.65055,-0.18751,0.29004
0.67467,-0.65019,-0.18413,0.29693
0.67278,-0.65001,-0.18113,0.30338
0.67072,-0.65039,-0.17796,0.30896
0.66835,-0.65173,-0.17383,0.3136
0.66579,-0.6538,-0.16859,0.31756
0.66305,-0.65639,-0.16254,0.32108
0.66021,-0.65924,-0.15632,0.32417
0.65744,-0.66207,-0.15102,0.32653
0.6549,-0.66463,-0.14739,0.32811
0.65281,-0.66657,-0.14557,0.32915
0.65245,-0.66702,-0.14701,0.32829
0.65262,-0.66703,-0.15038,0.32642
0.6526,-0.66657,-0.15621,0.32464
0.65259,-0.66583,-0.16428,0.32218
0.653,-0.66562,-0.17205,0.31772
0.65365,-0.66636,-0.1787,0.31109
0.65464,-0.66853,-0.18324,0.30157
0.65591,-0.67193,-0.18542,0.28969
0.6576,-0.67638,-0.18497,0.27542
0.65975,-0.68149,-0.18211,0.25912
0.66223,-0.68671,-0.17763,0.2415
0.66505,-0.69167,-0.17197,0.223
0.66816,-0.69583,-0.16622,0.20432
0.6715,-0.69876,-0.16162,0.18627
0.67483,-0.7005,-0.15868,0.16946
0.67785,-0.70112,-0.15806,0.15482
0.68042,-0.70084,-0.15999,0.14233
0.6824,-0.69982,-0.16453,0.13232
0.68385,-0.69826,-0.17087,0.12486
0.68463,-0.6964,-0.17876,0.11985
0.68477,-0.69453,-0.18736,0.11667
0.6844,-0.69286,-0.19603,0.11449
0.68348,-0.69168,-0.204,0.11323
0.68239,-0.69106,-0.21018,0.11225
0.6813,-0.69105,-0.21407,0.1116
0.68019,-0.69162,-0.21576,0.11154
0.6791,-0.69261,-0.21569,0.11221
0.67808,-0.69377,-0.21444,0.11357
0.67712,-0.69511,-0.21218,0.11535
0.67624,-0.69661,-0.20892,0.11741
0.67532,-0.69822,-0.20514,0.1198
0.67425,-0.69995,-0.20128,0.12225
0.67325,-0.70169,-0.19727,0.1243
0.67227,-0.70361,-0.19282,0.12571
0.67133,-0.70573,-0.18772,0.12659
0.6705,-0.70784,-0.18228,0.12715
0.66958,-0.70991,-0.17722,0.1276
0.66852,-0.7119,-0.17272,0.12824
0.66723,-0.71376,-0.16913,0.12943
0.66569,-0.71547,-0.16663,0.13113
0.6636,-0.71745,-0.16543,0.13243
0.6617,-0.71974,-0.16251,0.1331
0.66043,-0.72215,-0.15601,0.13413
0.65892,-0.72496,-0.14926,0.13409
0.658,-0.7274,-0.14182,0.13347
0.65791,-0.72899,-0.13496,0.13234
0.65807,-0.72966,-0.13124,0.13159
0.6586,-0.73,-0.12663,0.13153
0.65744,-0.73073,-0.12512,0.13475
0.65494,-0.73187,-0.13046,0.13564
0.65324,-0.73271,-0.13663,0.13322
0.65249,-0.73327,-0.14015,0.13008
0.65276,-0.7333,-0.14043,0.1283
0.65309,-0.73315,-0.14047,0.12743
0.65293,-0.7332,-0.14138,0.12694
0.65261,-0.73343,-0.14241,0.12613
0.65237,-0.73373,-0.14302,0.12489
0.65222,-0.73397,-0.14358,0.12363
0.65217,-0.73402,-0.14445,0.12255
0.65228,-0.73385,-0.14567,0.12159
0.65247,-0.73349,-0.14727,0.12078
0.6527,-0.73301,-0.14918,0.12009
0.65301,-0.73243,-0.15126,0.11936
0.65334,-0.73186,-0.1533,0.11847
0.65372,-0.7313,-0.15513,0.11744
0.65414,-0.73075,-0.15684,0.11623
0.65459,-0.73017,-0.1586,0.11495
0.65509,-0.72952,-0.16048,0.11355
0.65563,-0.72881,-0.16254,0.11206
0.65618,-0.72805,-0.16475,0.11058
0.65669,-0.72722,-0.16728,0.10919
0.65716,-0.72629,-0.17031,0.10793
0.65767,-0.72523,-0.17364,0.10662
0.65829,-0.72408,-0.17699,0.10502
0.65906,-0.72289,-0.18014,0.10303
0.66,-0.72171,-0.18282,0.10056
0.66116,-0.72058,-0.1847,0.097548
0.6626,-0.71943,-0.18575,0.09418
0.66417,-0.7182,-0.18662,0.090778
0.66578,-0.71684,-0.18769,0.08744
0.66737,-0.71529,-0.18941,0.084211
0.66894,-0.71354,-0.19187,0.081013
0.67055,-0.71159,-0.19481,0.077794
0.67232,-0.70943,-0.19781,0.074542
0.67429,-0.70704,-0.20084,0.07134
0.6765,-0.70432,-0.20404,0.068199
0.67891,-0.7012,-0.20774,0.06518
0.68131,-0.69789,-0.21186,0.062266
0.6836,-0.69443,-0.21663,0.059413
0.68539,-0.69092,-0.22272,0.057139
0.68646,-0.6874,-0.23053,0.055705
0.68725,-0.6838,-0.23914,0.054116
0.68799,-0.68027,-0.24739,0.051916
0.68846,-0.67694,-0.25555,0.049678
0.68875,-0.67349,-0.26414,0.047656
0.68924,-0.66981,-0.27251,0.045162
0.68988,-0.66624,-0.28001,0.042317
0.69052,-0.66298,-0.28641,0.040134
0.69116,-0.66023,-0.2914,0.038501
0.69236,-0.65789,-0.29409,0.036427
0.69434,-0.65615,-0.29366,0.033351
0.69712,-0.65519,-0.28959,0.029949
0.70059,-0.65478,-0.2823,0.027219
0.70407,-0.65487,-0.27342,0.025928
0.70711,-0.65552,-0.2638,0.026391
0.70953,-0.65658,-0.25419,0.029168
0.71114,-0.65795,-0.24541,0.034065
0.71212,-0.65967,-0.23677,0.040713
0.71272,-0.66168,-0.22769,0.048523
0.71333,-0.66386,-0.21713,0.057443
0.71401,-0.66604,-0.2051,0.0672
0.71484,-0.66801,-0.19182,0.077297
0.71592,-0.66957,-0.17736,0.087668
0.71691,-0.67077,-0.16227,0.098877
0.71745,-0.67166,-0.14749,0.1113
0.71757,-0.67225,-0.133,0.12442
0.71726,-0.67269,-0.11844,0.1378
0.71639,-0.67316,-0.10373,0.15125
0.71494,-0.67362,-0.088964,0.16484
0.71273,-0.6742,-0.074402,0.17873
0.70984,-0.67472,-0.060434,0.19295
0.70636,-0.67504,-0.0475,0.20764
0.70232,-0.67507,-0.036033,0.22301
0.69779,-0.67457,-0.026586,0.23946
0.69288,-0.67342,-0.018928,0.25704
0.68744,-0.67184,-0.013245,0.27545
0.68166,-0.66985,-0.010429,0.29416
0.67568,-0.66777,-0.011796,0.31208
0.67037,-0.666,-0.018901,0.32664
0.66636,-0.66455,-0.029918,0.33683
0.66366,-0.66453,-0.04202,0.34086
0.66268,-0.66737,-0.051736,0.33585
0.66457,-0.67055,-0.063324,0.32357
0.67239,-0.67209,-0.085759,0.29804
0.67831,-0.67849,-0.096067,0.26518
0.67786,-0.68745,-0.078625,0.24846
0.67999,-0.68798,-0.078013,0.24128
0.68975,-0.6799,-0.089672,0.23225
0.69552,-0.67591,-0.10933,0.21782
0.6937,-0.67828,-0.1378,0.19931
0.69407,-0.67863,-0.15344,0.18488
0.69423,-0.68043,-0.15573,0.17549
0.69482,-0.67782,-0.17037,0.16962
0.6968,-0.67239,-0.18812,0.16422
0.69918,-0.66741,-0.19792,0.1629
0.70213,-0.66042,-0.20777,0.16638
0.70352,-0.65327,-0.22042,0.17236
0.70239,-0.64759,-0.23492,0.17915
0.6993,-0.64317,-0.25058,0.18578
0.69506,-0.64045,-0.26515,0.19082
0.69061,-0.63936,-0.27724,0.19342
0.68694,-0.63938,-0.28518,0.19488
0.68483,-0.6398,-0.28865,0.19583
0.68351,-0.64054,-0.29005,0.19597
0.68168,-0.6422,-0.29115,0.19529
0.67855,-0.64555,-0.292,0.19382
0.67624,-0.64829,-0.29099,0.19429
0.67446,-0.64938,-0.28963,0.19881
0.67044,-0.65133,-0.29168,0.20299
0.66551,-0.65506,-0.29515,0.20221
0.66291,-0.65917,-0.29533,0.19704
0.66008,-0.66397,-0.29416,0.19212
0.65613,-0.66936,-0.29307,0.18857
0.65246,-0.67386,-0.29272,0.18582
0.64938,-0.67709,-0.29333,0.18386
0.64688,-0.67937,-0.29428,0.18273
0.64487,-0.68097,-0.29543,0.18207
0.64352,-0.68177,-0.29683,0.18156
0.64288,-0.68212,-0.29785,0.18086
0.64245,-0.6825,-0.29853,0.17981
0.64214,-0.68286,-0.29918,0.17847
0.64196,-0.68297,-0.30013,0.1771
0.64176,-0.68273,-0.30181,0.17591
0.64154,-0.68203,-0.30429,0.17511
0.64137,-0.68092,-0.30715,0.17504
0.64136,-0.67942,-0.31023,0.17552
0.64157,-0.67758,-0.31338,0.17628
0.64207,-0.67545,-0.31645,0.17711
0.643,-0.67299,-0.31943,0.17776
0.64404,-0.67058,-0.3222,0.17811
0.64489,-0.66855,-0.32459,0.17831
0.64562,-0.66697,-0.3264,0.17828
0.64617,-0.66583,-0.32774,0.17809
0.64639,-0.66505,-0.32898,0.17794
0.64631,-0.66448,-0.33027,0.17795
0.64608,-0.66395,-0.33173,0.17807
0.64569,-0.66341,-0.33343,0.17832
0.64526,-0.66287,-0.33514,0.17866
0.64485,-0.66238,-0.33672,0.17901
0.64455,-0.66199,-0.33795,0.1792
0.64441,-0.66167,-0.3388,0.17928
0.64453,-0.66127,-0.33937,0.17925
0.64503,-0.66081,-0.33944,0.17901
0.64552,-0.66054,-0.33913,0.17885
0.64591,-0.66038,-0.33869,0.17884
0.64627,-0.66028,-0.33822,0.17881
0.64661,-0.66027,-0.33764,0.17868
0.64692,-0.66038,-0.33695,0.17847
0.64712,-0.66061,-0.33622,0.17825
0.64722,-0.66093,-0.33551,0.17805
0.64726,-0.66129,-0.33482,0.17789
0.64726,-0.66169,-0.33411,0.17774
0.64729,-0.66212,-0.3333,0.17756
0.64736,-0.66252,-0.33245,0.17741
0.64742,-0.66287,-0.33167,0.17732
0.64753,-0.66323,-0.3308,0.17719
0.64769,-0.66366,-0.3297,0.17709
0.64784,-0.66406,-0.32863,0.17701
0.64806,-0.66441,-0.32753,0.17692
0.64837,-0.66471,-0.32629,0.17697
0.64858,-0.66502,-0.32501,0.17736
0.64849,-0.6653,-0.32414,0.17824
0.64826,-0.66541,-0.32371,0.17944
0.64818,-0.66538,-0.32329,0.1806
0.64823,-0.66545,-0.32254,0.18153
0.64826,-0.66572,-0.32146,0.18231
0.6483,-0.66611,-0.32014,0.18306
0.64836,-0.66657,-0.31866,0.18375
0.64844,-0.6671,-0.31701,0.18441
0.6486,-0.66762,-0.31518,0.1851
0.64881,-0.66816,-0.31318,0.1858
0.64908,-0.66868,-0.31108,0.18653
0.64943,-0.66919,-0.30879,0.18731
0.64987,-0.66967,-0.30629,0.18813
0.65036,-0.67015,-0.30369,0.18894
0.65082,-0.67068,-0.30099,0.18981
0.65128,-0.67122,-0.29822,0.19071
0.65176,-0.67175,-0.29534,0.19166
0.65217,-0.67226,-0.29248,0.19288
0.65243,-0.67261,-0.28998,0.19453
0.6527,-0.6728,-0.28774,0.19629
0.65297,-0.67298,-0.28547,0.19809
0.65324,-0.67324,-0.283,0.19984
0.65356,-0.67351,-0.28037,0.20161
0.65397,-0.67371,-0.27754,0.20349
0.65443,-0.67385,-0.27466,0.20543
0.65497,-0.6739,-0.27173,0.20743
0.65556,-0.6739,-0.26872,0.20952
0.65613,-0.67388,-0.26562,0.2117
0.65668,-0.67388,-0.26244,0.21398
0.65718,-0.67392,-0.25915,0.21632
0.65765,-0.674,-0.25578,0.21863
0.65812,-0.67403,-0.25251,0.22093
0.65861,-0.67401,-0.24933,0.22313
0.65917,-0.67404,-0.24582,0.22528
0.65972,-0.67411,-0.24212,0.22742
0.6602,-0.67421,-0.2385,0.22954
0.66068,-0.67431,-0.23493,0.23157
0.6611,-0.67442,-0.23141,0.23357
0.66142,-0.67443,-0.22828,0.23571
0.66173,-0.67428,-0.22552,0.23791
0.6621,-0.67413,-0.2227,0.23995
0.6625,-0.67413,-0.21966,0.24167
0.66296,-0.67429,-0.21629,0.24296
0.66349,-0.67459,-0.21251,0.24405
0.66399,-0.67489,-0.20865,0.24517
0.66436,-0.675,-0.20531,0.24667
0.66466,-0.67494,-0.20245,0.24839
0.66494,-0.67485,-0.19973,0.25007
0.66533,-0.67488,-0.19669,0.25137
0.66578,-0.6751,-0.19318,0.25232
0.6662,-0.67554,-0.18902,0.25318
0.66634,-0.67621,-0.18469,0.25422
0.66647,-0.67683,-0.1804,0.25528
0.66685,-0.67712,-0.17596,0.25665
0.66721,-0.67716,-0.17171,0.25845
0.66734,-0.67704,-0.16803,0.26083
0.66729,-0.67688,-0.16476,0.26347
0.66709,-0.67668,-0.16177,0.26632
0.66666,-0.6764,-0.1593,0.26959
0.6661,-0.67608,-0.15695,0.27312
0.66539,-0.67586,-0.15441,0.27681
0.66444,-0.67583,-0.15177,0.28062
0.66331,-0.67587,-0.14908,0.28459
0.66207,-0.67597,-0.14635,0.28865
0.66061,-0.6763,-0.14334,0.29269
0.65892,-0.67688,-0.14013,0.29669
0.65702,-0.67758,-0.13697,0.30074
0.65499,-0.67838,-0.1339,0.30473
0.65291,-0.67931,-0.1308,0.30846
0.65081,-0.68034,-0.12834,0.31164
0.64876,-0.68135,-0.12675,0.31434
0.64681,-0.68239,-0.12615,0.31632
0.64507,-0.68333,-0.12693,0.31755
0.64425,-0.68385,-0.13059,0.31659
0.64479,-0.68393,-0.1357,0.31315
0.64564,-0.68361,-0.14205,0.30926
0.64703,-0.68245,-0.15053,0.30489
0.64901,-0.68148,-0.15925,0.29834
0.6511,-0.6811,-0.16724,0.29017
0.65316,-0.68131,-0.17452,0.2806
0.6551,-0.68231,-0.18064,0.26957
0.65694,-0.68397,-0.18562,0.25721
0.65872,-0.68633,-0.18941,0.24324
0.66079,-0.68893,-0.19191,0.22784
0.66317,-0.69143,-0.19342,0.21145
0.66567,-0.69371,-0.19449,0.19451
0.66819,-0.69528,-0.1959,0.17813
0.67032,-0.69588,-0.19919,0.16355
0.672,-0.69551,-0.20496,0.15059
0.67337,-0.69426,-0.2127,0.13902
0.67451,-0.69247,-0.22147,0.12832
0.67537,-0.69042,-0.23054,0.11851
0.67593,-0.68818,-0.23982,0.10958
0.67621,-0.68567,-0.24951,0.10166
0.67621,-0.68299,-0.25952,0.094403
0.67591,-0.6803,-0.26962,0.087493
0.67559,-0.6776,-0.27918,0.080613
0.67542,-0.67506,-0.28752,0.073715
0.67538,-0.67266,-0.29475,0.067178
0.67551,-0.67022,-0.3012,0.061373
0.6757,-0.66783,-0.30697,0.056688
0.67565,-0.6656,-0.31248,0.053248
0.67533,-0.66353,-0.31788,0.051082
0.67482,-0.66168,-0.32291,0.050327
0.6741,-0.66005,-0.32761,0.050858
0.67296,-0.65881,-0.3321,0.053
0.67138,-0.65796,-0.3364,0.056354
0.66956,-0.65747,-0.34027,0.060388
0.66749,-0.65771,-0.34301,0.06493
0.66513,-0.65874,-0.34465,0.0698
0.66245,-0.66068,-0.34513,0.074426
0.65925,-0.66383,-0.34435,0.078352
0.65787,-0.66804,-0.33763,0.083254
0.65834,-0.67206,-0.32771,0.08684
0.65729,-0.67552,-0.32209,0.088894
0.65598,-0.67811,-0.3183,0.092418
0.65558,-0.68018,-0.31339,0.096679
0.65478,-0.68291,-0.30764,0.10131
0.65258,-0.68634,-0.30348,0.10475
0.65117,-0.68852,-0.30121,0.10582
0.65108,-0.68983,-0.29796,0.10694
0.65154,-0.69039,-0.2951,0.10849
0.6517,-0.68978,-0.29517,0.1112
0.65102,-0.68897,-0.29717,0.11484
0.64945,-0.6888,-0.29995,0.11747
0.64746,-0.68901,-0.30354,0.11799
0.64595,-0.68919,-0.30652,0.11749
0.64521,-0.68952,-0.30766,0.11663
0.64484,-0.69001,-0.30762,0.11593
0.64445,-0.69031,-0.30781,0.11577
0.64406,-0.69044,-0.30832,0.11587
0.6438,-0.69052,-0.30849,0.1164
0.64368,-0.69038,-0.30862,0.11752
0.64366,-0.69002,-0.30898,0.11881
0.64375,-0.68961,-0.30924,0.12
0.64402,-0.68914,-0.30923,0.12123
0.64427,-0.68858,-0.30947,0.12248
0.64441,-0.68799,-0.30999,0.12375
0.64455,-0.68745,-0.31038,0.12507
0.64472,-0.68698,-0.3105,0.12643
0.64493,-0.68655,-0.31043,0.12784
0.64518,-0.6862,-0.31005,0.12942
0.64541,-0.68602,-0.3093,0.13098
0.64566,-0.68591,-0.30839,0.13247
0.64592,-0.68583,-0.3074,0.13393
0.64627,-0.68578,-0.30611,0.13541
0.64662,-0.68582,-0.3046,0.13692
0.64687,-0.68593,-0.30312,0.13847
0.64709,-0.68605,-0.30164,0.1401
0.64729,-0.68617,-0.30012,0.14181
0.64746,-0.68631,-0.2986,0.14357
0.64763,-0.68644,-0.29706,0.14537
0.64781,-0.68656,-0.2955,0.14721
0.64805,-0.68662,-0.29391,0.149
0.64837,-0.68661,-0.29235,0.1507
0.64871,-0.68657,-0.29085,0.15232
0.64908,-0.68653,-0.28933,0.15383
0.6495,-0.68648,-0.28774,0.15527
0.64991,-0.68645,-0.28612,0.15666
0.65036,-0.68636,-0.28459,0.15797
0.65088,-0.68619,-0.28312,0.15917
0.65153,-0.68592,-0.28168,0.16024
0.65227,-0.68557,-0.28025,0.16125
0.65307,-0.68517,-0.27879,0.16222
0.65388,-0.68479,-0.27725,0.16321
0.65465,-0.68442,-0.27576,0.16417
0.65545,-0.68403,-0.2743,0.16509
0.65629,-0.68354,-0.27294,0.16599
0.65718,-0.683,-0.27159,0.16691
0.65815,-0.68241,-0.27014,0.16787
0.65916,-0.68177,-0.26866,0.16888
0.6602,-0.68108,-0.26719,0.16992
0.66132,-0.68035,-0.26563,0.17091
0.66256,-0.67961,-0.26386,0.17181
0.66389,-0.67888,-0.26183,0.17266
0.66529,-0.67813,-0.25957,0.17362
0.66671,-0.67736,-0.25715,0.17479
0.66815,-0.67657,-0.25453,0.17618
0.66969,-0.67584,-0.25143,0.17757
0.67146,-0.67521,-0.24747,0.17887
0.67328,-0.67461,-0.24305,0.18033
0.6751,-0.674,-0.23843,0.18198
0.677,-0.67329,-0.23362,0.18377
0.67899,-0.67253,-0.22844,0.18574
0.68083,-0.67186,-0.22298,0.18804
0.68245,-0.67129,-0.21749,0.1906
0.68384,-0.67084,-0.21201,0.19339
0.68502,-0.67049,-0.20647,0.19638
0.68599,-0.67027,-0.2008,0.19957
0.68673,-0.6702,-0.195,0.20298
0.68714,-0.6703,-0.18926,0.2067
0.68722,-0.67052,-0.1837,0.21069
0.68709,-0.67076,-0.17829,0.21493
0.68684,-0.6709,-0.17324,0.21939
0.68629,-0.67112,-0.1689,0.22378
0.6853,-0.67173,-0.16503,0.22783
0.68403,-0.67271,-0.16119,0.23148
0.68266,-0.67386,-0.15735,0.23479
0.68107,-0.67542,-0.15332,0.23757
0.67928,-0.67735,-0.14904,0.23993
0.67735,-0.67951,-0.14477,0.24185
0.67539,-0.68191,-0.14074,0.24298
0.67358,-0.68451,-0.13707,0.24279
0.67194,-0.68721,-0.13348,0.24169
0.67074,-0.68977,-0.13056,0.23933
0.67025,-0.69179,-0.12931,0.2355
0.67027,-0.69366,-0.12913,0.22999
0.67027,-0.69579,-0.12875,0.22371
0.67021,-0.69804,-0.12818,0.21709
0.66997,-0.70064,-0.12757,0.20967
0.66967,-0.70353,-0.12717,0.20105
0.66937,-0.70658,-0.12677,0.19135
0.66907,-0.70977,-0.12616,0.18073
0.66891,-0.7129,-0.12518,0.16931
0.6691,-0.71578,-0.12362,0.1571
0.66975,-0.71827,-0.12143,0.14413
0.67071,-0.72025,-0.11929,0.13095
0.67177,-0.72171,-0.11803,0.11807
0.67272,-0.72276,-0.11791,0.10561
0.67361,-0.72351,-0.11851,0.093426
0.6746,-0.72392,-0.11924,0.081396
0.67571,-0.72402,-0.11979,0.069739
0.67686,-0.72381,-0.12042,0.058839
0.67796,-0.72332,-0.12155,0.049076
0.6787,-0.72279,-0.12361,0.040697
0.6787,-0.72251,-0.12715,0.034223
0.67803,-0.72252,-0.13182,0.029564
0.67682,-0.72285,-0.13679,0.026344
0.67514,-0.72365,-0.14119,0.024085
0.67315,-0.72491,-0.14445,0.022355
0.6711,-0.72657,-0.14588,0.021
0.66921,-0.7285,-0.14512,0.019689
0.66752,-0.73066,-0.14225,0.017962
0.66598,-0.73307,-0.13729,0.015274
0.66461,-0.73574,-0.12977,0.011862
0.66347,-0.73832,-0.12086,0.0087141
0.66232,-0.74079,-0.11187,0.0064001
0.66098,-0.74319,-0.10367,0.0049782
0.65978,-0.74534,-0.095607,0.0048913
0.65901,-0.74713,-0.086411,0.0062901
0.65817,-0.74879,-0.077808,0.0081234
0.65719,-0.75026,-0.07143,0.010285
0.65677,-0.75091,-0.068007,0.012707
0.65691,-0.75081,-0.067258,0.015475
0.65816,-0.7498,-0.064786,0.020606
0.65799,-0.74986,-0.063475,0.02691
0.65537,-0.75168,-0.067043,0.031183
0.6532,-0.75314,-0.072269,0.029707
0.65235,-0.75369,-0.075085,0.027552
0.65161,-0.75424,-0.076136,0.026988
0.65073,-0.75498,-0.076513,0.02646
0.64992,-0.75582,-0.075692,0.024697
0.64921,-0.7568,-0.072749,0.022227
0.64856,-0.75775,-0.069221,0.019898
0.64785,-0.75865,-0.066371,0.017979
0.64702,-0.75957,-0.064421,0.016691
0.64615,-0.76042,-0.063252,0.015989
0.64533,-0.76112,-0.06323,0.015815
0.6447,-0.7616,-0.063919,0.015712
0.6443,-0.76187,-0.064678,0.015615
0.64408,-0.76202,-0.065152,0.015571
0.64391,-0.76213,-0.065489,0.015657
0.64374,-0.76221,-0.066127,0.015925
0.6436,-0.76222,-0.067389,0.01627
0.6436,-0.76208,-0.068873,0.016499
0.64377,-0.76181,-0.070172,0.016552
0.64396,-0.76155,-0.071284,0.016566
0.64408,-0.76135,-0.07236,0.016592
0.64416,-0.76117,-0.073532,0.016635
0.64423,-0.76097,-0.074879,0.016681
0.64428,-0.76078,-0.076445,0.016698
0.64426,-0.76061,-0.078221,0.016716
0.64423,-0.76046,-0.079961,0.016706
0.64419,-0.76033,-0.081511,0.016651
0.64411,-0.76026,-0.082823,0.016555
0.64399,-0.76024,-0.083975,0.016377
0.64382,-0.76026,-0.085063,0.016218
0.64362,-0.76031,-0.086171,0.016187
0.64339,-0.76038,-0.087269,0.016133
0.64311,-0.76051,-0.088208,0.015949
0.64277,-0.76071,-0.089037,0.015787
0.6424,-0.76092,-0.089889,0.015678
0.64203,-0.76113,-0.090732,0.015482
0.64169,-0.76134,-0.091474,0.015212
0.64139,-0.76153,-0.092035,0.014901
0.64104,-0.76176,-0.092625,0.014657
0.64066,-0.76198,-0.093446,0.014633
0.64029,-0.76219,-0.094285,0.014692
0.63992,-0.76239,-0.095123,0.014742
0.6396,-0.76255,-0.096007,0.014857
0.63932,-0.76267,-0.096833,0.015007
0.63903,-0.76281,-0.097611,0.015217
0.63867,-0.76298,-0.098615,0.015536
0.6383,-0.76313,-0.099788,0.015914
0.63796,-0.76327,-0.10081,0.016278
0.63762,-0.76342,-0.10173,0.016717
0.63726,-0.76359,-0.10261,0.017244
0.63686,-0.76378,-0.10355,0.01776
0.63647,-0.76394,-0.10468,0.018315
0.63612,-0.76411,-0.10557,0.018827
0.63573,-0.76433,-0.10624,0.019226
0.63521,-0.76464,-0.10698,0.019639
0.63473,-0.76495,-0.10755,0.019977
0.63433,-0.76527,-0.10764,0.020072
0.63384,-0.76569,-0.10756,0.020011
0.6332,-0.76624,-0.10738,0.019962
0.63252,-0.76685,-0.10706,0.019862
0.63179,-0.76751,-0.10668,0.019643
0.63101,-0.76822,-0.10622,0.019402
0.63021,-0.76899,-0.10548,0.018928
0.6294,-0.76979,-0.10459,0.018385
0.62861,-0.77056,-0.10375,0.017949
