0.65958,0.7514,-0.012238,0.013815
0.65961,0.75139,-0.012241,0.013725
0.65962,0.75138,-0.012224,0.013659
0.65962,0.75138,-0.012198,0.013615
0.65962,0.75138,-0.012148,0.013577
0.65962,0.75138,-0.012074,0.013543
0.65961,0.75139,-0.011991,0.013534
0.6596,0.7514,-0.011901,0.013525
0.6596,0.7514,-0.011808,0.013514
0.65961,0.7514,-0.011728,0.013496
0.65961,0.75139,-0.011657,0.013468
0.65962,0.75139,-0.01159,0.013429
0.65963,0.75138,-0.011534,0.013386
0.65965,0.75137,-0.011499,0.013327
0.65967,0.75135,-0.011468,0.013264
0.65969,0.75133,-0.011441,0.013204
0.65972,0.75131,-0.011406,0.013144
0.65975,0.75128,-0.01136,0.013082
0.65978,0.75126,-0.011305,0.013019
0.6598,0.75125,-0.011237,0.01297
0.65979,0.75126,-0.01116,0.012948
0.65977,0.75127,-0.01108,0.012934
0.65977,0.75128,-0.010988,0.012931
0.65976,0.75128,-0.010892,0.012925
0.65976,0.75129,-0.010786,0.012922
0.65974,0.7513,-0.010682,0.012917
0.65972,0.75133,-0.010567,0.012888
0.6597,0.75135,-0.010455,0.01286
0.65969,0.75136,-0.010355,0.012839
0.65968,0.75136,-0.010289,0.012808
0.65969,0.75136,-0.010247,0.012754
0.6597,0.75135,-0.010229,0.012677
0.65971,0.75135,-0.010227,0.012586
0.65972,0.75134,-0.010233,0.012481
0.65971,0.75134,-0.010241,0.012373
0.65971,0.75135,-0.010237,0.012278
0.6597,0.75136,-0.010229,0.012193
0.65969,0.75137,-0.010215,0.01211
0.65967,0.75139,-0.010196,0.012029
0.65966,0.7514,-0.010177,0.011949
0.65965,0.75141,-0.010156,0.011867
0.65963,0.75143,-0.01012,0.011792
0.65962,0.75144,-0.010065,0.011753
0.6596,0.75146,-0.0099788,0.011749
0.65958,0.75147,-0.0098849,0.011763
0.65957,0.75148,-0.009785,0.011795
0.65957,0.75148,-0.0096772,0.011837
0.65959,0.75147,-0.0095653,0.011879
0.65962,0.75145,-0.0094521,0.011914
0.65963,0.75144,-0.0093418,0.011932
0.65963,0.75143,-0.0092442,0.011941
0.65964,0.75143,-0.0091758,0.011923
0.65965,0.75142,-0.0091493,0.01188
0.65968,0.7514,-0.0091664,0.011802
0.65969,0.75139,-0.0092138,0.011706
0.65971,0.75137,-0.0092711,0.011588
0.65973,0.75136,-0.0093192,0.011479
0.65974,0.75135,-0.0093461,0.0114
0.65973,0.75136,-0.0093535,0.011341
0.65972,0.75137,-0.0093548,0.011287
0.65969,0.75139,-0.0093793,0.011234
0.65967,0.75141,-0.0094237,0.011172
0.65966,0.75142,-0.0094828,0.011109
0.65968,0.75141,-0.0095428,0.011043
0.65972,0.75137,-0.0095737,0.010983
0.65976,0.75133,-0.0095666,0.010945
0.6598,0.7513,-0.0095235,0.010935
0.65982,0.75128,-0.0094585,0.010938
0.65984,0.75127,-0.0093844,0.010943
0.65985,0.75126,-0.009317,0.010943
0.65984,0.75127,-0.0092659,0.010926
0.65985,0.75126,-0.0092392,0.010892
0.65985,0.75126,-0.0092402,0.010838
0.65986,0.75126,-0.0092744,0.010767
0.65986,0.75126,-0.0093233,0.010687
0.65985,0.75126,-0.0093737,0.010615
0.65985,0.75127,-0.0094126,0.01056
0.65984,0.75127,-0.0094288,0.010516
0.65985,0.75127,-0.0094215,0.010496
0.65986,0.75125,-0.0093815,0.010497
0.65989,0.75123,-0.0093111,0.01051
0.6599,0.75122,-0.0092339,0.010533
0.65993,0.7512,-0.0091731,0.010549
0.65995,0.75118,-0.0091265,0.010557
0.65998,0.75115,-0.0090888,0.010551
0.66001,0.75113,-0.0090415,0.010535
0.66003,0.75111,-0.008988,0.010536
0.66004,0.7511,-0.0089276,0.010545
0.66006,0.75108,-0.0088674,0.010542
0.66008,0.75107,-0.0088221,0.010521
0.66008,0.75107,-0.0087905,0.010484
0.66007,0.75108,-0.0087736,0.01044
0.66005,0.7511,-0.0087645,0.010404
0.66004,0.75111,-0.0087527,0.010372
0.66003,0.75111,-0.0087393,0.010338
0.66003,0.75112,-0.0087228,0.010292
0.66003,0.75112,-0.0087078,0.01024
0.66004,0.75111,-0.0086975,0.010189
0.66005,0.75111,-0.0086789,0.01015
0.66004,0.75111,-0.0086507,0.01012
0.66003,0.75112,-0.0086192,0.010101
0.66001,0.75114,-0.008589,0.01009
0.65999,0.75116,-0.0085635,0.010073
0.65998,0.75117,-0.008551,0.010042
0.65997,0.75118,-0.0085616,0.0099854
0.65997,0.75118,-0.0085993,0.0099054
0.65997,0.75117,-0.008656,0.0098171
0.65997,0.75118,-0.0087165,0.0097362
0.65998,0.75117,-0.0087637,0.0096772
0.65998,0.75117,-0.0087976,0.0096344
0.65998,0.75117,-0.0088241,0.0095995
0.65999,0.75116,-0.0088368,0.009566
0.66001,0.75115,-0.0088236,0.009542
0.66001,0.75115,-0.0088017,0.0095366
0.66,0.75116,-0.0087732,0.009547
0.65998,0.75117,-0.0087335,0.009563
0.65996,0.75119,-0.008687,0.0095835
0.65993,0.75121,-0.0086404,0.0096013
0.65992,0.75122,-0.0086068,0.0096048
0.65993,0.75122,-0.0085938,0.0095982
0.65992,0.75122,-0.0085912,0.0095747
0.65992,0.75123,-0.0085954,0.0095364
0.65991,0.75124,-0.0086057,0.0094931
0.6599,0.75124,-0.0086217,0.0094444
0.6599,0.75124,-0.0086473,0.0093928
0.65991,0.75124,-0.0086754,0.0093354
0.65991,0.75124,-0.0087123,0.0092667
0.65991,0.75124,-0.0087677,0.0091937
0.65992,0.75123,-0.0088375,0.0091186
0.65993,0.75122,-0.0089085,0.0090432
0.65994,0.75121,-0.0089699,0.0089812
0.65994,0.75121,-0.009017,0.0089297
0.65994,0.75121,-0.0090465,0.0088907
0.65992,0.75123,-0.0090699,0.0088643
0.6599,0.75125,-0.0090926,0.0088428
0.65989,0.75126,-0.0091214,0.0088141
0.65988,0.75126,-0.0091509,0.0087825
0.65989,0.75125,-0.0091662,0.0087584
0.65991,0.75124,-0.0091721,0.0087434
0.65993,0.75122,-0.0091735,0.0087343
0.65994,0.75121,-0.0091754,0.0087272
0.65994,0.75121,-0.0091878,0.0087148
0.65993,0.75122,-0.0092232,0.0086933
0.6599,0.75125,-0.0092803,0.0086572
0.65988,0.75127,-0.0093531,0.0085907
0.65987,0.75127,-0.0094338,0.0085046
0.65988,0.75127,-0.0095126,0.0084181
0.65989,0.75126,-0.0095782,0.0083347
0.6599,0.75125,-0.0096214,0.0082583
0.65991,0.75124,-0.009647,0.008201
0.65991,0.75123,-0.0096695,0.0081548
0.65991,0.75124,-0.0096845,0.0081267
0.65991,0.75124,-0.0096775,0.0081243
0.65992,0.75123,-0.0096457,0.0081385
0.65993,0.75122,-0.0096005,0.0081564
0.65993,0.75122,-0.0095337,0.0081752
0.65994,0.75122,-0.0094727,0.0081887
0.65994,0.75122,-0.0094397,0.0081872
0.65993,0.75122,-0.0094328,0.0081559
0.65994,0.75122,-0.0094437,0.008106
0.65995,0.75121,-0.0094663,0.0080516
0.65997,0.75119,-0.0094899,0.0079859
0.65998,0.75118,-0.0095059,0.0079291
0.66,0.75117,-0.0095083,0.007897
0.66,0.75117,-0.0095061,0.0078955
0.65999,0.75117,-0.009511,0.0079149
0.65998,0.75118,-0.0095117,0.0079427
0.65997,0.75119,-0.0095065,0.0079747
0.65996,0.7512,-0.0094971,0.008011
0.65995,0.7512,-0.0094816,0.0080313
0.65995,0.7512,-0.0094695,0.008028
0.65995,0.75121,-0.0094589,0.0079861
0.65995,0.75121,-0.009446,0.0079389
0.65994,0.75122,-0.0094243,0.0079017
0.65992,0.75123,-0.0094012,0.0078824
0.65991,0.75124,-0.0093797,0.0078527
0.65991,0.75124,-0.0093735,0.0078088
0.65993,0.75123,-0.0093987,0.0077549
0.65996,0.7512,-0.0094437,0.0077022
0.65998,0.75118,-0.0094872,0.0076607
0.65999,0.75118,-0.0095168,0.0076307
0.65999,0.75118,-0.0095462,0.0076032
0.65999,0.75118,-0.0095532,0.0075857
0.65999,0.75118,-0.0095279,0.0075815
0.66,0.75117,-0.0094911,0.0075831
0.66001,0.75116,-0.0094323,0.0075919
0.66002,0.75115,-0.0093663,0.0076015
0.66002,0.75115,-0.0092968,0.0076122
0.66003,0.75114,-0.0092364,0.0076186
0.66004,0.75114,-0.0091924,0.0076204
0.66005,0.75113,-0.0091596,0.0076126
0.66004,0.75113,-0.0091465,0.0076
0.66004,0.75113,-0.0091505,0.0075883
0.66006,0.75112,-0.0091533,0.0075672
0.66007,0.75111,-0.0091523,0.0075438
0.66009,0.75109,-0.0091599,0.0075107
0.6601,0.75108,-0.0091666,0.0074699
0.66012,0.75107,-0.0091677,0.0074142
0.66014,0.75105,-0.0091694,0.0073483
0.66016,0.75103,-0.0091709,0.0072907
0.66018,0.75102,-0.0091684,0.0072511
0.6602,0.751,-0.0091666,0.0072254
0.66024,0.75097,-0.0091554,0.0072124
0.66025,0.75095,-0.0091407,0.007209
0.66026,0.75094,-0.0091287,0.0072066
0.66027,0.75094,-0.0091127,0.0072176
0.66029,0.75093,-0.0090683,0.007232
0.6603,0.75092,-0.0090157,0.0072436
0.6603,0.75091,-0.0089769,0.0072505
0.66032,0.7509,-0.0089535,0.0072486
0.66032,0.75089,-0.0089417,0.0072312
0.66034,0.75088,-0.0089452,0.0072015
0.66035,0.75087,-0.0089638,0.0071485
0.66038,0.75085,-0.0089811,0.0070966
0.6604,0.75083,-0.008997,0.0070612
0.66042,0.75081,-0.0090002,0.0070355
0.66045,0.75079,-0.0089945,0.0070197
0.66047,0.75077,-0.0089832,0.0070061
0.66047,0.75076,-0.0089454,0.0069823
0.66047,0.75077,-0.0088848,0.0069753
0.66047,0.75077,-0.0088275,0.0069854
0.66047,0.75077,-0.0087703,0.0069946
0.66048,0.75076,-0.008717,0.0070002
0.66049,0.75075,-0.0086888,0.0070003
0.66049,0.75075,-0.0086823,0.0069772
0.66051,0.75073,-0.0086965,0.006943
0.66053,0.75071,-0.0087102,0.0068946
0.66056,0.75069,-0.008701,0.0068602
0.66059,0.75066,-0.0086756,0.0068402
0.66061,0.75065,-0.0086445,0.006823
0.66061,0.75065,-0.0086205,0.00682
0.66061,0.75065,-0.0085783,0.0068091
0.6606,0.75066,-0.0085346,0.0068031
0.66061,0.75065,-0.0084888,0.0068025
0.66062,0.75064,-0.0084437,0.0068015
0.66063,0.75063,-0.0084024,0.0068108
0.66063,0.75063,-0.0083599,0.0068118
0.66063,0.75064,-0.0083205,0.0068031
0.66061,0.75065,-0.0082747,0.0067867
0.66059,0.75067,-0.0082353,0.0067616
0.66058,0.75068,-0.0081967,0.0067372
0.66056,0.75069,-0.0081784,0.0067097
0.66056,0.7507,-0.0081788,0.0066737
0.66056,0.7507,-0.0081825,0.0066309
0.66057,0.75069,-0.0081931,0.0065723
0.66058,0.75068,-0.0082201,0.006512
0.66058,0.75068,-0.0082592,0.006444
0.66058,0.75069,-0.0082937,0.0063719
0.66058,0.75068,-0.008318,0.0063171
0.66059,0.75068,-0.0083262,0.0062829
0.66059,0.75067,-0.0083237,0.0062565
0.66059,0.75067,-0.0083181,0.0062345
0.6606,0.75067,-0.0083073,0.0062076
0.66058,0.75068,-0.0082897,0.0061749
0.66057,0.75069,-0.0082711,0.0061554
0.66055,0.75071,-0.0082479,0.0061384
0.66053,0.75073,-0.0082323,0.0061297
0.66053,0.75073,-0.0082153,0.0061258
0.66054,0.75072,-0.0081924,0.0061231
0.66055,0.75071,-0.0081511,0.0061236
0.66055,0.75071,-0.0080969,0.0061276
0.66053,0.75073,-0.0080381,0.0061405
0.66051,0.75075,-0.0079872,0.0061438
0.66049,0.75077,-0.0079658,0.0061292
0.66049,0.75077,-0.0079644,0.0060939
0.66049,0.75077,-0.0079826,0.0060462
0.66051,0.75075,-0.0080056,0.0059849
0.66054,0.75072,-0.0080313,0.0059196
0.66056,0.75071,-0.0080622,0.0058516
0.66057,0.7507,-0.0080896,0.0058023
0.66057,0.7507,-0.0081146,0.0057583
0.66056,0.75071,-0.0081473,0.0057078
0.66057,0.7507,-0.0081874,0.0056631
0.66057,0.7507,-0.0082227,0.0056127
0.66057,0.75069,-0.0082461,0.0055669
0.66057,0.7507,-0.0082415,0.0055418
0.66057,0.7507,-0.0082254,0.005517
0.66057,0.7507,-0.008204,0.0054943
0.66056,0.75071,-0.0081924,0.0054765
0.66055,0.75072,-0.0082002,0.0054423
0.66053,0.75073,-0.0082114,0.0054024
0.66053,0.75074,-0.0082183,0.0053734
0.66052,0.75074,-0.008197,0.0053749
0.6605,0.75076,-0.0081622,0.005397
0.66049,0.75077,-0.0081117,0.005438
0.66048,0.75078,-0.0080346,0.0055067
0.66045,0.75081,-0.0079396,0.0055995
0.66042,0.75084,-0.0078305,0.0056875
0.66038,0.75087,-0.007703,0.0057699
0.66034,0.75091,-0.0075583,0.0058572
0.66029,0.75095,-0.0074016,0.0059505
0.66024,0.75099,-0.0072584,0.0060409
0.6602,0.75103,-0.0071605,0.0060988
0.66015,0.75108,-0.0071349,0.0060915
0.66012,0.7511,-0.0072024,0.0060164
0.66012,0.7511,-0.0073206,0.0058902
0.66014,0.75108,-0.0074694,0.0057405
0.66017,0.75106,-0.0076155,0.0056017
0.66018,0.75105,-0.0077271,0.0054979
0.66017,0.75106,-0.0077857,0.005427
0.66014,0.75109,-0.0078142,0.0053799
0.66009,0.75112,-0.0078289,0.0053578
0.66006,0.75116,-0.0078352,0.0053507
0.66003,0.75118,-0.0078422,0.0053438
0.66002,0.75119,-0.007851,0.0053431
0.66001,0.7512,-0.0078549,0.00535
0.66001,0.7512,-0.0078307,0.0053739
0.66,0.75121,-0.0077465,0.0054411
0.66,0.75121,-0.0076076,0.0055444
0.65999,0.75122,-0.0074249,0.0056629
0.65998,0.75123,-0.0072233,0.0057886
0.65996,0.75124,-0.0070307,0.005914
0.65993,0.75127,-0.006873,0.0060138
0.6599,0.7513,-0.0067732,0.0060623
0.65987,0.75132,-0.0067349,0.0060458
0.65985,0.75135,-0.0067508,0.0059828
0.65984,0.75136,-0.0068163,0.0058945
0.65983,0.75136,-0.0068975,0.0058048
0.65984,0.75135,-0.0069872,0.0057197
0.65985,0.75135,-0.0070718,0.0056438
0.65985,0.75134,-0.007145,0.0055807
0.65986,0.75133,-0.0072017,0.0055405
0.65987,0.75133,-0.0072442,0.0055093
0.65988,0.75132,-0.0072692,0.0054814
0.65989,0.75131,-0.0072744,0.0054687
0.65992,0.75128,-0.0072599,0.0054718
0.65995,0.75125,-0.0072223,0.005494
0.65998,0.75123,-0.0071703,0.0055348
0.65999,0.75122,-0.0071009,0.00559
0.65998,0.75123,-0.0070112,0.0056506
0.65997,0.75124,-0.006927,0.005705
0.65994,0.75126,-0.0068699,0.0057475
0.65992,0.75128,-0.0068573,0.0057605
0.65994,0.75127,-0.0068883,0.0057477
0.65999,0.75122,-0.0069492,0.0057117
0.66006,0.75116,-0.0070221,0.0056668
0.66014,0.75109,-0.0070873,0.0056331
0.66021,0.75103,-0.0071372,0.0056145
0.66026,0.75098,-0.0071661,0.0056207
0.66032,0.75093,-0.0071683,0.0056627
0.66038,0.75088,-0.0071482,0.0057305
0.66044,0.75082,-0.007107,0.0058067
0.6605,0.75077,-0.0070624,0.0058767
0.66055,0.75073,-0.007029,0.0059366
0.6606,0.75069,-0.0070106,0.0059822
0.66064,0.75064,-0.0070014,0.0060203
0.66068,0.75061,-0.0069916,0.0060623
0.66071,0.75058,-0.0069709,0.0061155
0.66074,0.75056,-0.0069412,0.0061855
0.66078,0.75053,-0.0069072,0.0062607
0.66082,0.75048,-0.0068697,0.0063261
0.66087,0.75044,-0.0068332,0.006381
0.66092,0.75039,-0.0067893,0.006439
0.66096,0.75036,-0.0067346,0.0065025
0.66098,0.75034,-0.0066779,0.0065665
0.66099,0.75033,-0.00663,0.0066295
0.661,0.75033,-0.0065929,0.0066943
0.661,0.75032,-0.006565,0.0067569
0.66101,0.75031,-0.0065568,0.0068097
0.66104,0.75029,-0.0065591,0.0068523
0.66107,0.75026,-0.0065688,0.0068812
0.66112,0.75022,-0.0065817,0.0069088
0.66116,0.75018,-0.0065929,0.0069472
0.66119,0.75016,-0.0065973,0.0070011
0.66121,0.75014,-0.0065821,0.0070695
0.66123,0.75012,-0.006549,0.0071467
0.66123,0.75012,-0.0065042,0.0072372
0.66122,0.75013,-0.0064624,0.0073386
0.6612,0.75015,-0.0064343,0.0074323
0.66119,0.75015,-0.0064411,0.0075015
0.66121,0.75013,-0.0064778,0.0075452
0.66126,0.75009,-0.0065363,0.0075628
0.66131,0.75004,-0.006609,0.007568
0.66138,0.74998,-0.0066958,0.0075756
0.66145,0.74992,-0.0067912,0.0075872
0.66153,0.74985,-0.0068866,0.0075985
0.66161,0.74978,-0.0069813,0.0076145
0.66167,0.74972,-0.0070562,0.0076295
0.66175,0.74965,-0.0071168,0.0076421
0.66183,0.74958,-0.0071788,0.0076568
0.66192,0.7495,-0.0072491,0.0076691
0.66202,0.74941,-0.0073302,0.0076693
0.66212,0.74932,-0.0074261,0.0076661
0.66223,0.74922,-0.0075344,0.0076684
0.66234,0.74913,-0.0076298,0.007683
0.66243,0.74904,-0.0076936,0.0077173
0.66252,0.74896,-0.0077129,0.0077756
0.66258,0.74891,-0.0076711,0.0078697
0.6626,0.74889,-0.0075692,0.0079994
0.66259,0.7489,-0.0074245,0.0081444
0.66256,0.74893,-0.0072717,0.0082807
0.66251,0.74897,-0.0071274,0.0084068
0.66246,0.74902,-0.0069974,0.0085096
0.66241,0.74906,-0.0068693,0.0085839
0.66238,0.74909,-0.0067322,0.0086423
0.66232,0.74914,-0.0065779,0.0087126
0.66225,0.74921,-0.0063898,0.008809
0.66214,0.7493,-0.006159,0.0089243
0.66202,0.74941,-0.0058799,0.0090665
0.66189,0.74952,-0.0055621,0.0092327
0.66175,0.74965,-0.00521,0.0094074
0.6616,0.74978,-0.0048396,0.0095774
0.66145,0.74991,-0.0044804,0.0097395
0.6613,0.75005,-0.0041454,0.0098968
0.66115,0.75018,-0.0038579,0.010036
0.66104,0.75028,-0.0036372,0.010142
0.66096,0.75034,-0.0034567,0.01022
0.66091,0.75039,-0.003285,0.010292
0.66085,0.75044,-0.003111,0.010371
0.66078,0.7505,-0.0029362,0.010453
0.66073,0.75054,-0.0027669,0.010522
0.66071,0.75056,-0.0026121,0.01056
0.66071,0.75057,-0.0024868,0.010589
0.66071,0.75056,-0.0024251,0.010629
0.66075,0.75053,-0.0024472,0.01064
0.66081,0.75048,-0.0025359,0.010626
0.6609,0.75039,-0.0026596,0.010599
0.661,0.7503,-0.0028118,0.010555
0.6611,0.75022,-0.0029807,0.010493
0.66118,0.75014,-0.0031681,0.010413
0.66127,0.75007,-0.0033749,0.010314
0.66135,0.75,-0.0035948,0.010186
0.66143,0.74993,-0.0038189,0.010037
0.6615,0.74987,-0.0040555,0.0098873
0.66157,0.74981,-0.0043091,0.0097444
0.66164,0.74975,-0.0045508,0.0096222
0.6617,0.74969,-0.0047614,0.0095281
0.66175,0.74965,-0.0049301,0.0094833
0.66179,0.74961,-0.0050531,0.0094726
0.66182,0.74959,-0.0051385,0.0094896
0.66183,0.74957,-0.0052139,0.0095109
0.66183,0.74957,-0.0053141,0.0095043
0.66184,0.74957,-0.0054424,0.0094658
0.66187,0.74954,-0.0055759,0.0094099
0.66192,0.7495,-0.0056851,0.0093575
0.66197,0.74945,-0.0057639,0.009325
0.66203,0.74939,-0.0058119,0.0093335
0.66211,0.74933,-0.0057973,0.0093966
0.66217,0.74927,-0.0057149,0.0095005
0.66221,0.74924,-0.0055809,0.0096384
0.66222,0.74923,-0.0053962,0.0098056
0.66221,0.74923,-0.0051964,0.0099776
0.66219,0.74925,-0.0049742,0.010129
0.66218,0.74926,-0.0047483,0.010284
0.66217,0.74927,-0.0045087,0.010447
0.66216,0.74928,-0.0042574,0.010593
0.66215,0.74928,-0.0040164,0.010716
0.66214,0.74929,-0.0038042,0.010819
0.66212,0.74931,-0.003621,0.0109
0.6621,0.74932,-0.0034743,0.010962
0.6621,0.74933,-0.0033653,0.011
0.66211,0.74932,-0.0032925,0.011012
0.66213,0.7493,-0.0032399,0.010985
0.66214,0.74929,-0.0032067,0.010937
0.66215,0.74929,-0.0032013,0.010877
0.66214,0.74929,-0.0032148,0.010818
0.66213,0.7493,-0.0032376,0.010742
0.66211,0.74932,-0.0032785,0.010658
0.66212,0.74932,-0.0033281,0.010568
0.66211,0.74932,-0.0033874,0.01049
0.66212,0.74932,-0.0034424,0.01042
0.66214,0.7493,-0.0034892,0.010349
0.66216,0.74928,-0.003513,0.010294
0.66219,0.74926,-0.0034997,0.01024
0.66219,0.74926,-0.0034786,0.010207
0.66218,0.74927,-0.0034147,0.010207
0.66216,0.74928,-0.0033207,0.010235
0.66215,0.7493,-0.003228,0.010283
0.66214,0.7493,-0.0031526,0.010314
0.66213,0.74931,-0.0031125,0.010321
0.66214,0.7493,-0.0030998,0.010295
0.66216,0.74929,-0.0031243,0.010238
0.66218,0.74927,-0.003176,0.010139
0.66219,0.74926,-0.0032331,0.010024
0.66219,0.74926,-0.0032903,0.0099168
0.66219,0.74927,-0.0033603,0.0098071
0.6622,0.74925,-0.0034283,0.0096958
0.66222,0.74924,-0.0034988,0.0095885
0.66225,0.74921,-0.0035626,0.0094898
0.66228,0.74919,-0.0036238,0.0094058
0.6623,0.74917,-0.0036841,0.009334
0.66233,0.74915,-0.0037388,0.0092768
0.66236,0.74912,-0.0037627,0.0092326
0.66241,0.74908,-0.0037307,0.0092041
0.66243,0.74906,-0.0036412,0.0092176
0.66244,0.74905,-0.0035357,0.0092778
0.66242,0.74907,-0.0034224,0.0093526
0.66241,0.74908,-0.0033255,0.009411
0.66241,0.74907,-0.0032227,0.0094653
0.66242,0.74906,-0.0031076,0.0095134
0.66245,0.74904,-0.0029702,0.0095788
0.66247,0.74902,-0.0028073,0.0096617
0.66248,0.74901,-0.0026326,0.0097602
0.66247,0.74902,-0.0024485,0.0098449
0.66246,0.74903,-0.0022726,0.009923
0.66244,0.74904,-0.0020948,0.0099962
0.66243,0.74906,-0.0019306,0.010069
0.66242,0.74906,-0.001791,0.01013
0.66242,0.74906,-0.0016893,0.01017
0.66243,0.74905,-0.00162,0.01019
0.66245,0.74903,-0.0015671,0.010179
0.66246,0.74903,-0.0015207,0.010159
0.66244,0.74904,-0.0014826,0.010126
0.66242,0.74906,-0.0014513,0.010075
0.66239,0.74909,-0.0014316,0.010029
0.66239,0.7491,-0.0014194,0.0099781
0.66239,0.74909,-0.0014255,0.0099159
0.6624,0.74908,-0.0014433,0.009851
0.66242,0.74907,-0.0014644,0.0097756
0.66244,0.74905,-0.0014824,0.0096982
0.66247,0.74903,-0.0014924,0.009635
0.66248,0.74902,-0.001488,0.0095732
0.66249,0.74901,-0.0014633,0.0095197
0.66249,0.74901,-0.0014175,0.0094708
0.66249,0.74901,-0.0013524,0.0094394
0.66247,0.74903,-0.001273,0.009435
0.66243,0.74906,-0.0012138,0.0094322
0.66239,0.7491,-0.0011767,0.0094131
0.66236,0.74912,-0.0011585,0.0093832
0.66235,0.74914,-0.0011393,0.0093457
0.66234,0.74915,-0.0011021,0.0093217
0.66232,0.74916,-0.0010454,0.00931
0.66231,0.74917,-0.00099342,0.0092813
0.66231,0.74918,-0.0009408,0.0092348
0.66229,0.74919,-0.00087845,0.0091838
0.66229,0.74919,-0.00079508,0.009147
0.66228,0.7492,-0.00069276,0.0091316
0.66225,0.74922,-0.00057879,0.0091158
0.66222,0.74925,-0.00049801,0.0090869
0.66219,0.74928,-0.00043365,0.0090437
0.66217,0.7493,-0.00038441,0.008988
0.66216,0.74931,-0.00034335,0.0089271
0.66215,0.74932,-0.00029579,0.0088432
0.66216,0.74931,-0.00022478,0.0087537
0.66217,0.7493,-0.00013044,0.0086691
0.66217,0.7493,-1.7077e-05,0.0085911
0.66215,0.74932,0.00011137,0.0085222
0.66215,0.74933,0.00024337,0.0084786
0.66218,0.74929,0.00038257,0.0084708
0.66229,0.7492,0.00054092,0.0085061
0.66242,0.74909,0.00072966,0.0085708
0.66256,0.74896,0.00094686,0.0086636
0.66269,0.74884,0.0011562,0.0087756
0.66279,0.74875,0.0013334,0.0088766
0.66296,0.7486,0.0015005,0.0090065
0.6632,0.74839,0.0017237,0.0091974
0.66351,0.7481,0.0020692,0.0094958
0.66381,0.74783,0.0025316,0.0098663
0.66406,0.7476,0.0030433,0.0102
0.66426,0.74742,0.0035393,0.010457
0.66444,0.74725,0.0039962,0.010676
0.66462,0.74709,0.0044275,0.010894
0.6648,0.74692,0.0048709,0.011138
0.66501,0.74672,0.0053629,0.011412
0.66524,0.74652,0.0059138,0.011726
0.66544,0.74633,0.0064821,0.01208
0.66562,0.74616,0.0069755,0.01243
0.6658,0.74598,0.0073187,0.012741
0.66601,0.74579,0.0074882,0.012979
0.66623,0.74559,0.0075437,0.013146
0.66651,0.74534,0.0075412,0.013253
0.66688,0.74501,0.0075741,0.013346
0.66732,0.74461,0.0077113,0.013487
0.66775,0.74421,0.0079672,0.013683
0.66811,0.74389,0.008302,0.013893
0.66836,0.74366,0.0087121,0.014088
0.6685,0.74352,0.0092392,0.014332
0.66854,0.74347,0.0098096,0.014604
0.66857,0.74344,0.010188,0.0147
0.66864,0.74338,0.010241,0.014485
0.66875,0.74329,0.010045,0.014043
0.66889,0.74318,0.0097088,0.013473
0.66905,0.74305,0.0093565,0.012863
0.66925,0.74288,0.0091039,0.012292
0.66947,0.74269,0.0089898,0.011782
0.66973,0.74246,0.0090252,0.0113
0.67002,0.74221,0.0092016,0.01079
0.6703,0.74196,0.0095342,0.010254
0.67057,0.74171,0.010064,0.00971
0.67085,0.74145,0.010797,0.0091478
0.67114,0.74119,0.011684,0.0085357
0.6714,0.74095,0.012709,0.0078827
0.6716,0.74075,0.013842,0.0072428
0.67172,0.74062,0.015104,0.006658
0.6718,0.74053,0.016372,0.0060817
0.67192,0.74039,0.017501,0.0054098
0.67218,0.74014,0.018437,0.0045487
0.67256,0.73979,0.019293,0.0035411
0.67302,0.73935,0.020177,0.0024395
0.67354,0.73885,0.021204,0.0012791
0.67407,0.73833,0.022456,0.00014302
0.67455,0.73784,0.024007,-0.00088038
0.67497,0.73739,0.025939,-0.0017326
0.67539,0.73692,0.02812,-0.0024603
0.67587,0.73638,0.030632,-0.0030179
0.67642,0.73575,0.033445,-0.0033964
0.67705,0.73501,0.036587,-0.0035322
0.67773,0.73421,0.040148,-0.0033314
0.67837,0.73339,0.044121,-0.0028566
0.67895,0.73258,0.048472,-0.0022353
0.67949,0.73176,0.053007,-0.0017155
0.68001,0.73095,0.057428,-0.0014825
0.68052,0.73014,0.061545,-0.0016311
0.6811,0.72928,0.065205,-0.0022029
0.68179,0.72834,0.068329,-0.003153
0.68262,0.72733,0.070793,-0.0045036
0.68351,0.72628,0.072797,-0.0060118
0.68433,0.72529,0.074728,-0.0073071
0.68503,0.72441,0.07672,-0.0082314
0.68565,0.72361,0.07872,-0.0088612
0.68616,0.7229,0.080717,-0.0092407
0.68652,0.72231,0.082876,-0.0092484
0.68686,0.72172,0.085157,-0.0089506
0.68725,0.72111,0.087297,-0.008578
0.6876,0.72055,0.089072,-0.0083493
0.68771,0.72029,0.090372,-0.008394
0.68735,0.72048,0.091602,-0.0084075
0.6864,0.72116,0.093391,-0.0077407
0.68515,0.72207,0.095662,-0.0063434
0.6838,0.72302,0.098203,-0.0044867
0.68245,0.72393,0.10094,-0.0025104
0.68107,0.7248,0.10399,-0.0006883
0.67971,0.72556,0.1075,0.0011289
0.67864,0.72597,0.1114,0.0034871
0.67816,0.72578,0.1153,0.0063803
0.67832,0.72504,0.11878,0.0093536
0.67913,0.72379,0.12148,0.012031
0.68033,0.72226,0.12361,0.014313
0.68176,0.72051,0.12568,0.016549
0.68329,0.7186,0.12792,0.019284
0.68477,0.71672,0.12998,0.02251
0.68604,0.7151,0.13153,0.02611
0.68698,0.7138,0.13283,0.030125
0.68754,0.71273,0.13447,0.034902
0.68761,0.71188,0.13696,0.040848
0.68726,0.71117,0.14015,0.047636
0.68646,0.7106,0.14408,0.055297
0.68549,0.70999,0.14835,0.063319
0.68446,0.70921,0.15298,0.07166
0.68339,0.7082,0.15806,0.080346
0.68229,0.70692,0.16363,0.0893
0.68118,0.70543,0.16939,0.098289
0.68016,0.70372,0.17525,0.10701
0.67918,0.70185,0.18111,0.11545
0.6782,0.69987,0.18691,0.12364
0.67731,0.69774,0.19257,0.13162
0.67654,0.69539,0.19813,0.13954
0.67606,0.69265,0.20354,0.14752
0.6759,0.68931,0.20901,0.15597
0.67585,0.68543,0.21484,0.16511
0.67574,0.68114,0.22106,0.1748
0.67545,0.67664,0.22758,0.18474
0.6748,0.67214,0.23438,0.19476
0.67376,0.66773,0.24134,0.2048
0.67233,0.66335,0.24855,0.21485
0.67045,0.65894,0.25623,0.22502
0.66831,0.65433,0.26425,0.23535
0.6661,0.64943,0.27235,0.24573
0.6639,0.64426,0.28044,0.25596
0.66178,0.63887,0.28844,0.26589
0.65966,0.63327,0.2964,0.27563
0.65742,0.6276,0.30434,0.28513
0.65508,0.62201,0.3121,0.29422
0.65274,0.61656,0.3196,0.30272
0.65044,0.61124,0.32685,0.31061
0.6484,0.60626,0.33345,0.31756
0.64651,0.60189,0.33909,0.32369
0.64492,0.59794,0.34366,0.3293
0.6439,0.59411,0.34708,0.33461
0.6432,0.59035,0.34971,0.33982
0.64249,0.58667,0.35201,0.34511
0.6414,0.58311,0.35449,0.3506
0.63955,0.57987,0.35755,0.35621
0.63697,0.57698,0.36114,0.36185
0.6336,0.57486,0.36514,0.36709
0.62976,0.57358,0.36922,0.37159
0.62576,0.57321,0.37307,0.37506
0.62211,0.57326,0.37645,0.37769
0.61869,0.57331,0.37967,0.37999
0.61506,0.57309,0.38348,0.38238
0.61073,0.57302,0.38833,0.38451
0.60614,0.57352,0.39344,0.38583
0.6023,0.57422,0.39779,0.38634
0.59939,0.57444,0.40124,0.38698
0.59729,0.57373,0.40376,0.38865
0.59538,0.5726,0.40598,0.39095
0.59311,0.57116,0.40852,0.39383
0.59032,0.56953,0.41173,0.39703
0.58765,0.56763,0.41528,0.4
0.58547,0.56526,0.41904,0.40263
0.5836,0.56244,0.4235,0.40462
0.58186,0.55945,0.42851,0.40601
0.58022,0.55631,0.4338,0.40703
0.57866,0.5529,0.43911,0.40822
0.57707,0.54917,0.4444,0.40978
0.57506,0.54505,0.45,0.41197
0.57224,0.54106,0.45612,0.41442
0.56901,0.53766,0.46229,0.41647
0.56606,0.53523,0.46787,0.41738
0.56374,0.53378,0.47259,0.41707
0.5617,0.53299,0.47663,0.41622
0.5594,0.53227,0.4806,0.41567
0.55654,0.53125,0.48504,0.41566
0.55354,0.5302,0.48961,0.41566
0.55098,0.5296,0.49353,0.41519
0.54932,0.52984,0.49609,0.41401
0.5487,0.53068,0.49732,0.41229
0.54877,0.53191,0.49756,0.41032
0.54901,0.53345,0.49737,0.40822
0.5492,0.53521,0.497,0.40611
0.54915,0.53699,0.49673,0.40415
0.54875,0.53867,0.49673,0.40246
0.54826,0.54024,0.49689,0.40081
0.54791,0.54196,0.49693,0.39891
0.54766,0.54376,0.49687,0.39688
0.54725,0.54543,0.49699,0.395
0.54648,0.54656,0.49785,0.39342
0.54537,0.54677,0.49983,0.39216
0.54408,0.54583,0.50304,0.39115
0.54325,0.54458,0.50631,0.38982
0.54305,0.54413,0.50831,0.38814
0.544,0.54582,0.50736,0.38566
0.54571,0.54955,0.50398,0.38238
0.54752,0.5542,0.49983,0.37848
0.54876,0.55866,0.49658,0.3744
0.54958,0.56211,0.49472,0.37046
0.54995,0.56442,0.49412,0.36719
0.54959,0.56566,0.49471,0.36502
0.54871,0.5664,0.49584,0.36367
0.54775,0.56722,0.49678,0.36256
0.54728,0.56846,0.49682,0.36126
0.54733,0.57005,0.49608,0.35969
0.54764,0.57198,0.49485,0.35786
0.54813,0.57389,0.49372,0.35559
0.54864,0.57568,0.49299,0.35292
0.5491,0.57746,0.4925,0.34995
0.54984,0.57943,0.49175,0.34659
0.55085,0.58188,0.49035,0.34284
0.5519,0.58497,0.48821,0.33892
0.55297,0.58818,0.48582,0.33502
0.55393,0.59108,0.48374,0.33135
0.55474,0.59345,0.48216,0.32801
0.55557,0.59534,0.48097,0.32493
0.55634,0.59681,0.48014,0.32215
0.55694,0.59807,0.47948,0.31974
0.5574,0.59929,0.47883,0.31763
0.55763,0.60055,0.47817,0.31581
0.55779,0.60179,0.47754,0.31413
0.5579,0.60293,0.47701,0.31255
0.55791,0.60397,0.47667,0.31103
0.55781,0.60502,0.47638,0.3096
0.55776,0.60601,0.47601,0.30833
0.55778,0.60692,0.47555,0.30721
0.55785,0.60776,0.47503,0.30624
0.55797,0.60846,0.47446,0.3055
0.55806,0.60881,0.47408,0.30522
0.55791,0.609,0.47403,0.30522
0.5579,0.60927,0.47377,0.30508
0.55824,0.60954,0.47333,0.30459
0.55873,0.60976,0.47303,0.30373
0.55891,0.61004,0.47299,0.30291
0.55891,0.61048,0.47282,0.30227
0.55907,0.61094,0.47237,0.30175
0.55926,0.61135,0.47187,0.30135
0.55947,0.61177,0.47131,0.30099
0.55966,0.61214,0.47075,0.30076
0.55975,0.6123,0.47042,0.30078
0.55985,0.61226,0.47025,0.30094
0.56012,0.61217,0.47,0.30103
0.56062,0.61205,0.46961,0.30093
0.56095,0.61201,0.46931,0.30088
0.5612,0.61198,0.46903,0.30092
0.56151,0.61181,0.46882,0.301
0.56178,0.61153,0.46876,0.30116
0.56191,0.61109,0.46893,0.30153
0.56183,0.61049,0.4694,0.30218
0.56164,0.60978,0.47006,0.30294
0.56157,0.60894,0.47078,0.30364
0.56174,0.60803,0.47142,0.30417
0.56214,0.60713,0.4719,0.30448
0.56274,0.60629,0.47216,0.30463
0.5632,0.60552,0.47239,0.30496
0.56337,0.60477,0.47265,0.30574
0.56348,0.60388,0.47296,0.30679
0.56359,0.60274,0.47347,0.30805
0.56342,0.60131,0.47443,0.30969
0.56283,0.59949,0.47601,0.31185
0.56221,0.59733,0.47794,0.31414
0.56195,0.59496,0.47986,0.31618
0.56214,0.59251,0.4816,0.31778
0.56259,0.59019,0.4831,0.31903
0.56299,0.58816,0.48435,0.32016
0.56333,0.58639,0.48537,0.32127
0.56368,0.58464,0.48626,0.3225
0.56392,0.58274,0.48723,0.32407
0.56384,0.58069,0.48844,0.32605
0.56356,0.57823,0.49003,0.32852
0.5634,0.575,0.49203,0.33146
0.56328,0.57088,0.49466,0.33484
0.56303,0.56636,0.49779,0.33828
0.56281,0.56174,0.50106,0.34151
0.56242,0.55724,0.50439,0.3446
0.56181,0.55284,0.50772,0.34778
0.56115,0.54826,0.51111,0.35112
0.56039,0.54342,0.51472,0.35458
0.5596,0.53832,0.51848,0.35811
0.55925,0.53289,0.52213,0.36145
0.55927,0.52724,0.52581,0.36437
0.55946,0.52153,0.52952,0.3669
0.55982,0.516,0.53305,0.36905
0.55968,0.51078,0.53663,0.37134
0.55877,0.50558,0.54044,0.37429
0.55754,0.49971,0.5446,0.37795
0.55647,0.49261,0.54938,0.38191
0.5552,0.48467,0.5547,0.3862
0.55318,0.47687,0.56026,0.39075
0.55134,0.46926,0.56565,0.3948
0.55055,0.461,0.57117,0.39767
0.54924,0.45179,0.57799,0.4002
0.54631,0.44242,0.586,0.40301
0.54321,0.43376,0.5935,0.40563
0.54118,0.42549,0.59982,0.40781
0.54101,0.41677,0.60479,0.40969
0.54185,0.40812,0.60851,0.41176
0.54336,0.40072,0.61056,0.41399
0.54598,0.3948,0.61047,0.41638
0.54886,0.38965,0.60919,0.41929
0.5512,0.38462,0.60788,0.42277
0.55272,0.37959,0.60644,0.42738
0.55416,0.37481,0.60423,0.43282
0.55651,0.37064,0.60042,0.43866
0.5607,0.36739,0.59413,0.44458
0.56653,0.36515,0.58525,0.45076
0.57253,0.36389,0.57455,0.45791
0.57652,0.36314,0.56386,0.4667
0.57805,0.36247,0.55459,0.47634
0.57727,0.36212,0.54726,0.48593
0.57438,0.36269,0.54141,0.4954
0.56924,0.36493,0.53557,0.50591
0.56426,0.36894,0.52677,0.51769
0.56634,0.37259,0.51206,0.52748
0.57402,0.37185,0.49659,0.53444
0.58152,0.36477,0.48662,0.54035
0.58654,0.35515,0.48195,0.5455
0.58956,0.34825,0.48166,0.54694
0.59387,0.33963,0.48819,0.54189
0.59748,0.32581,0.50177,0.53394
0.59778,0.3093,0.5191,0.52681
0.5959,0.29276,0.53605,0.52139
0.59015,0.27806,0.55253,0.51877
0.57913,0.26566,0.57144,0.5172
0.57339,0.25864,0.58545,0.51145
0.57456,0.25545,0.59507,0.50053
0.5746,0.25321,0.60587,0.48851
0.56956,0.25166,0.61793,0.48004
0.56226,0.25449,0.62723,0.47506
0.55713,0.26224,0.63468,0.46692
0.55585,0.26975,0.63936,0.4577
0.55694,0.27187,0.64196,0.45144
0.55692,0.27024,0.64471,0.44851
0.55144,0.26881,0.65075,0.44741
0.5401,0.27037,0.66126,0.44489
0.52446,0.27413,0.67527,0.44023
0.51057,0.27844,0.68767,0.43463
0.50361,0.28267,0.69341,0.43088
0.50079,0.28532,0.69506,0.42976
0.49615,0.28704,0.69842,0.42855
0.49338,0.29164,0.70021,0.42572
0.49445,0.30059,0.69737,0.42289
0.49657,0.31172,0.69166,0.42174
0.4998,0.32199,0.68439,0.42205
0.50498,0.33137,0.67568,0.42266
0.51164,0.34055,0.66505,0.42422
0.51797,0.34916,0.65413,0.42651
0.52266,0.35611,0.64518,0.42867
0.52666,0.36165,0.63775,0.43024
0.53271,0.36647,0.62998,0.43017
0.54005,0.37171,0.62133,0.42909
0.54718,0.37779,0.61253,0.4274
0.55408,0.38464,0.60351,0.42522
0.56113,0.3918,0.59426,0.42246
0.56803,0.39869,0.58543,0.4191
0.57311,0.40384,0.57902,0.41617
0.57409,0.40619,0.57734,0.41486
0.57243,0.406,0.57867,0.41548
0.57172,0.40543,0.57839,0.41741
0.57441,0.40781,0.57275,0.41917
0.5789,0.41341,0.56386,0.41956
0.57988,0.41756,0.55891,0.42071
0.57585,0.41746,0.56077,0.42386
0.56889,0.41362,0.56713,0.42854
0.56062,0.40678,0.5759,0.43426
0.55262,0.39911,0.5849,0.43957
0.54701,0.39288,0.59196,0.44273
0.54436,0.3892,0.59568,0.44426
0.54336,0.38773,0.59653,0.44561
0.54336,0.38758,0.59564,0.44694
0.54395,0.38818,0.5941,0.44775
0.54483,0.38885,0.59286,0.44774
0.54581,0.38965,0.59197,0.44703
0.54681,0.39093,0.59103,0.44592
0.54815,0.39273,0.58968,0.44449
0.54965,0.39456,0.58803,0.4432
0.55112,0.39616,0.58618,0.4424
0.55258,0.39794,0.58383,0.44208
0.55389,0.40054,0.58074,0.44217
0.55516,0.40376,0.57721,0.44228
0.55656,0.40723,0.57351,0.44214
0.55751,0.40984,0.57082,0.44202
0.55769,0.41106,0.56964,0.44219
0.55701,0.41064,0.57018,0.44274
0.55572,0.40892,0.57207,0.4435
0.55411,0.4068,0.57446,0.44438
0.55254,0.40489,0.57669,0.44519
0.5513,0.40371,0.57825,0.44577
0.55026,0.40314,0.5792,0.44634
0.54908,0.40308,0.57971,0.44718
0.54767,0.40336,0.58002,0.44826
0.54641,0.40377,0.58011,0.44931
0.54542,0.40393,0.58018,0.45028
0.54446,0.40366,0.58058,0.45117
0.54349,0.40329,0.58111,0.45198
0.54269,0.40294,0.58159,0.45263
0.54231,0.40258,0.58197,0.45292
0.54233,0.40237,0.58215,0.45285
0.54261,0.40249,0.58199,0.45262
0.54309,0.40311,0.58136,0.4523
0.54368,0.40405,0.58057,0.45177
0.54433,0.40511,0.57974,0.45111
0.54497,0.40621,0.57889,0.45043
0.54545,0.40725,0.57814,0.44986
0.54592,0.40827,0.57748,0.44922
0.54655,0.40921,0.57678,0.44851
0.54699,0.40998,0.57626,0.44793
0.54726,0.41059,0.57588,0.44754
0.54749,0.41098,0.57556,0.44731
0.54752,0.41108,0.5755,0.44726
0.5473,0.41083,0.57577,0.4474
0.54697,0.41042,0.5762,0.44763
0.54646,0.40997,0.57682,0.44787
0.54601,0.4096,0.57745,0.44794
0.54585,0.40918,0.57806,0.44774
0.54564,0.40831,0.57902,0.44754
0.54498,0.4069,0.5805,0.44771
0.54384,0.40528,0.58232,0.4482
0.54258,0.40358,0.58413,0.44891
0.54139,0.40187,0.58579,0.44973
0.54037,0.40042,0.58715,0.45047
0.53969,0.39942,0.58806,0.45098
0.53926,0.39884,0.58869,0.4512
0.53904,0.39853,0.58912,0.45117
0.53912,0.39846,0.58929,0.4509
0.53949,0.39875,0.58912,0.45042
0.54001,0.39929,0.58881,0.44972
0.5407,0.39993,0.58843,0.44883
0.54163,0.40073,0.58783,0.44779
0.54256,0.40161,0.5871,0.44682
0.54319,0.4025,0.5865,0.44604
0.54346,0.40336,0.58614,0.44541
0.54345,0.40407,0.58602,0.44493
0.54329,0.40462,0.58603,0.44462
0.54284,0.40492,0.58624,0.44462
0.54201,0.40487,0.58676,0.44498
0.54076,0.40422,0.58773,0.44582
0.53897,0.40276,0.58928,0.44727
0.53654,0.40042,0.59154,0.44931
0.53366,0.3972,0.59441,0.4518
0.53088,0.39349,0.59735,0.45442
0.52855,0.38955,0.60008,0.45694
0.52673,0.38547,0.60257,0.4592
0.52541,0.38118,0.60497,0.46115
0.52487,0.37678,0.60714,0.46253
0.5257,0.37292,0.60841,0.46304
0.52823,0.37037,0.60819,0.46249
0.53258,0.3696,0.60612,0.46085
0.53798,0.37017,0.60272,0.45856
0.54349,0.37147,0.59891,0.456
0.5483,0.37325,0.59538,0.45341
0.55222,0.37539,0.59222,0.45101
0.55595,0.37795,0.58886,0.44868
0.56039,0.38134,0.58436,0.44617
0.56599,0.38545,0.57816,0.44363
0.57245,0.3899,0.57017,0.4418
0.57787,0.39371,0.56214,0.44165
0.57977,0.39556,0.557,0.44402
0.57878,0.39538,0.55517,0.44775
0.57689,0.39376,0.5552,0.45156
0.57507,0.39122,0.55622,0.45482
0.574,0.38882,0.55694,0.45734
0.57462,0.38763,0.55567,0.45911
0.5774,0.38774,0.5517,0.46032
0.58196,0.38869,0.54546,0.46121
0.58753,0.39023,0.53779,0.46186
0.59362,0.39244,0.52925,0.46207
0.59927,0.39528,0.52112,0.46158
0.60372,0.39868,0.51449,0.4603
0.60711,0.40226,0.50918,0.45864
0.61015,0.40576,0.50421,0.45699
0.61322,0.40926,0.49904,0.45543
0.61659,0.41289,0.49324,0.45393
0.62018,0.41674,0.48675,0.45252
0.62359,0.42119,0.47984,0.45109
0.62668,0.42645,0.47277,0.44934
0.62916,0.4336,0.46561,0.4465
0.63068,0.44236,0.45925,0.44232
0.63043,0.45189,0.45522,0.43718
0.62801,0.46102,0.45411,0.43226
0.62412,0.46849,0.45494,0.42897
0.62018,0.47469,0.45605,0.4267
0.61682,0.47912,0.45734,0.42523
0.61303,0.48191,0.46059,0.42404
0.60842,0.48262,0.46675,0.42314
0.60403,0.48165,0.47439,0.42203
0.60036,0.48003,0.48188,0.42062
0.59677,0.47835,0.48913,0.41928
0.59254,0.47686,0.4965,0.41831
0.58849,0.47624,0.50312,0.41683
0.5863,0.47714,0.50759,0.41346
0.58636,0.47927,0.50977,0.4082
0.58764,0.48248,0.5101,0.4021
0.58874,0.48691,0.50893,0.3966
0.58916,0.4923,0.50676,0.39209
0.58924,0.4982,0.50414,0.38787
0.58994,0.5045,0.50071,0.38307
0.59153,0.51143,0.49608,0.37741
0.59376,0.51932,0.49003,0.37097
0.59625,0.52798,0.483,0.36392
0.5984,0.53652,0.47632,0.35664
0.59947,0.5441,0.47129,0.34996
0.59947,0.55043,0.46794,0.34453
0.5987,0.55546,0.46588,0.34056
0.5976,0.55966,0.4644,0.33763
0.5965,0.56348,0.46281,0.33538
0.59555,0.5672,0.46081,0.33355
0.59458,0.57069,0.45877,0.33214
0.59322,0.57374,0.45735,0.33128
0.59147,0.57618,0.45685,0.33086
0.58929,0.57792,0.45741,0.33094
0.58662,0.57917,0.45885,0.33152
0.58359,0.58025,0.4607,0.3324
0.58063,0.58136,0.46244,0.33322
0.57809,0.58256,0.46382,0.33363
0.57594,0.58376,0.46491,0.33374
0.57401,0.58475,0.46596,0.33387
0.5721,0.5854,0.46721,0.33425
0.57032,0.58587,0.46851,0.33466
0.56884,0.5864,0.46956,0.33477
0.56795,0.58731,0.47001,0.33405
0.56793,0.5888,0.46949,0.33219
0.56869,0.59087,0.46799,0.32932
0.56987,0.59325,0.46587,0.32599
0.57129,0.59585,0.46325,0.32246
0.57265,0.59842,0.46056,0.31914
0.57369,0.60071,0.45812,0.31647
0.57414,0.60263,0.45635,0.31456
0.57419,0.60417,0.45532,0.31301
0.57423,0.6054,0.45468,0.31147
0.57433,0.60624,0.45455,0.30984
0.57433,0.60667,0.45494,0.30841
0.57399,0.60663,0.456,0.30756
0.57307,0.60628,0.45766,0.30749
0.57164,0.60585,0.45973,0.30792
0.56966,0.60548,0.46229,0.3085
0.56766,0.60519,0.46508,0.30855
0.56604,0.60503,0.46778,0.30777
0.5649,0.60503,0.47015,0.30625
0.56413,0.60505,0.47233,0.30425
0.56363,0.60496,0.47455,0.3019
0.56342,0.60476,0.47673,0.29925
0.56326,0.60458,0.47881,0.29659
0.56307,0.60449,0.48067,0.29412
0.56294,0.60451,0.48216,0.29185
0.56284,0.60471,0.48328,0.2898
0.56261,0.60516,0.48385,0.28833
0.56224,0.60575,0.48398,0.28759
0.562,0.60619,0.48394,0.28722
0.56212,0.6062,0.48391,0.28701
0.56269,0.60571,0.48394,0.28687
0.56377,0.60462,0.48409,0.28681
0.56525,0.60305,0.48427,0.28688
0.56717,0.60131,0.48423,0.28684
0.56947,0.59966,0.48387,0.28632
0.57215,0.59814,0.48322,0.28526
0.57512,0.59671,0.48237,0.28373
0.57797,0.59526,0.48169,0.28213
0.58027,0.5938,0.48151,0.28079
0.582,0.59233,0.4818,0.27979
0.58322,0.59082,0.4825,0.27924
0.58393,0.58928,0.48353,0.27923
0.58435,0.58769,0.48449,0.28005
0.58503,0.58591,0.48467,0.28205
0.58547,0.58367,0.48459,0.28587
0.58505,0.58118,0.4851,0.29091
0.58459,0.57855,0.48569,0.29605
0.58492,0.57571,0.48588,0.30058
0.58596,0.57269,0.48584,0.30436
0.58726,0.56967,0.48574,0.30766
0.589,0.56661,0.48538,0.31055
0.59121,0.56353,0.48468,0.31303
0.59425,0.56054,0.48325,0.31485
0.598,0.55754,0.48104,0.31644
0.60201,0.55467,0.47822,0.31818
0.60564,0.552,0.47522,0.3204
0.60855,0.54945,0.47244,0.32338
0.61096,0.5468,0.46997,0.3269
0.61319,0.54383,0.46779,0.3308
0.6154,0.54064,0.4658,0.3347
0.61725,0.53735,0.46424,0.33873
0.61832,0.53403,0.46348,0.34306
0.61865,0.53075,0.46347,0.34753
0.61838,0.52765,0.46404,0.35193
0.61791,0.52473,0.46481,0.35609
0.61736,0.52193,0.46571,0.35996
0.61688,0.51921,0.46653,0.36363
0.61663,0.51637,0.46704,0.36741
0.61667,0.51309,0.46717,0.37177
0.61697,0.50903,0.46703,0.37699
0.61739,0.50432,0.46687,0.38277
0.61754,0.49934,0.4671,0.38874
0.61725,0.49447,0.46785,0.39449
0.6167,0.48977,0.46901,0.3998
0.61607,0.48531,0.47049,0.40445
0.61544,0.48134,0.47197,0.4084
0.61506,0.47779,0.47284,0.41212
0.6149,0.47435,0.47301,0.41612
0.61459,0.471,0.47295,0.42043
0.61414,0.46804,0.4727,0.42465
0.61393,0.46586,0.47204,0.42806
0.61425,0.46484,0.47076,0.43012
0.61496,0.46501,0.46893,0.43092
0.61584,0.46618,0.46678,0.43073
0.61677,0.46832,0.46441,0.42964
0.61775,0.47144,0.46175,0.42769
0.6188,0.4756,0.4587,0.42483
0.61996,0.48048,0.45536,0.42124
0.62106,0.48598,0.45189,0.41703
0.62206,0.49185,0.44823,0.41257
0.62277,0.49814,0.44434,0.40813
0.62319,0.50452,0.44037,0.40394
0.62302,0.51054,0.43687,0.40042
0.62205,0.51587,0.43445,0.39773
0.62028,0.52039,0.43333,0.39581
0.61756,0.52418,0.43396,0.39437
0.61329,0.52734,0.43734,0.39309
0.60815,0.52981,0.44252,0.39196
0.60315,0.53074,0.449,0.39105
0.59881,0.53027,0.45602,0.39023
0.59512,0.52849,0.46332,0.38968
0.59167,0.52655,0.47011,0.38944
0.58862,0.52455,0.47609,0.38951
0.58564,0.52164,0.48253,0.38998
0.58298,0.5173,0.48974,0.39076
0.58073,0.51274,0.49648,0.39161
0.57984,0.51014,0.50021,0.39158
0.58079,0.51154,0.49925,0.38956
0.58277,0.51722,0.49442,0.38524
0.58509,0.52575,0.48768,0.37873
0.58697,0.53519,0.48099,0.37107
0.58785,0.54342,0.47634,0.36364
0.58807,0.54912,0.47422,0.35745
0.58775,0.55196,0.47456,0.35311
0.58673,0.55352,0.47589,0.35055
0.5856,0.55525,0.47628,0.34919
0.58553,0.55781,0.47463,0.34746
0.58634,0.56123,0.47155,0.34476
0.58707,0.5651,0.46825,0.34168
0.58738,0.56921,0.46526,0.3384
0.58739,0.57296,0.46294,0.33521
0.587,0.57589,0.46169,0.33259
0.58629,0.57796,0.46143,0.33062
0.5853,0.5796,0.46174,0.32907
0.58416,0.58126,0.46214,0.32759
0.58314,0.58294,0.46245,0.32599
0.58212,0.58458,0.46276,0.32443
0.58104,0.58611,0.46323,0.32293
0.57977,0.5874,0.46403,0.32172
0.57811,0.58837,0.46526,0.32116
0.57624,0.58889,0.46684,0.32128
0.57418,0.58907,0.4687,0.32192
0.572,0.58901,0.47069,0.323
0.56973,0.58893,0.47268,0.32426
0.56761,0.58895,0.4745,0.32527
0.56581,0.58913,0.47601,0.32589
0.5645,0.58961,0.47696,0.32589
0.56383,0.59036,0.47728,0.32524
0.56368,0.5913,0.47709,0.32406
0.56374,0.59234,0.47663,0.32273
0.56394,0.59341,0.47594,0.32143
0.56422,0.59445,0.47516,0.32016
0.56456,0.59548,0.47435,0.31885
0.56495,0.59655,0.47342,0.31754
0.56534,0.59767,0.47239,0.31627
0.5657,0.59873,0.47145,0.31503
0.56596,0.59962,0.47076,0.31389
0.566,0.60041,0.47033,0.31295
0.5658,0.60108,0.47027,0.31213
0.5656,0.60156,0.47051,0.31119
0.5654,0.60192,0.47098,0.31014
0.56527,0.60207,0.47164,0.30909
0.56523,0.60189,0.47253,0.30814
0.56507,0.60156,0.47359,0.30746
0.56489,0.60114,0.47467,0.30694
0.56472,0.60074,0.47574,0.30639
0.56451,0.60034,0.47691,0.30573
0.56437,0.59992,0.47814,0.3049
0.56414,0.59952,0.47945,0.30406
0.56383,0.59915,0.48075,0.30331
0.56365,0.5988,0.48186,0.30257
0.5636,0.59852,0.48277,0.30176
0.56371,0.5983,0.48343,0.30094
0.56393,0.59814,0.48382,0.3002
0.56433,0.59792,0.48401,0.29961
0.56481,0.59762,0.48413,0.29908
0.56576,0.59721,0.48402,0.2983
0.56704,0.59651,0.48391,0.29744
0.56809,0.59566,0.48409,0.29687
0.56899,0.59472,0.4844,0.29651
0.56976,0.59372,0.4848,0.29637
0.57035,0.59254,0.48538,0.29664
0.57074,0.59113,0.48625,0.2973
0.57073,0.58961,0.48746,0.29835
0.57034,0.58805,0.48894,0.29974
0.56951,0.58654,0.4907,0.30138
0.56878,0.58512,0.49248,0.30265
0.56875,0.58351,0.49406,0.30322
0.5686,0.58183,0.49589,0.30376
0.56844,0.58028,0.49757,0.30426
0.56831,0.5788,0.49911,0.3048
0.56805,0.57733,0.50066,0.30553
0.56774,0.57601,0.50204,0.30634
0.56745,0.57493,0.50316,0.30707
0.56718,0.57408,0.50404,0.30771
0.56719,0.57331,0.5047,0.30802
0.56743,0.57259,0.50525,0.30804
0.56766,0.57196,0.50568,0.30807
0.56777,0.57147,0.50596,0.30833
0.56779,0.57109,0.50612,0.30873
0.56786,0.5709,0.50602,0.30913
0.568,0.57092,0.5056,0.30949
0.56825,0.57107,0.505,0.30974
0.56865,0.57133,0.50425,0.30975
0.56925,0.57165,0.50335,0.30953
0.56988,0.57196,0.50246,0.30926
0.57044,0.57227,0.50163,0.30898
0.57093,0.5726,0.50085,0.30873
0.57126,0.57293,0.50016,0.30864
0.57143,0.57322,0.49959,0.3087
0.57158,0.57345,0.49912,0.30874
0.57177,0.57364,0.49869,0.30876
0.57189,0.57384,0.49829,0.30881
0.57198,0.57412,0.49784,0.30882
0.57225,0.57439,0.49733,0.30865
0.57268,0.5745,0.49685,0.30844
0.57296,0.57455,0.49647,0.30843
0.57299,0.57459,0.49622,0.30869
0.57296,0.57461,0.49604,0.309
0.57291,0.57454,0.49593,0.30939
0.57271,0.5744,0.49595,0.30999
0.57235,0.57427,0.49611,0.31065
0.57214,0.57407,0.49631,0.31109
0.57226,0.57371,0.49648,0.31125
0.57233,0.57328,0.49677,0.31147
0.5722,0.57292,0.4971,0.31184
0.57196,0.57269,0.49735,0.3123
0.57168,0.57252,0.49754,0.31283
0.57152,0.57235,0.49761,0.31332
0.57145,0.57213,0.49765,0.31379
0.57127,0.57183,0.49786,0.31431
0.57115,0.57139,0.49816,0.31487
0.57106,0.57073,0.4986,0.31553
0.57096,0.56988,0.49915,0.31639
0.57094,0.56895,0.49961,0.31735
0.571,0.56802,0.49992,0.3184
0.57107,0.56713,0.50016,0.31951
0.57112,0.56622,0.50037,0.32069
0.5711,0.5652,0.50069,0.32203
0.57103,0.5639,0.50124,0.32358
0.57102,0.56225,0.50204,0.32521
0.57106,0.56025,0.50313,0.3269
0.57088,0.55794,0.50464,0.32884
0.57051,0.55542,0.50647,0.33093
0.57009,0.55275,0.50846,0.33308
0.56962,0.5499,0.51052,0.33543
0.56895,0.54679,0.5128,0.33817
0.56805,0.54347,0.51539,0.34108
0.56723,0.53995,0.51812,0.34388
0.56666,0.5361,0.52098,0.34651
0.56596,0.53189,0.52422,0.34925
0.56475,0.52739,0.52801,0.3523
0.56302,0.52269,0.53229,0.35563
0.56099,0.51772,0.5369,0.35915
0.55929,0.51252,0.54128,0.36267
0.55819,0.50716,0.54516,0.36607
0.5574,0.50168,0.5488,0.36938
0.5566,0.49595,0.55259,0.37265
0.55567,0.4899,0.55675,0.37585
0.55481,0.48379,0.56078,0.37901
0.55469,0.47793,0.56389,0.38201
0.55555,0.4725,0.56577,0.38471
0.55719,0.46763,0.5666,0.38707
0.55927,0.4633,0.56666,0.3892
0.56159,0.45899,0.56641,0.3913
0.56413,0.45421,0.5661,0.39368
0.56679,0.44937,0.56534,0.39649
0.56992,0.44467,0.56351,0.39988
0.57362,0.44002,0.5605,0.40396
0.57728,0.43545,0.55661,0.40905
0.58015,0.43117,0.55239,0.4152
0.58133,0.42844,0.54717,0.42321
0.58234,0.42712,0.54049,0.43164
0.58382,0.42656,0.53284,0.43963
0.58436,0.42663,0.52546,0.44767
0.58253,0.4273,0.51924,0.45658
0.57845,0.42799,0.51395,0.46698
0.57537,0.42857,0.50617,0.47861
0.57638,0.43007,0.4934,0.48927
0.57967,0.43063,0.4794,0.49872
0.58303,0.42827,0.46809,0.5075
0.58699,0.42183,0.4615,0.51432
0.5912,0.41148,0.45948,0.51965
0.59538,0.39888,0.46171,0.52272
0.60024,0.38296,0.46957,0.52207
0.60273,0.36236,0.48368,0.52102
0.6011,0.33792,0.50376,0.5203
0.59634,0.31314,0.52676,0.5185
0.59075,0.29333,0.54653,0.51602
0.58597,0.28126,0.55971,0.51406
0.58153,0.27417,0.56857,0.5132
0.57624,0.26647,0.57796,0.51274
0.57167,0.25529,0.5881,0.51201
0.56996,0.24475,0.59584,0.51011
0.56674,0.24339,0.60345,0.50539
0.56197,0.24876,0.61072,0.49933
0.5583,0.257,0.61474,0.49432
0.55714,0.26802,0.61544,0.48886
0.55807,0.276,0.61529,0.48353
0.55671,0.27914,0.61671,0.48149
0.55146,0.2824,0.62033,0.48097
0.54561,0.28698,0.62446,0.47959
0.54022,0.29087,0.6296,0.47662
0.53592,0.29351,0.63548,0.47202
0.53323,0.29622,0.63976,0.46757
0.53464,0.30169,0.63859,0.46405
0.53925,0.31141,0.63089,0.46284
0.54315,0.32205,0.62172,0.4634
0.54542,0.32945,0.61524,0.46418
0.54522,0.33277,0.61293,0.46511
0.54354,0.33389,0.61289,0.46631
0.54273,0.33481,0.61244,0.4672
0.54306,0.33655,0.6107,0.46784
0.54496,0.34046,0.60644,0.46833
0.54815,0.34665,0.59934,0.46921
0.55181,0.35429,0.5905,0.47043
0.5556,0.36203,0.58161,0.47113
0.55976,0.36894,0.57342,0.47088
0.56446,0.37482,0.56571,0.46997
0.56992,0.37941,0.55821,0.46866
0.57419,0.38292,0.55175,0.46824
0.57545,0.38536,0.54786,0.46927
0.57481,0.38719,0.54582,0.47091
0.57416,0.38888,0.54383,0.4726
0.57411,0.39055,0.54088,0.47468
0.57425,0.39243,0.53682,0.47755
0.57385,0.39419,0.53292,0.48095
0.57229,0.39476,0.53085,0.48461
0.56952,0.39266,0.53225,0.48803
0.56619,0.38832,0.53653,0.49069
0.56301,0.38251,0.54246,0.49239
0.56052,0.37593,0.54849,0.49361
0.55808,0.36934,0.55441,0.49473
0.55518,0.36333,0.56018,0.49595
0.55178,0.35814,0.56558,0.49739
0.54812,0.35379,0.57045,0.49898
0.5451,0.35054,0.57415,0.50033
0.54342,0.34846,0.57637,0.50107
0.54309,0.34739,0.5771,0.50132
0.54364,0.34697,0.57691,0.50124
0.54484,0.34718,0.57621,0.50059
0.54617,0.34816,0.57532,0.4995
0.54733,0.34991,0.57412,0.49837
0.5482,0.35217,0.57275,0.49741
0.54886,0.35481,0.5712,0.49658
0.54932,0.35762,0.56954,0.49597
0.54931,0.35985,0.56843,0.49563
0.549,0.36117,0.56828,0.49519
0.5492,0.36204,0.56825,0.49436
0.54998,0.36274,0.56797,0.49331
0.55084,0.36326,0.56763,0.49236
0.55106,0.36365,0.56762,0.49183
0.55077,0.36388,0.56798,0.49157
0.55002,0.36376,0.56878,0.49158
0.54884,0.36333,0.56989,0.49193
0.54748,0.36274,0.57109,0.4925
0.54602,0.36197,0.5724,0.49315
0.54439,0.36126,0.57398,0.49365
0.54292,0.36094,0.57542,0.49381
0.542,0.36086,0.57661,0.4935
0.54143,0.36061,0.57786,0.49284
0.54088,0.36018,0.57928,0.49209
0.54011,0.35955,0.58079,0.49162
0.53907,0.35869,0.58234,0.49155
0.53802,0.3579,0.58372,0.49163
0.53687,0.35745,0.585,0.49171
0.53562,0.35719,0.58626,0.49175
0.53437,0.35696,0.5876,0.49169
0.53303,0.3566,0.58901,0.49171
0.53153,0.35602,0.59046,0.49201
0.53003,0.35542,0.59184,0.49242
0.52872,0.35507,0.593,0.49267
0.52771,0.35518,0.59394,0.49256
0.52689,0.35571,0.5948,0.49201
0.52608,0.35652,0.5957,0.4912
0.52506,0.35757,0.59677,0.49022
0.52388,0.35852,0.59795,0.48935
0.52295,0.35904,0.59907,0.48859
0.52252,0.35911,0.5999,0.48799
0.52225,0.35885,0.60046,0.48777
0.52156,0.35842,0.60127,0.48784
0.52063,0.35787,0.60233,0.48793
0.51996,0.35738,0.60317,0.48796
0.51944,0.35699,0.60379,0.48804
0.51874,0.35685,0.60438,0.48815
0.51794,0.35697,0.60496,0.48819
0.51723,0.35703,0.60566,0.48804
0.51684,0.35702,0.60627,0.4877
0.51647,0.35698,0.60686,0.48738
0.51586,0.35694,0.60756,0.48718
0.51526,0.35705,0.60818,0.48697
0.51512,0.35746,0.60838,0.48656
0.51512,0.35818,0.60838,0.48603
0.51503,0.35909,0.60836,0.48549
0.51491,0.36003,0.6084,0.48487
0.51488,0.3609,0.60841,0.48423
0.51485,0.36161,0.6084,0.48376
0.51472,0.36215,0.60844,0.48344
0.51454,0.36267,0.60852,0.48315
0.5144,0.36319,0.6086,0.48281
0.51427,0.3636,0.60876,0.48243
0.51409,0.36382,0.60909,0.48203
0.51381,0.36379,0.60967,0.48163
0.51332,0.36354,0.61037,0.48144
0.51266,0.36305,0.6111,0.48158
0.51221,0.36245,0.61156,0.48194
0.51194,0.36192,0.61179,0.48233
0.51174,0.36171,0.61197,0.48247
0.51156,0.36208,0.61206,0.48227
0.51125,0.36262,0.61229,0.48191
0.51079,0.36271,0.61312,0.48126
0.51035,0.36244,0.6144,0.4803
0.51016,0.36218,0.61538,0.47944
0.50976,0.36178,0.61629,0.479
0.50905,0.36134,0.61733,0.47875
0.50823,0.36109,0.61827,0.47861
0.50736,0.36112,0.61908,0.47846
0.50668,0.36159,0.6196,0.47815
0.50619,0.3625,0.6198,0.47773
0.50576,0.3637,0.61986,0.47717
0.50538,0.36522,0.61989,0.47639
0.5051,0.36693,0.61976,0.47554
0.50472,0.36844,0.61982,0.4747
0.5044,0.36958,0.62022,0.47362
0.50443,0.37063,0.6205,0.4724
0.50455,0.37173,0.62056,0.47133
0.50421,0.37294,0.62065,0.47061
0.50346,0.37451,0.62075,0.47005
0.50288,0.37659,0.62054,0.46927
0.50264,0.3791,0.6199,0.46836
0.50255,0.38173,0.61908,0.46741
0.50263,0.38439,0.61818,0.46633
0.50274,0.38687,0.61742,0.46517
0.50233,0.38915,0.61704,0.46421
0.50144,0.39163,0.61673,0.4635
0.50077,0.39457,0.61597,0.46274
0.50073,0.39795,0.61458,0.46173
0.50118,0.40176,0.61268,0.46046
0.50188,0.4061,0.61041,0.4589
0.50272,0.41084,0.60787,0.45713
0.50347,0.41562,0.60538,0.4553
0.50405,0.42021,0.6031,0.45345
0.50493,0.42464,0.60077,0.45145
0.50605,0.42902,0.59829,0.44935
0.50699,0.4334,0.596,0.44712
0.50793,0.43784,0.59378,0.44466
0.50886,0.44225,0.59161,0.44213
0.50953,0.4465,0.58966,0.43969
0.50982,0.45057,0.58794,0.43749
0.51005,0.45453,0.58619,0.43546
0.51028,0.45842,0.58439,0.43355
0.51044,0.46231,0.58261,0.43161
0.51063,0.46628,0.58076,0.42959
0.51095,0.47021,0.57879,0.42758
0.51117,0.47391,0.57693,0.42576
0.51108,0.47726,0.57536,0.42425
0.51065,0.48015,0.57413,0.42317
0.5097,0.48256,0.57341,0.42255
0.50833,0.48448,0.57316,0.42234
0.50691,0.48601,0.57311,0.42235
0.5055,0.48724,0.57316,0.42255
0.50393,0.48835,0.57335,0.42289
0.50239,0.48954,0.57351,0.42313
0.50104,0.49086,0.57356,0.42314
0.49992,0.49237,0.57345,0.42285
0.49915,0.49422,0.57304,0.42216
0.49894,0.49629,0.57223,0.42109
0.49936,0.49841,0.57103,0.41971
0.5001,0.50052,0.56956,0.41831
0.50063,0.50259,0.56804,0.41725
0.50093,0.50463,0.56652,0.41652
0.50107,0.50668,0.56496,0.41596
0.50115,0.50872,0.56346,0.41541
0.50128,0.51055,0.56214,0.4148
0.50152,0.51199,0.56112,0.41412
0.50199,0.51296,0.56034,0.41339
0.50274,0.51342,0.5597,0.41278
0.50353,0.51344,0.5592,0.41249
0.50398,0.51323,0.55891,0.41258
0.50383,0.51288,0.55903,0.41303
0.50327,0.5127,0.55951,0.41329
0.50348,0.51282,0.55965,0.4127
0.50444,0.51307,0.55961,0.41127
0.5053,0.51321,0.56001,0.40949
0.50561,0.51308,0.5612,0.40764
0.50555,0.51252,0.56297,0.40596
0.50549,0.51139,0.56497,0.40468
0.50575,0.50991,0.56667,0.40386
0.50621,0.50835,0.56783,0.40362
0.50658,0.50667,0.56871,0.40402
0.50667,0.50452,0.56971,0.40519
0.50659,0.50147,0.57126,0.4069
0.50677,0.49754,0.57342,0.40844
0.50751,0.49371,0.57559,0.40911
0.50915,0.49077,0.57688,0.40881
0.51204,0.48893,0.57673,0.40762
0.5159,0.48765,0.57551,0.40599
0.52014,0.48627,0.57411,0.40422
0.52405,0.48458,0.57337,0.40225
0.52738,0.48279,0.57329,0.40016
0.52997,0.48113,0.57347,0.39847
0.53213,0.47965,0.57327,0.39767
0.53418,0.47823,0.57231,0.398
0.53624,0.47646,0.57052,0.39992
0.53783,0.47397,0.56874,0.40328
0.53882,0.4708,0.56743,0.40748
0.53969,0.46728,0.56642,0.41176
0.54106,0.46385,0.56507,0.41569
0.54308,0.46076,0.56313,0.41911
0.54556,0.45792,0.56078,0.42213
0.54822,0.45487,0.55836,0.4252
0.55096,0.45124,0.55612,0.42844
0.5537,0.44726,0.55404,0.43175
0.5565,0.44318,0.55179,0.43522
0.55937,0.43915,0.54917,0.43894
0.56222,0.43528,0.54621,0.44283
0.56497,0.43161,0.54303,0.44682
0.56769,0.42815,0.53965,0.45076
0.57064,0.42494,0.53599,0.45444
0.57402,0.42222,0.53187,0.45754
0.57799,0.42013,0.52714,0.45993
0.58247,0.41866,0.52179,0.46173
0.58721,0.41787,0.51593,0.46303
0.59187,0.41765,0.50981,0.46407
0.5962,0.41772,0.50374,0.46508
0.59992,0.41773,0.49813,0.46633
0.60292,0.41746,0.4931,0.46804
0.60515,0.4168,0.48873,0.47033
0.60674,0.41585,0.48494,0.47303
0.60785,0.41493,0.48168,0.47575
0.60833,0.41486,0.47912,0.47778
0.60859,0.41622,0.4766,0.47878
0.60921,0.4184,0.47341,0.47927
0.61036,0.42073,0.46934,0.47976
0.61166,0.42259,0.46471,0.48097
0.61256,0.42425,0.46013,0.48277
0.61307,0.42628,0.45585,0.48439
0.61366,0.42872,0.45178,0.48531
0.61471,0.43176,0.44773,0.48503
0.61619,0.4356,0.44391,0.48323
0.6176,0.44044,0.44105,0.47963
0.61843,0.44592,0.43955,0.47486
0.61893,0.45146,0.43858,0.46985
0.61956,0.45654,0.43694,0.46562
0.6199,0.46102,0.43489,0.46266
0.61938,0.46567,0.43294,0.46052
0.61753,0.47187,0.43139,0.45814
0.61421,0.47962,0.43092,0.45499
0.6088,0.48774,0.43305,0.4516
0.60185,0.4943,0.43839,0.44861
0.59556,0.4981,0.44565,0.44565
0.5918,0.49955,0.45273,0.44187
0.59036,0.49951,0.45878,0.4376
0.58992,0.49843,0.46401,0.43388
0.58862,0.49666,0.46936,0.43191
0.58545,0.49466,0.47569,0.4316
0.5819,0.49278,0.48217,0.43137
0.5803,0.49165,0.48691,0.42948
0.58024,0.4912,0.48996,0.42659
0.57997,0.49057,0.49254,0.42472
0.57816,0.48927,0.49603,0.42461
0.57615,0.48888,0.49912,0.42416
0.57593,0.49153,0.49945,0.421
0.57873,0.49807,0.49549,0.41411
0.58244,0.50617,0.48973,0.40585
0.58479,0.51506,0.48428,0.39774
0.58524,0.52319,0.4809,0.39053
0.5848,0.52922,0.4798,0.38435
0.58405,0.53274,0.48066,0.37953
0.58268,0.53493,0.48235,0.37639
0.58077,0.53664,0.48374,0.37514
0.57953,0.53848,0.48354,0.37466
0.57917,0.54124,0.48171,0.37361
0.57917,0.54512,0.47874,0.37177
0.57901,0.54992,0.47536,0.36929
0.57831,0.55484,0.47251,0.36667
0.57727,0.55838,0.47112,0.36471
0.57613,0.56017,0.47122,0.36364
0.57488,0.56081,0.4724,0.3631
0.57346,0.56126,0.47398,0.36259
0.57214,0.56202,0.47538,0.36168
0.57108,0.56312,0.47631,0.36039
0.57007,0.56417,0.47713,0.35927
0.56878,0.56502,0.47824,0.35851
0.56701,0.56566,0.47971,0.35835
0.56475,0.56615,0.4815,0.35874
0.56252,0.56656,0.48315,0.35937
0.56081,0.56695,0.48436,0.3598
0.55968,0.56786,0.48474,0.35962
0.55916,0.56945,0.48411,0.35876
0.55926,0.57157,0.4826,0.35726
0.55984,0.57421,0.48031,0.3552
0.56067,0.57714,0.47768,0.35267
0.56174,0.58011,0.47498,0.34973
0.56281,0.58299,0.47247,0.34661
0.56383,0.58586,0.47007,0.34337
0.56473,0.58873,0.46781,0.34005
0.56542,0.59152,0.46582,0.33677
0.56604,0.59409,0.46405,0.33364
0.56667,0.59614,0.46251,0.33104
0.56706,0.59757,0.46148,0.32923
0.56714,0.59862,0.46095,0.32793
0.56699,0.59947,0.46082,0.32681
0.56686,0.60033,0.46087,0.3254
0.56715,0.60121,0.4608,0.32334
0.56739,0.60231,0.46079,0.32087
0.5675,0.6036,0.46078,0.31826
0.56784,0.605,0.46062,0.31522
0.56854,0.60625,0.46034,0.31194
0.56928,0.60732,0.46015,0.30878
0.56977,0.60811,0.46027,0.30613
0.57006,0.60857,0.46083,0.30382
0.57053,0.60872,0.46152,0.30158
0.57057,0.60873,0.46259,0.29984
0.57,0.60909,0.46375,0.29839
0.56989,0.60951,0.46445,0.29666
0.57031,0.60987,0.46469,0.29473
0.57073,0.61043,0.46462,0.29286
0.57075,0.61103,0.46447,0.2918
0.56978,0.61116,0.4651,0.29243
0.56833,0.6106,0.46659,0.29405
0.56714,0.60965,0.4682,0.29575
0.56625,0.60888,0.46933,0.29724
0.56622,0.60831,0.4696,0.29806
0.5672,0.60783,0.46912,0.29792
0.56837,0.60742,0.46864,0.29728
0.56928,0.60714,0.46834,0.29658
0.56983,0.6069,0.4683,0.29607
0.57031,0.60662,0.46841,0.29555
0.57101,0.60643,0.46838,0.29464
0.57178,0.60651,0.46815,0.29335
0.57261,0.6066,0.46787,0.29199
0.57349,0.60645,0.46769,0.29085
0.5742,0.6061,0.46769,0.2902
0.57505,0.6054,0.46775,0.28986
0.57576,0.6045,0.46803,0.28988
0.57603,0.6035,0.46864,0.29042
0.5762,0.60228,0.46953,0.29121
0.57608,0.60077,0.4709,0.29235
0.57565,0.59883,0.47292,0.29391
0.57496,0.59655,0.47551,0.29572
0.57401,0.59412,0.47847,0.29766
0.57283,0.59168,0.48165,0.29965
0.57173,0.58942,0.48461,0.30144
0.57126,0.58725,0.48704,0.30264
0.57136,0.58515,0.48901,0.30333
0.57141,0.58335,0.49073,0.30395
0.57181,0.58164,0.49196,0.30446
0.57227,0.57995,0.49303,0.30509
0.57283,0.57827,0.49389,0.30584
0.57357,0.57656,0.49456,0.3066
0.57407,0.5749,0.49528,0.30762
0.57436,0.57323,0.49602,0.30901
0.57473,0.57119,0.4969,0.31068
0.575,0.56882,0.4981,0.31261
0.57546,0.56609,0.49951,0.31446
0.57619,0.56323,0.50092,0.316
0.57665,0.56058,0.50235,0.31759
0.57691,0.55808,0.50373,0.31935
0.57712,0.55559,0.50506,0.32119
0.57727,0.5529,0.50652,0.32327
0.57703,0.54969,0.50847,0.32609
0.57628,0.54596,0.51107,0.3296
0.57547,0.54152,0.51422,0.33343
0.5744,0.53625,0.51826,0.33751
0.57258,0.53058,0.52315,0.34197
0.57048,0.52451,0.52843,0.34671
0.56815,0.5181,0.5339,0.35176
0.56567,0.51176,0.53916,0.35697
0.56376,0.50564,0.54358,0.36197
0.56249,0.49975,0.54723,0.3666
0.56178,0.49417,0.55034,0.37057
0.56214,0.48886,0.55284,0.37333
0.56279,0.48363,0.5552,0.37566
0.56293,0.47889,0.55766,0.37788
0.56327,0.47484,0.55939,0.37991
0.56472,0.47135,0.55966,0.38171
0.56735,0.46831,0.55862,0.38308
0.57048,0.46607,0.55638,0.38442
0.57386,0.46412,0.55325,0.38626
0.57749,0.46176,0.5497,0.38874
0.58054,0.45883,0.54662,0.39198
0.58267,0.4553,0.5444,0.39601
0.58375,0.45136,0.54292,0.40095
0.58403,0.44713,0.54161,0.407
0.58391,0.44322,0.53984,0.41373
0.5836,0.43997,0.53729,0.42089
0.5835,0.43768,0.53346,0.42823
0.58363,0.43701,0.52793,0.43553
0.58356,0.43864,0.52043,0.44294
0.58298,0.4416,0.51177,0.45078
0.58144,0.4441,0.50355,0.4595
0.57835,0.44376,0.49742,0.47029
0.57398,0.43754,0.49465,0.48417
0.57054,0.42613,0.49315,0.4997
0.57244,0.41471,0.48887,0.51121
0.57654,0.40476,0.48392,0.51922
0.57982,0.3948,0.4822,0.52481
0.58144,0.38269,0.48423,0.53009
0.58361,0.36687,0.48971,0.53384
0.58698,0.34787,0.49832,0.5349
0.59057,0.32612,0.50988,0.53375
0.59315,0.30332,0.52266,0.53197
0.59557,0.28254,0.53427,0.52918
0.60026,0.26734,0.54133,0.52458
0.60709,0.25907,0.54371,0.51837
0.61259,0.25571,0.5444,0.51281
0.61381,0.25428,0.54645,0.50988
0.60974,0.25251,0.55109,0.51063
0.60227,0.24865,0.55979,0.51194
0.59217,0.24558,0.57253,0.51112
0.58087,0.24652,0.58515,0.50934
0.57088,0.24963,0.59515,0.50752
0.56471,0.25272,0.60266,0.50402
0.56392,0.2561,0.60698,0.49798
0.56394,0.26183,0.609,0.49249
0.56098,0.26894,0.61197,0.48834
0.55347,0.27522,0.61863,0.485
0.5448,0.28065,0.62648,0.48161
0.53893,0.28628,0.6317,0.47808
0.53671,0.29248,0.63281,0.47535
0.53575,0.29854,0.63219,0.47348
0.53489,0.30613,0.63072,0.47156
0.53362,0.31605,0.62835,0.46961
0.53257,0.32627,0.62527,0.46793
0.53381,0.33241,0.62177,0.46685
0.53949,0.33554,0.61526,0.46672
0.5492,0.34184,0.60322,0.46653
0.56033,0.35172,0.58764,0.46584
0.56976,0.36279,0.57221,0.46511
0.57552,0.37296,0.56038,0.46439
0.57752,0.38131,0.55363,0.46321
0.57689,0.38723,0.55136,0.4618
0.57499,0.39062,0.55163,0.46098
0.57328,0.39222,0.55229,0.46097
0.57294,0.39237,0.55194,0.46168
0.5743,0.39166,0.5501,0.46278
0.57714,0.39146,0.54634,0.46388
0.58099,0.39321,0.54015,0.46483
0.58492,0.39608,0.53287,0.46587
0.58788,0.39891,0.52614,0.46738
0.58914,0.40126,0.52114,0.46938
0.58824,0.40313,0.51844,0.47189
0.58515,0.40401,0.51845,0.47496
0.58103,0.40373,0.52024,0.47828
0.57627,0.40147,0.52415,0.48167
0.57189,0.39697,0.52923,0.48506
0.56864,0.39028,0.53478,0.4882
0.56751,0.38302,0.53951,0.49006
0.56925,0.37737,0.54185,0.48983
0.57212,0.3736,0.5425,0.48867
0.57455,0.3722,0.542,0.48744
0.57555,0.37232,0.54164,0.48657
0.57543,0.3728,0.54208,0.48585
0.57459,0.3728,0.54332,0.48545
0.5732,0.37223,0.54506,0.4856
0.57127,0.37115,0.5471,0.4864
0.56918,0.36964,0.54925,0.48756
0.56751,0.36801,0.55118,0.48858
0.56661,0.36678,0.55239,0.48917
0.56633,0.36632,0.55277,0.48941
0.56654,0.36679,0.55238,0.48925
0.56713,0.36793,0.55145,0.48877
0.56782,0.36923,0.5504,0.48817
0.56829,0.37033,0.54968,0.48759
0.5684,0.37095,0.5495,0.4872
0.56825,0.37105,0.54974,0.48704
0.56807,0.37073,0.55012,0.48705
0.56798,0.37019,0.55054,0.4871
0.56797,0.36971,0.55084,0.48713
0.56809,0.36948,0.5509,0.48711
0.56831,0.3695,0.55077,0.48697
0.56876,0.3699,0.5504,0.48657
0.56942,0.37062,0.54979,0.48594
0.57007,0.37155,0.54915,0.48518
0.57056,0.37266,0.54865,0.48431
0.57087,0.37391,0.54836,0.48333
0.57111,0.37519,0.54825,0.48218
0.57143,0.37644,0.54826,0.4808
0.57169,0.37779,0.54857,0.47908
0.57178,0.37926,0.54915,0.47714
0.57173,0.38074,0.54981,0.47525
0.57125,0.38211,0.55086,0.47351
0.57041,0.38338,0.55224,0.47189
0.56947,0.38449,0.55359,0.47054
0.56867,0.38533,0.55464,0.46959
0.56796,0.38599,0.55561,0.46876
0.56724,0.38664,0.55667,0.46783
0.56656,0.38738,0.55781,0.46669
0.56593,0.38808,0.55896,0.46548
0.56533,0.38872,0.56014,0.46428
0.5646,0.38943,0.56143,0.463
0.56383,0.39027,0.56275,0.46164
0.56289,0.39137,0.56419,0.46008
0.56163,0.39252,0.56587,0.45857
0.55997,0.39357,0.5679,0.4572
0.55835,0.39455,0.56997,0.45575
0.55726,0.39524,0.57178,0.45421
0.55642,0.39558,0.5735,0.45278
0.55515,0.39544,0.57552,0.4519
0.55334,0.39486,0.57789,0.4516
0.55128,0.39416,0.58043,0.45148
0.5493,0.39416,0.58267,0.451
0.54811,0.39513,0.58393,0.44997
0.54785,0.39666,0.5843,0.44845
0.54775,0.3981,0.58457,0.44696
0.54659,0.39889,0.58572,0.44616
0.54462,0.39918,0.58756,0.4459
0.5429,0.39961,0.58912,0.44553
0.54199,0.40038,0.58997,0.44483
0.54164,0.40143,0.59027,0.44392
0.54127,0.40274,0.59044,0.44296
0.54063,0.40418,0.59078,0.44197
0.53977,0.40562,0.59132,0.44097
0.53904,0.40684,0.59186,0.44002
0.53863,0.40777,0.59231,0.43906
0.53817,0.40873,0.59284,0.43802
0.53758,0.40974,0.59343,0.437
0.53693,0.41073,0.59408,0.43598
0.53624,0.41175,0.59474,0.43497
0.53553,0.41273,0.59545,0.43393
0.53529,0.41359,0.59599,0.43268
0.53508,0.41425,0.59652,0.43157
0.53423,0.41473,0.59747,0.43085
0.53311,0.41513,0.5986,0.43028
0.5322,0.41547,0.59958,0.42972
0.53129,0.41567,0.60058,0.42925
0.53027,0.41593,0.6016,0.42883
0.52913,0.41661,0.60242,0.42843
0.52789,0.41745,0.60326,0.42795
0.52699,0.41815,0.60408,0.42723
0.52631,0.41874,0.6049,0.42632
0.52542,0.41956,0.60573,0.42545
0.52418,0.42072,0.60636,0.42492
0.52259,0.42204,0.60691,0.4248
0.52086,0.42348,0.60733,0.42488
0.51929,0.4251,0.60751,0.42492
0.51794,0.42705,0.60739,0.42478
0.51685,0.42931,0.60709,0.42427
0.51629,0.43182,0.60647,0.42328
0.51602,0.43447,0.60564,0.42209
0.51599,0.43738,0.60451,0.42075
0.51612,0.44043,0.60319,0.41929
0.51652,0.44349,0.60174,0.41766
0.51706,0.44657,0.6003,0.41577
0.51801,0.44986,0.59856,0.41354
0.51913,0.45347,0.59652,0.41114
0.52,0.4574,0.59441,0.40873
0.52064,0.46155,0.59229,0.40633
0.52126,0.46564,0.59019,0.40391
0.52177,0.46959,0.58822,0.40154
0.52225,0.47343,0.58632,0.39918
0.52278,0.47711,0.58444,0.39686
0.52327,0.48066,0.58267,0.39452
0.52378,0.48407,0.58095,0.3922
0.52411,0.48726,0.57938,0.39013
0.52413,0.4902,0.57803,0.38843
0.52395,0.49272,0.57695,0.38709
0.52346,0.49483,0.57623,0.38613
0.52282,0.49676,0.57567,0.38534
0.5221,0.49855,0.57526,0.38463
0.52118,0.50028,0.57497,0.38406
0.52004,0.50196,0.57473,0.38377
0.51882,0.50344,0.57458,0.38371
0.51774,0.5047,0.57451,0.38361
0.517,0.50607,0.5742,0.38327
0.51636,0.50778,0.57362,0.38274
0.51605,0.50981,0.57269,0.38186
0.51622,0.5119,0.57149,0.38063
0.51632,0.51401,0.57028,0.37945
0.51622,0.5161,0.56917,0.37843
0.51605,0.51801,0.5681,0.37765
0.51569,0.51979,0.56715,0.37712
0.51544,0.52135,0.56618,0.37676
0.51534,0.52258,0.56528,0.37656
0.51502,0.52357,0.56464,0.37658
0.51449,0.52437,0.56429,0.37672
0.51395,0.52504,0.56405,0.37687
0.51344,0.52562,0.5639,0.37697
0.51293,0.52627,0.56375,0.377
0.51256,0.5269,0.56355,0.37692
0.5126,0.52741,0.56325,0.37661
0.51289,0.52773,0.56298,0.37616
0.51322,0.52777,0.56289,0.3758
0.51324,0.52772,0.56307,0.37556
0.51334,0.52769,0.56325,0.3752
0.51404,0.52754,0.56326,0.37442
0.51508,0.52732,0.56317,0.37344
0.51577,0.52704,0.5633,0.3727
0.5158,0.52661,0.56394,0.3723
0.51559,0.52594,0.56502,0.37191
0.51541,0.52504,0.56638,0.37134
0.51555,0.52407,0.56777,0.37039
0.51586,0.52318,0.5691,0.36918
0.51603,0.5223,0.5706,0.36788
0.51615,0.52124,0.57228,0.3666
0.51632,0.52006,0.57396,0.36539
0.5166,0.51888,0.57541,0.36441
0.51687,0.51771,0.57662,0.36378
0.51666,0.51643,0.57787,0.3639
0.51581,0.51479,0.57944,0.36495
0.51472,0.5125,0.58134,0.36669
0.51382,0.50964,0.58341,0.36864
0.51335,0.50635,0.58544,0.37058
0.51348,0.50283,0.58726,0.37233
0.51402,0.49913,0.58899,0.37383
0.51465,0.49539,0.59076,0.37512
0.51529,0.49188,0.59247,0.37619
0.51628,0.48868,0.59387,0.37678
0.51793,0.48568,0.59489,0.37679
0.52031,0.48266,0.59562,0.37624
0.52305,0.47941,0.5964,0.37535
0.52571,0.47577,0.59751,0.3745
0.528,0.47184,0.5989,0.37403
0.5299,0.46782,0.60038,0.37404
0.53134,0.46387,0.60176,0.37468
0.53236,0.46013,0.60306,0.37575
0.53307,0.4568,0.60425,0.37689
0.53392,0.4539,0.60495,0.37807
0.53517,0.4514,0.60507,0.37912
0.53671,0.44911,0.60475,0.38016
0.53792,0.44664,0.60443,0.38186
0.53763,0.44344,0.60506,0.385
0.53512,0.43905,0.60741,0.38978
0.53091,0.43336,0.61149,0.3955
0.52657,0.42718,0.61591,0.40112
0.52394,0.4213,0.61925,0.40562
0.52412,0.41675,0.62016,0.40868
0.52699,0.41384,0.61837,0.41065
0.53196,0.41233,0.61426,0.41193
0.53792,0.41167,0.60888,0.41285
0.54446,0.41184,0.60258,0.41334
0.55124,0.41262,0.59577,0.41344
0.5581,0.41406,0.58856,0.41313
0.56487,0.41602,0.58106,0.41258
0.57145,0.41835,0.5733,0.41201
0.57784,0.42077,0.56543,0.41151
0.58386,0.42315,0.55765,0.41119
0.58935,0.42552,0.55015,0.41101
0.5943,0.42804,0.54281,0.41102
0.59896,0.4307,0.53535,0.41128
0.60351,0.43335,0.52764,0.4118
0.60802,0.43574,0.51974,0.41269
0.6123,0.43779,0.51199,0.41387
0.61611,0.43981,0.50463,0.41513
0.61931,0.44197,0.4978,0.41631
0.62181,0.44455,0.49168,0.41712
0.62314,0.4483,0.48667,0.41698
0.62349,0.45352,0.48226,0.41595
0.62366,0.4585,0.47754,0.41566
0.62314,0.46197,0.47356,0.41715
0.62192,0.46477,0.4702,0.41965
0.62052,0.46762,0.46688,0.42227
0.61952,0.47057,0.4634,0.42429
0.61909,0.47369,0.46003,0.42511
0.61895,0.47717,0.45691,0.42479
0.61906,0.48068,0.45414,0.42364
0.61926,0.4837,0.45219,0.42199
0.61919,0.48602,0.45182,0.41982
0.6185,0.48792,0.45323,0.4171
0.61745,0.48987,0.45569,0.41368
0.61663,0.49297,0.457,0.40976
0.61605,0.49774,0.45636,0.40556
0.61526,0.5039,0.45463,0.40107
0.6137,0.51044,0.45345,0.39648
0.61114,0.51612,0.45383,0.39263
0.60828,0.51974,0.45576,0.39007
0.60599,0.52168,0.45841,0.38792
0.60492,0.52189,0.46128,0.38591
0.60395,0.52126,0.46435,0.38459
0.60252,0.52086,0.46755,0.38349
0.6013,0.52157,0.47015,0.38125
0.6009,0.52363,0.47153,0.37736
0.60083,0.52644,0.47191,0.37305
0.60043,0.52998,0.47139,0.36932
0.59975,0.53389,0.47022,0.36628
0.59924,0.53809,0.46837,0.36331
0.59904,0.54244,0.46622,0.35992
0.59889,0.54664,0.46443,0.35613
0.59845,0.55061,0.46342,0.35204
0.59795,0.55439,0.46271,0.34788
0.59756,0.558,0.46181,0.34394
0.59714,0.56155,0.46067,0.34039
0.59669,0.56512,0.45925,0.33719
0.59626,0.56878,0.45742,0.33426
0.59583,0.57259,0.45517,0.33157
0.59549,0.57651,0.45256,0.32895
0.59546,0.58051,0.4495,0.32617
0.59571,0.58455,0.44605,0.3232
0.59598,0.58854,0.44251,0.32034
0.59586,0.5923,0.43932,0.31802
0.59502,0.59565,0.43693,0.31661
0.59379,0.59835,0.43538,0.31598
0.59249,0.60031,0.4346,0.31576
0.59117,0.60176,0.43445,0.31567
0.58987,0.60287,0.43485,0.31545
0.58866,0.60369,0.43564,0.31506
0.58735,0.60418,0.4369,0.31481
0.5857,0.60431,0.4387,0.31513
0.58362,0.60412,0.44099,0.31615
0.58123,0.60362,0.44365,0.31779
0.5789,0.60307,0.44619,0.31953
0.57692,0.60286,0.44805,0.32091
0.57541,0.60313,0.44906,0.32169
0.57454,0.60394,0.44915,0.32161
0.57429,0.6052,0.44838,0.32075
0.57463,0.60681,0.4468,0.31931
0.57537,0.60861,0.44465,0.31754
0.57637,0.61053,0.44215,0.31551
0.57753,0.6125,0.4395,0.31326
0.57879,0.61445,0.43686,0.31081
0.57999,0.61634,0.43447,0.30818
0.58125,0.61802,0.43233,0.30544
0.5823,0.61943,0.4307,0.30286
0.58292,0.62068,0.42972,0.30051
0.58332,0.62184,0.42911,0.29819
0.58392,0.62285,0.42866,0.29554
0.58466,0.62373,0.42829,0.29276
0.58529,0.62453,0.428,0.29019
0.5858,0.6253,0.4277,0.28793
0.58625,0.62608,0.42737,0.28583
0.58663,0.62689,0.42692,0.28394
0.58699,0.62787,0.42615,0.28215
0.58731,0.62907,0.42509,0.28043
0.58763,0.63041,0.42374,0.27879
0.58794,0.63182,0.42196,0.27763
0.58796,0.63323,0.42021,0.27705
0.58682,0.63442,0.41929,0.27813
0.585,0.635,0.41949,0.28033
0.58311,0.6347,0.42078,0.28297
0.58138,0.63365,0.42285,0.28582
0.57988,0.63219,0.42514,0.28866
0.5787,0.63075,0.42719,0.29116
0.57826,0.62958,0.42851,0.29263
0.57846,0.62888,0.42902,0.293
0.57912,0.62871,0.42877,0.2924
0.58007,0.62891,0.428,0.29121
0.58114,0.62936,0.42691,0.28971
0.58231,0.62989,0.42559,0.28815
0.58361,0.63041,0.42405,0.28664
0.58483,0.63096,0.42244,0.28531
0.58583,0.63145,0.42101,0.28429
0.5866,0.63175,0.41992,0.28367
0.58709,0.6317,0.41935,0.28359
0.5871,0.63128,0.41956,0.28419
0.58675,0.63058,0.42033,0.28535
0.58616,0.62965,0.42147,0.28691
0.58543,0.62855,0.42292,0.28869
0.58451,0.62723,0.42475,0.29072
0.58342,0.62569,0.42704,0.29286
0.58238,0.62406,0.42952,0.29479
0.58151,0.62253,0.43182,0.29637
0.58092,0.62119,0.4337,0.29758
0.58072,0.62014,0.43488,0.29844
0.58087,0.61945,0.43532,0.29896
0.5813,0.61909,0.43512,0.29914
0.58193,0.61916,0.43421,0.2991
0.58267,0.61958,0.43274,0.29892
0.58343,0.62012,0.43103,0.29879
0.58422,0.62069,0.42923,0.29865
0.58509,0.6212,0.42743,0.29845
0.58581,0.62161,0.42583,0.29849
0.58627,0.62182,0.42454,0.29898
0.58658,0.62189,0.42351,0.29969
0.58684,0.62187,0.42261,0.30051
0.58696,0.62175,0.42184,0.3016
0.58686,0.62154,0.42125,0.30306
0.58673,0.62114,0.42083,0.30467
0.58664,0.62061,0.42054,0.30634
0.58646,0.61997,0.42036,0.30823
0.58619,0.61927,0.42025,0.31028
0.58588,0.61854,0.42018,0.31241
0.58556,0.61782,0.42008,0.31457
0.58521,0.61714,0.41991,0.31678
0.58489,0.61639,0.41973,0.31905
0.58478,0.61547,0.41954,0.32127
0.58485,0.61459,0.41926,0.32319
0.58503,0.61389,0.41878,0.3248
0.58532,0.61332,0.41808,0.32625
0.58571,0.61279,0.41723,0.32765
0.58635,0.61225,0.41605,0.32901
0.58735,0.61181,0.41444,0.33006
