0.66142,0.74822,0.034309,-0.03883
0.66137,0.74826,0.03435,-0.038871
0.66135,0.74828,0.034458,-0.038884
0.66137,0.74826,0.034605,-0.03886
0.66143,0.7482,0.034778,-0.03878
0.66152,0.74811,0.034933,-0.038676
0.66159,0.74805,0.035063,-0.038561
0.66162,0.74803,0.03518,-0.038424
0.66162,0.74803,0.035268,-0.038322
0.6616,0.74805,0.035295,-0.03832
0.66155,0.74808,0.035265,-0.038426
0.66151,0.74811,0.035177,-0.038606
0.66147,0.74814,0.035059,-0.038794
0.66143,0.74818,0.03495,-0.038952
0.6614,0.7482,0.03486,-0.039066
0.6614,0.7482,0.034822,-0.039114
0.66142,0.74819,0.034879,-0.039066
0.66144,0.74817,0.035004,-0.038971
0.66147,0.74813,0.035155,-0.038865
0.66153,0.74809,0.035315,-0.038766
0.66157,0.74804,0.035475,-0.03869
0.66159,0.74802,0.035619,-0.038652
0.66158,0.74803,0.035727,-0.038663
0.66156,0.74804,0.035795,-0.038709
0.66154,0.74805,0.035823,-0.038764
0.66154,0.74804,0.035823,-0.038827
0.66156,0.74802,0.035822,-0.038872
0.66158,0.74801,0.035842,-0.038879
0.66156,0.74802,0.03592,-0.038848
0.66154,0.74804,0.036064,-0.038811
0.66152,0.74805,0.036222,-0.038799
0.66153,0.74803,0.036336,-0.038822
0.66158,0.74798,0.036404,-0.038862
0.66165,0.74791,0.036462,-0.038884
0.6617,0.74786,0.036547,-0.038875
0.66173,0.74784,0.036651,-0.038864
0.66173,0.74783,0.036752,-0.038859
0.66172,0.74784,0.036828,-0.038852
0.66171,0.74784,0.036884,-0.038841
0.66171,0.74784,0.036937,-0.038821
0.66172,0.74784,0.036981,-0.038798
0.66174,0.74782,0.036981,-0.038821
0.66175,0.74781,0.036925,-0.038918
0.66172,0.74782,0.036821,-0.039069
0.66167,0.74786,0.036683,-0.039231
0.66161,0.74792,0.036547,-0.039361
0.66154,0.74798,0.036447,-0.039464
0.66149,0.74803,0.03641,-0.039545
0.66147,0.74804,0.036426,-0.039635
0.66149,0.74801,0.036467,-0.039761
0.66152,0.74798,0.036501,-0.039925
0.66154,0.74794,0.036526,-0.040105
0.66156,0.74792,0.036548,-0.040267
0.66156,0.74791,0.03657,-0.040357
0.66155,0.74792,0.036582,-0.04038
0.66152,0.74794,0.036594,-0.040377
0.66149,0.74797,0.036608,-0.040366
0.66146,0.74799,0.036631,-0.040373
0.66143,0.74802,0.036666,-0.040425
0.66139,0.74805,0.036686,-0.040483
0.66136,0.74807,0.036702,-0.04053
0.66135,0.74808,0.036713,-0.040547
0.66135,0.74808,0.036722,-0.04053
0.66136,0.74807,0.036755,-0.040479
0.66138,0.74805,0.03681,-0.040432
0.6614,0.74803,0.036885,-0.040417
0.66141,0.74802,0.036969,-0.04043
0.66141,0.74802,0.03704,-0.040445
0.6614,0.74802,0.037095,-0.040461
0.66139,0.74803,0.037133,-0.040498
0.66137,0.74804,0.037147,-0.040535
0.66136,0.74805,0.037156,-0.040575
0.66135,0.74805,0.037159,-0.040609
0.66134,0.74806,0.037163,-0.040637
0.66132,0.74807,0.037178,-0.040655
0.6613,0.74809,0.037201,-0.040665
0.66128,0.74811,0.037195,-0.040706
0.66126,0.74813,0.037155,-0.040789
0.66123,0.74815,0.037132,-0.040868
0.66123,0.74814,0.037137,-0.040922
0.66126,0.74812,0.037126,-0.04096
0.66129,0.74809,0.037112,-0.040969
0.66132,0.74807,0.037128,-0.040927
0.66133,0.74806,0.037151,-0.04089
0.66133,0.74806,0.037157,-0.04091
0.66132,0.74806,0.037127,-0.040995
0.66131,0.74807,0.037052,-0.041133
0.6613,0.74807,0.036965,-0.041292
0.66131,0.74806,0.036902,-0.041416
0.66137,0.74801,0.036869,-0.041449
0.66146,0.74793,0.036894,-0.041382
0.66154,0.74787,0.037013,-0.041201
0.66159,0.74782,0.037218,-0.040945
0.66161,0.7478,0.037448,-0.040691
0.6616,0.74781,0.037648,-0.040506
0.66159,0.74782,0.03781,-0.040422
0.66159,0.74781,0.03795,-0.040406
0.66163,0.74777,0.038048,-0.040433
0.66168,0.74772,0.038096,-0.040477
0.66172,0.74769,0.03811,-0.040515
0.66171,0.74769,0.038129,-0.040543
0.66169,0.74771,0.038167,-0.040587
0.66164,0.74774,0.038167,-0.040648
0.6616,0.74778,0.038101,-0.040717
0.66156,0.74782,0.038004,-0.040784
0.66152,0.74786,0.037936,-0.040834
0.66145,0.74791,0.037931,-0.040877
0.66138,0.74797,0.037982,-0.040927
0.6613,0.74804,0.038033,-0.040958
0.66124,0.74809,0.038067,-0.040966
0.66121,0.74811,0.038085,-0.040952
0.66123,0.7481,0.0381,-0.040919
0.66128,0.74806,0.038133,-0.040879
0.66134,0.748,0.038178,-0.040839
0.66138,0.74797,0.038213,-0.040811
0.66139,0.74796,0.038213,-0.040812
0.66135,0.74799,0.038153,-0.04085
0.66127,0.74806,0.03805,-0.040923
0.66118,0.74814,0.037913,-0.041037
0.66108,0.74824,0.037739,-0.041169
0.66098,0.74833,0.037551,-0.041297
0.66091,0.74839,0.037388,-0.041398
0.66087,0.74843,0.037271,-0.041454
0.66087,0.74843,0.037207,-0.041488
0.66089,0.74841,0.0372,-0.041527
0.66091,0.74839,0.037244,-0.041567
0.6609,0.74839,0.037373,-0.041581
0.66086,0.74841,0.03754,-0.041557
0.66083,0.74844,0.037689,-0.04152
0.66081,0.74845,0.037801,-0.041489
0.66082,0.74844,0.037884,-0.041458
0.66086,0.74841,0.037966,-0.041426
0.66089,0.74837,0.038034,-0.041421
0.6609,0.74836,0.038057,-0.041444
0.66089,0.74837,0.038023,-0.041503
0.66083,0.74842,0.037941,-0.041597
0.66074,0.7485,0.037827,-0.041704
0.66065,0.74858,0.03771,-0.041818
0.66059,0.74863,0.037598,-0.04193
0.66058,0.74864,0.037494,-0.042032
0.6606,0.74862,0.037395,-0.042133
0.66063,0.7486,0.037319,-0.042247
0.66066,0.74857,0.037279,-0.042342
0.66068,0.74855,0.037246,-0.042401
0.66069,0.74854,0.037232,-0.042415
0.6607,0.74853,0.037238,-0.042385
0.66072,0.74851,0.03725,-0.042326
0.66074,0.7485,0.037241,-0.042272
0.66075,0.74849,0.037213,-0.042234
0.66075,0.7485,0.03717,-0.042232
0.66073,0.74851,0.037101,-0.042315
0.66072,0.74852,0.036991,-0.042461
0.66071,0.74852,0.036894,-0.042605
0.66072,0.74851,0.036832,-0.042697
0.66074,0.74849,0.036794,-0.042731
0.66079,0.74845,0.036778,-0.042736
0.66084,0.74841,0.036795,-0.042712
0.66087,0.74838,0.036849,-0.042661
0.66089,0.74837,0.036921,-0.042584
0.66089,0.74837,0.037001,-0.042487
0.66089,0.74836,0.037086,-0.042361
0.66093,0.74833,0.037187,-0.04225
0.66098,0.74829,0.037282,-0.042185
0.66103,0.74824,0.037364,-0.042164
0.66104,0.74823,0.037437,-0.042177
0.66102,0.74824,0.037496,-0.042199
0.661,0.74826,0.037517,-0.042245
0.66101,0.74825,0.037503,-0.042328
0.66103,0.74822,0.037497,-0.042401
0.66107,0.74819,0.037522,-0.042425
0.66109,0.74816,0.037565,-0.042433
0.6611,0.74815,0.037598,-0.042503
0.66111,0.74813,0.037577,-0.04264
0.66111,0.74813,0.037513,-0.042765
0.66109,0.74815,0.037436,-0.042802
0.66105,0.74819,0.037436,-0.042735
0.661,0.74823,0.037534,-0.042637
0.66098,0.74824,0.03769,-0.042576
0.661,0.74822,0.037848,-0.042566
0.66104,0.74818,0.03799,-0.042564
0.66111,0.74812,0.038115,-0.042536
0.66117,0.74806,0.038232,-0.04245
0.66122,0.74802,0.038342,-0.042317
0.66125,0.74799,0.038433,-0.042209
0.66126,0.74798,0.038495,-0.042146
0.66122,0.74802,0.038509,-0.042163
0.66115,0.74807,0.038473,-0.042242
0.66109,0.74813,0.03838,-0.042367
0.66103,0.74817,0.038245,-0.042514
0.661,0.7482,0.038113,-0.042643
0.661,0.7482,0.038018,-0.042732
0.66101,0.74819,0.037975,-0.042807
0.66103,0.74817,0.037968,-0.042898
0.66106,0.74814,0.037973,-0.043006
0.66107,0.74812,0.037977,-0.043102
0.66106,0.74813,0.037976,-0.043158
0.66104,0.74815,0.037975,-0.043173
0.66102,0.74816,0.037983,-0.043163
0.66102,0.74817,0.038005,-0.043127
0.66102,0.74816,0.038035,-0.043078
0.66101,0.74817,0.038067,-0.043034
0.66099,0.74819,0.038068,-0.043008
0.66099,0.7482,0.038035,-0.043017
0.66099,0.7482,0.037991,-0.043031
0.661,0.74819,0.03796,-0.043027
0.66101,0.74818,0.037954,-0.043016
0.66103,0.74817,0.037976,-0.043012
0.66104,0.74815,0.037996,-0.043022
0.66104,0.74815,0.038002,-0.043035
0.66104,0.74815,0.037986,-0.043029
0.66104,0.74816,0.03795,-0.043006
0.66104,0.74816,0.037941,-0.042986
0.66103,0.74816,0.037953,-0.042976
0.66102,0.74818,0.037979,-0.043
0.66101,0.74818,0.037992,-0.043061
0.66101,0.74817,0.037981,-0.043144
0.66102,0.74816,0.037941,-0.043202
0.66104,0.74814,0.03789,-0.043228
0.66107,0.74812,0.037839,-0.043219
0.66109,0.74811,0.037811,-0.043201
0.6611,0.7481,0.0378,-0.043212
0.66112,0.74808,0.037764,-0.043291
0.66114,0.74806,0.037692,-0.043424
0.66113,0.74806,0.037619,-0.043546
0.6611,0.74808,0.037573,-0.043621
0.66108,0.74811,0.03757,-0.043644
0.66106,0.74812,0.037589,-0.043649
0.66108,0.7481,0.037629,-0.043645
0.66113,0.74805,0.037692,-0.04362
0.66119,0.748,0.037742,-0.043585
0.66124,0.74796,0.037785,-0.043552
0.66126,0.74794,0.037832,-0.043509
0.66125,0.74795,0.037872,-0.043463
0.66122,0.74797,0.037908,-0.043421
0.66119,0.748,0.037953,-0.043364
0.66117,0.74802,0.038023,-0.043313
0.66118,0.748,0.038093,-0.043305
0.66121,0.74797,0.038146,-0.043355
0.66126,0.74793,0.038169,-0.043447
0.66131,0.74788,0.03816,-0.043502
0.66133,0.74786,0.03815,-0.043508
0.66132,0.74787,0.038195,-0.04348
0.66129,0.74789,0.038299,-0.043434
0.66127,0.7479,0.038415,-0.043369
0.66127,0.74791,0.038495,-0.043307
0.66126,0.74791,0.038557,-0.043294
0.66125,0.74791,0.038642,-0.043333
0.66123,0.74792,0.038724,-0.043415
0.66122,0.74793,0.038774,-0.043516
0.66124,0.7479,0.038781,-0.043589
0.6613,0.74785,0.038767,-0.043602
0.66137,0.74779,0.038777,-0.043546
0.66144,0.74774,0.038829,-0.043445
0.66149,0.74769,0.038925,-0.043326
0.66153,0.74766,0.039093,-0.043134
0.66153,0.74767,0.039338,-0.042767
0.66146,0.74775,0.03957,-0.042251
0.66125,0.74795,0.039639,-0.041762
0.66093,0.74826,0.039516,-0.0414
0.66061,0.74857,0.039251,-0.041211
0.66029,0.74887,0.038936,-0.041127
0.65985,0.74928,0.03861,-0.041049
0.65951,0.74961,0.038302,-0.040809
0.65959,0.74958,0.038003,-0.040286
0.65996,0.74932,0.037633,-0.039481
0.66037,0.74903,0.037118,-0.038595
0.66088,0.74864,0.036533,-0.037932
0.66154,0.7481,0.035961,-0.037666
0.66218,0.74755,0.035479,-0.037709
0.66279,0.74703,0.035231,-0.037725
0.66349,0.7464,0.035456,-0.03753
0.6642,0.74577,0.035944,-0.03705
0.6647,0.74535,0.036603,-0.035986
0.66528,0.74485,0.037247,-0.034868
0.66612,0.7441,0.037696,-0.034241
0.66716,0.74316,0.037956,-0.034292
0.6682,0.74219,0.038269,-0.034534
0.66918,0.74128,0.038743,-0.034624
0.67006,0.74046,0.039442,-0.034362
0.67091,0.73968,0.040517,-0.033496
0.67178,0.73887,0.041776,-0.032225
0.67257,0.73814,0.043162,-0.030721
0.67333,0.73741,0.044635,-0.029268
0.67414,0.73663,0.046075,-0.028008
0.67501,0.73579,0.047518,-0.026773
0.67587,0.73494,0.04906,-0.025465
0.67676,0.73405,0.050909,-0.023947
0.67774,0.73306,0.053024,-0.022145
0.67871,0.73205,0.055257,-0.020147
0.6796,0.7311,0.057522,-0.018028
0.68045,0.73019,0.059732,-0.015891
0.68127,0.72928,0.061844,-0.013826
0.68215,0.72832,0.06386,-0.011859
0.68307,0.72732,0.065772,-0.010074
0.68407,0.72622,0.067701,-0.0083088
0.68517,0.72502,0.069658,-0.0064875
0.68635,0.72372,0.071645,-0.0047556
0.68768,0.72226,0.073694,-0.0030085
0.68909,0.72069,0.075864,-0.0010824
0.69045,0.71913,0.078231,0.0010618
0.69176,0.71759,0.080773,0.0033516
0.69303,0.71604,0.08339,0.0056332
0.69427,0.71451,0.086004,0.0076965
0.69555,0.71295,0.088471,0.0094685
0.69692,0.7113,0.09074,0.010923
0.6985,0.70946,0.092819,0.012064
0.7002,0.7075,0.094812,0.013149
0.70198,0.70544,0.096816,0.014249
0.70386,0.70326,0.098866,0.015374
0.70582,0.70097,0.10092,0.016558
0.70784,0.69861,0.10294,0.017779
0.70986,0.69622,0.10494,0.01897
0.71192,0.69378,0.10694,0.020002
0.71407,0.69123,0.10894,0.020847
0.71633,0.68853,0.11098,0.021688
0.71876,0.68562,0.11314,0.022639
0.72145,0.68235,0.11551,0.023723
0.7243,0.67885,0.11802,0.024859
0.72727,0.67516,0.12067,0.025969
0.73024,0.67141,0.12343,0.027056
0.73316,0.66763,0.12632,0.028177
0.73598,0.66386,0.12944,0.029392
0.73871,0.6601,0.13282,0.030734
0.74144,0.65618,0.13654,0.032307
0.74428,0.65201,0.14059,0.034147
0.74716,0.6476,0.14509,0.03621
0.75006,0.64299,0.15002,0.038348
0.753,0.63821,0.15509,0.040359
0.75603,0.63328,0.15999,0.042089
0.75915,0.62822,0.16468,0.043588
0.76231,0.62305,0.16932,0.044981
0.76545,0.61778,0.17402,0.046312
0.76858,0.61238,0.17892,0.047595
0.77169,0.60683,0.18403,0.048832
0.77482,0.60111,0.1893,0.04996
0.778,0.59527,0.19442,0.050697
0.78131,0.58936,0.19903,0.050969
0.78474,0.58343,0.20298,0.050891
0.7882,0.57756,0.20643,0.050539
0.79167,0.57174,0.20947,0.049881
0.79514,0.56586,0.21246,0.04917
0.79849,0.55985,0.21591,0.04868
0.80167,0.5537,0.22001,0.048437
0.80468,0.54739,0.22473,0.048359
0.80752,0.541,0.22997,0.048399
0.81021,0.53454,0.23553,0.048547
0.81271,0.52803,0.24145,0.048857
0.81495,0.52149,0.24794,0.049373
0.81691,0.5148,0.25519,0.050172
0.81851,0.50791,0.26349,0.051317
0.8199,0.50066,0.2727,0.052405
0.82135,0.49301,0.28195,0.053135
0.82295,0.48513,0.29075,0.053605
0.82449,0.47715,0.29935,0.054199
0.82574,0.46917,0.3082,0.055149
0.82646,0.4612,0.3179,0.056561
0.8268,0.45315,0.32817,0.05798
0.8272,0.4451,0.33791,0.058678
0.82809,0.43714,0.34607,0.058458
0.82935,0.42927,0.35294,0.057773
0.83084,0.42172,0.35868,0.056644
0.83216,0.41448,0.36422,0.055276
0.83303,0.40738,0.37037,0.054038
0.83338,0.40047,0.37721,0.053058
0.83351,0.39369,0.38411,0.052292
0.83356,0.38704,0.39079,0.051642
0.83348,0.38066,0.39722,0.051185
0.83311,0.3746,0.40372,0.051089
0.83225,0.36883,0.41071,0.051488
0.83056,0.36334,0.41881,0.052426
0.82802,0.358,0.42818,0.053704
0.82477,0.35271,0.43853,0.05509
0.82126,0.34748,0.44903,0.056298
0.81783,0.34239,0.45897,0.057256
0.81465,0.33749,0.46807,0.05799
0.81174,0.33284,0.4763,0.058643
0.80908,0.32861,0.48361,0.059353
0.80648,0.32494,0.49028,0.060307
0.80367,0.32178,0.49676,0.06162
0.80047,0.31903,0.50346,0.063287
0.7967,0.31656,0.51069,0.065151
0.79244,0.31422,0.51847,0.067094
0.7882,0.31185,0.52605,0.068953
0.78489,0.30959,0.53211,0.070486
0.78256,0.30768,0.53646,0.07171
0.78083,0.30611,0.53977,0.072497
0.7793,0.30472,0.54271,0.072806
0.77785,0.30347,0.54549,0.072735
0.77648,0.30242,0.54807,0.072465
0.77544,0.30166,0.55,0.072016
0.7752,0.30122,0.55067,0.071425
0.77571,0.30109,0.55009,0.07081
0.7768,0.30128,0.54852,0.070256
0.77798,0.30171,0.54667,0.069765
0.77881,0.30221,0.54528,0.069249
0.77926,0.30255,0.5445,0.068803
0.77955,0.30274,0.54401,0.068527
0.7798,0.30282,0.54365,0.06834
0.78012,0.30282,0.54321,0.068106
0.78057,0.30275,0.54263,0.067837
0.78094,0.30271,0.54215,0.067619
0.78102,0.30279,0.542,0.067456
0.78082,0.303,0.54219,0.067335
0.78043,0.30329,0.54261,0.067242
0.77999,0.30357,0.5431,0.067131
0.77967,0.30373,0.54348,0.067008
0.77964,0.30375,0.54353,0.06691
0.77977,0.30372,0.54337,0.066855
0.77992,0.30371,0.54314,0.066959
0.77993,0.30378,0.54306,0.067189
0.7798,0.30392,0.54313,0.067426
0.77969,0.3041,0.54318,0.067615
0.77969,0.3042,0.5431,0.067765
0.77985,0.30415,0.54287,0.067911
0.78016,0.30393,0.54253,0.068088
0.78049,0.30362,0.5422,0.068342
0.78065,0.30333,0.54209,0.068735
0.78041,0.30308,0.54249,0.069246
0.77991,0.30289,0.54326,0.069779
0.77953,0.30289,0.54375,0.070123
0.77962,0.30313,0.54348,0.070222
0.78018,0.30344,0.54252,0.070142
0.78101,0.30365,0.54124,0.069933
0.78184,0.3037,0.54004,0.069659
0.78243,0.30364,0.53925,0.069456
0.78258,0.30356,0.53908,0.069428
0.78245,0.30356,0.53924,0.069564
0.78229,0.30367,0.53938,0.069782
0.78223,0.30387,0.53933,0.069984
0.78233,0.30405,0.53907,0.070133
0.78256,0.30409,0.5387,0.070219
0.78278,0.304,0.53844,0.070227
0.78283,0.30382,0.53846,0.070147
0.78264,0.30355,0.53891,0.070073
0.78226,0.30324,0.53963,0.070035
0.78193,0.30299,0.54026,0.069993
0.78178,0.30288,0.54055,0.069989
0.78182,0.30291,0.54046,0.070005
0.78201,0.30305,0.54012,0.070011
0.78224,0.30319,0.5397,0.070001
0.7824,0.30328,0.53943,0.069942
0.78237,0.30328,0.53949,0.069841
0.78213,0.30315,0.53992,0.069744
0.78183,0.303,0.54044,0.069644
0.78169,0.3029,0.54072,0.069541
0.7818,0.30285,0.5406,0.069445
0.7821,0.30285,0.54018,0.069381
0.78245,0.30288,0.53965,0.069378
0.78271,0.30296,0.53922,0.069407
0.78278,0.30304,0.53907,0.06945
0.78269,0.30308,0.53918,0.069514
0.78252,0.30308,0.5394,0.069584
0.7824,0.30306,0.53958,0.069648
0.78238,0.303,0.53964,0.06973
0.78247,0.3029,0.53955,0.069868
0.78258,0.30281,0.53941,0.070046
0.78266,0.30277,0.53929,0.070236
0.78261,0.30274,0.53936,0.070411
0.78241,0.30269,0.53965,0.070584
0.78215,0.3026,0.54006,0.070774
0.78191,0.3025,0.54044,0.070962
0.78175,0.3024,0.54071,0.071121
0.78171,0.30225,0.54082,0.071292
0.78175,0.30206,0.54084,0.071508
0.78181,0.30184,0.54085,0.071738
0.78184,0.30162,0.5409,0.071943
0.78181,0.30143,0.54103,0.072123
0.78168,0.30127,0.54128,0.072306
0.7815,0.30115,0.54159,0.072504
0.78128,0.30107,0.54192,0.072705
0.78109,0.30097,0.54222,0.07287
0.78098,0.30084,0.54244,0.072975
0.78097,0.30069,0.54252,0.073024
0.78103,0.30057,0.54251,0.073045
0.78109,0.30048,0.54246,0.073048
0.78113,0.30042,0.54244,0.073043
0.78111,0.30039,0.54249,0.07305
0.78101,0.30039,0.54263,0.073078
0.78082,0.30039,0.5429,0.073122
0.78059,0.30035,0.54325,0.073185
0.78044,0.30028,0.5435,0.073227
0.78042,0.30019,0.54356,0.073236
0.78056,0.30012,0.54341,0.073218
0.7808,0.30009,0.54308,0.073205
0.78106,0.30008,0.54272,0.073186
0.78123,0.30007,0.54248,0.073173
0.78126,0.30006,0.54243,0.073193
0.7812,0.30004,0.54252,0.073236
0.78111,0.3,0.54267,0.073281
0.78104,0.29991,0.54283,0.073313
0.78098,0.29978,0.54297,0.073331
0.78095,0.29965,0.54308,0.073365
0.78091,0.29954,0.5432,0.073422
0.78083,0.29946,0.54335,0.073472
0.78068,0.29937,0.54362,0.073509
0.78048,0.29927,0.54394,0.07358
0.78031,0.29916,0.54423,0.073674
0.78022,0.29901,0.54444,0.073745
0.7802,0.29884,0.54455,0.073799
0.78022,0.29869,0.5446,0.073842
0.78028,0.29856,0.54458,0.073898
0.78033,0.29843,0.54457,0.073988
0.78029,0.29828,0.54469,0.074047
0.78019,0.29809,0.54493,0.074105
0.78002,0.29787,0.54529,0.074154
0.77987,0.29764,0.54564,0.074141
0.77978,0.29743,0.54589,0.074052
0.77979,0.29731,0.54595,0.073921
0.77992,0.2973,0.5458,0.073787
0.78014,0.29737,0.54546,0.073695
0.78033,0.29744,0.54515,0.07369
0.78038,0.29744,0.54506,0.073732
0.78025,0.29734,0.54529,0.073819
0.77994,0.29718,0.54581,0.07395
0.77949,0.29698,0.54655,0.074063
0.77903,0.2968,0.54729,0.074116
0.77875,0.29669,0.54775,0.074136
0.77869,0.29666,0.54785,0.074122
0.77883,0.29668,0.54764,0.074104
0.77902,0.29671,0.54735,0.074108
0.77916,0.29672,0.54714,0.074114
0.77916,0.2967,0.54716,0.074104
0.77904,0.29663,0.54738,0.07411
0.77886,0.29654,0.54767,0.074127
0.7787,0.2965,0.54792,0.074137
0.77859,0.29653,0.54806,0.074144
0.77857,0.29661,0.54805,0.074141
0.77861,0.29668,0.54796,0.074121
0.77859,0.29673,0.54795,0.074132
0.77846,0.29678,0.5481,0.074196
0.77822,0.29683,0.5484,0.074296
0.7779,0.29686,0.54882,0.074394
0.77756,0.29686,0.54929,0.074458
0.7773,0.29687,0.54966,0.074474
0.77719,0.29689,0.5498,0.074501
0.77719,0.29696,0.54976,0.074552
0.77724,0.2971,0.5496,0.074617
0.77726,0.29727,0.54947,0.07469
0.77721,0.29737,0.54947,0.074762
0.77711,0.29737,0.54961,0.074846
0.77696,0.29728,0.54985,0.074946
0.77677,0.29716,0.55018,0.075024
0.77653,0.29709,0.55056,0.075008
0.77625,0.2971,0.55096,0.074899
0.77602,0.29712,0.55128,0.074771
0.77587,0.29714,0.5515,0.07463
0.77589,0.29719,0.55148,0.074484
0.77604,0.29727,0.55124,0.074351
0.77622,0.29736,0.55095,0.074247
0.77632,0.29745,0.55076,0.074206
0.77626,0.29753,0.5508,0.074234
0.77607,0.29762,0.55102,0.074282
0.7758,0.29772,0.55133,0.074304
0.7756,0.2978,0.55158,0.074301
0.77555,0.29784,0.55164,0.074248
0.77567,0.29787,0.55146,0.074142
0.77594,0.29788,0.5511,0.074007
0.77622,0.29794,0.55069,0.073818
0.7764,0.29809,0.5504,0.073578
0.77646,0.29832,0.55021,0.073367
0.77638,0.29857,0.5502,0.073294
0.77615,0.29877,0.55041,0.073322
0.77585,0.29887,0.55077,0.073397
0.77554,0.29886,0.5512,0.07345
0.77523,0.29887,0.55163,0.073491
0.77495,0.299,0.55195,0.073539
0.77471,0.29925,0.55214,0.073576
0.77453,0.2996,0.5522,0.073563
0.77441,0.29996,0.55217,0.073612
0.77421,0.30021,0.5523,0.07372
0.77396,0.30027,0.55261,0.073741
0.77393,0.30025,0.55268,0.07368
0.77416,0.30032,0.55232,0.073644
0.77462,0.30062,0.55152,0.073622
0.77528,0.30111,0.55032,0.073557
0.77604,0.30174,0.54893,0.073405
0.77683,0.30237,0.5475,0.073219
0.77754,0.30296,0.54618,0.073086
0.77813,0.30351,0.54504,0.073042
0.77861,0.30406,0.54403,0.073111
0.77902,0.30467,0.54307,0.07336
0.77935,0.30538,0.54213,0.073889
0.77961,0.30614,0.54121,0.074691
0.77985,0.30675,0.54035,0.075904
0.78013,0.30704,0.53956,0.077452
0.78048,0.30698,0.53881,0.079352
0.78093,0.30653,0.53806,0.081691
0.78137,0.30582,0.53741,0.084409
0.78179,0.30494,0.53682,0.087415
0.78219,0.304,0.53623,0.090705
0.78266,0.30312,0.53544,0.094152
0.78336,0.30227,0.53428,0.097615
0.78429,0.3014,0.53276,0.10101
0.78523,0.30079,0.53116,0.104
0.78604,0.30103,0.52947,0.10575
0.78707,0.30222,0.52716,0.10622
0.78882,0.30423,0.52343,0.10594
0.79152,0.30696,0.51785,0.10535
0.79486,0.31022,0.51088,0.10469
0.79851,0.31395,0.50296,0.10419
0.80193,0.31783,0.49503,0.10411
0.8048,0.32129,0.48803,0.10443
0.807,0.32381,0.48254,0.10514
0.80853,0.32507,0.47887,0.10631
0.80942,0.32532,0.47685,0.1078
0.80962,0.32545,0.4761,0.10923
0.80922,0.32645,0.4758,0.11049
0.80853,0.3285,0.47525,0.11185
0.80773,0.33146,0.47422,0.11325
0.80691,0.33502,0.4728,0.11451
0.80612,0.33888,0.47117,0.11544
0.80539,0.34222,0.46989,0.11589
0.8047,0.34448,0.46943,0.11588
0.80395,0.34582,0.46988,0.11532
0.80304,0.34703,0.47081,0.11417
0.8021,0.34892,0.47133,0.11282
0.80136,0.35193,0.47058,0.11187
0.80086,0.35617,0.46842,0.11115
0.80047,0.36132,0.46533,0.1103
0.80004,0.36705,0.46183,0.10916
0.79943,0.37291,0.45854,0.10763
0.79851,0.37826,0.45618,0.10583
0.79722,0.38254,0.45529,0.10399
0.79552,0.38545,0.45614,0.10256
0.79349,0.38761,0.45802,0.10171
0.79114,0.38963,0.46044,0.10142
0.78836,0.39201,0.46313,0.10164
0.78499,0.39532,0.46595,0.10198
0.78122,0.39947,0.46872,0.1021
0.7771,0.40449,0.47129,0.10188
0.77291,0.40988,0.47363,0.10143
0.76879,0.41521,0.47584,0.10068
0.76483,0.42016,0.47807,0.09972
0.76115,0.42445,0.48034,0.098788
0.7578,0.42811,0.48253,0.098114
0.75468,0.43153,0.48447,0.097601
0.7519,0.43514,0.4857,0.09692
0.74944,0.43936,0.48591,0.095901
0.74723,0.44431,0.48509,0.094492
0.7452,0.44971,0.48358,0.092724
0.74331,0.45512,0.48181,0.090645
0.74148,0.46032,0.4801,0.088419
0.73966,0.46518,0.47863,0.086162
0.73784,0.46975,0.47737,0.084005
0.7361,0.47407,0.47614,0.081941
0.73455,0.47832,0.47463,0.079842
0.73306,0.48278,0.47276,0.077804
0.73139,0.48757,0.47069,0.076054
0.72925,0.49252,0.46904,0.07498
0.72656,0.4971,0.4684,0.074858
0.72363,0.50092,0.46876,0.07544
0.72078,0.50397,0.46975,0.076336
0.71824,0.50631,0.47096,0.077287
0.71619,0.50826,0.47188,0.077946
0.71462,0.51044,0.47188,0.078022
0.71311,0.51336,0.47105,0.077759
0.71128,0.51718,0.46969,0.077412
0.70903,0.52157,0.46827,0.077191
0.70639,0.52613,0.46715,0.077198
0.70359,0.53039,0.46654,0.077441
0.70086,0.53393,0.46651,0.077943
0.6984,0.53668,0.46695,0.078578
0.69626,0.53874,0.46765,0.079238
0.69455,0.54034,0.46828,0.079746
0.69314,0.54201,0.46839,0.079891
0.69183,0.5443,0.46774,0.079511
0.6904,0.54735,0.46645,0.078577
0.68873,0.55098,0.46488,0.077159
0.68678,0.55497,0.46332,0.075309
0.68467,0.55902,0.46191,0.073188
0.68251,0.563,0.46062,0.070966
0.68037,0.56666,0.4596,0.068933
0.67834,0.56972,0.45905,0.067453
0.67658,0.57194,0.45904,0.066393
0.67514,0.57337,0.45955,0.065242
0.67378,0.57462,0.46022,0.063489
0.67227,0.57633,0.46065,0.060931
0.67044,0.57883,0.4606,0.057561
0.66843,0.58173,0.46031,0.053823
0.66635,0.58481,0.45987,0.049922
0.66449,0.58766,0.45935,0.045984
0.66305,0.59007,0.45872,0.041952
0.66202,0.59207,0.458,0.037853
0.661,0.59397,0.45731,0.0339
0.65968,0.59595,0.45688,0.030381
0.65807,0.59803,0.45668,0.027255
0.65632,0.60016,0.45657,0.02436
0.65451,0.60236,0.45641,0.02155
0.65257,0.60463,0.45631,0.01895
0.65048,0.60687,0.45641,0.016672
0.64824,0.60893,0.4569,0.014977
0.64593,0.61068,0.45788,0.013833
0.64347,0.61204,0.45954,0.013172
0.64085,0.61291,0.46205,0.012939
0.63814,0.61337,0.46517,0.013037
0.63543,0.6135,0.46869,0.013357
0.63276,0.61355,0.47221,0.013508
0.63026,0.6138,0.47522,0.013149
0.62797,0.61441,0.4775,0.01214
0.62581,0.61536,0.47914,0.010601
0.62374,0.61662,0.48027,0.008667
0.62165,0.61798,0.48125,0.0067912
0.61945,0.61929,0.48242,0.0052621
0.61725,0.62044,0.48378,0.0039368
0.61536,0.6213,0.48509,0.0024988
0.61391,0.62196,0.4861,0.00078507
0.61278,0.62256,0.48674,-0.0011532
0.61171,0.62325,0.48719,-0.0030628
0.61058,0.62404,0.48759,-0.0047836
0.60949,0.62485,0.4879,-0.0063035
0.60856,0.62561,0.48806,-0.0076557
0.60775,0.6263,0.48818,-0.0087692
0.60687,0.62692,0.48845,-0.0096043
0.60591,0.62749,0.48891,-0.010223
0.60495,0.62798,0.48945,-0.010602
0.60399,0.6285,0.48997,-0.010566
0.60308,0.62908,0.49036,-0.010094
0.6024,0.62959,0.49056,-0.0095294
0.60202,0.62991,0.49061,-0.009129
0.60192,0.63001,0.49062,-0.008939
0.60199,0.62997,0.49059,-0.0088731
0.60229,0.62982,0.49039,-0.0089734
0.60271,0.62966,0.49008,-0.0091346
0.60314,0.62944,0.48983,-0.0093402
0.60373,0.62899,0.48968,-0.0096438
0.60459,0.62815,0.48969,-0.0099811
0.60535,0.6271,0.49011,-0.0099643
0.60565,0.62596,0.4912,-0.0092108
0.60558,0.62482,0.49276,-0.0079291
0.60537,0.62366,0.49451,-0.0064357
0.60526,0.62245,0.49617,-0.0050429
0.60525,0.62122,0.49774,-0.0037589
0.60522,0.62001,0.49928,-0.0024598
0.60498,0.61888,0.50099,-0.00092403
0.60443,0.61782,0.50296,0.00095182
0.60371,0.61678,0.50508,0.0031241
0.60305,0.61571,0.50715,0.0054589
0.60262,0.61462,0.50895,0.0078392
0.60243,0.61367,0.51028,0.0099489
0.60237,0.61294,0.51119,0.011608
0.60222,0.61247,0.5119,0.012904
0.60186,0.61218,0.51265,0.014083
0.60135,0.61195,0.51348,0.015297
0.6008,0.61175,0.51432,0.016646
0.60031,0.61158,0.51503,0.018212
0.59999,0.61143,0.51553,0.019868
0.59987,0.61127,0.5158,0.021381
0.59989,0.61108,0.51596,0.022628
0.59993,0.61085,0.51613,0.023509
0.59985,0.61063,0.51646,0.024114
0.59947,0.61045,0.51709,0.024582
0.59882,0.61036,0.51793,0.024872
0.59815,0.61036,0.51871,0.024833
0.59769,0.61047,0.51914,0.024249
0.59762,0.61067,0.51904,0.023024
0.59797,0.61094,0.5184,0.021251
0.59853,0.61123,0.51748,0.019234
0.59918,0.6115,0.51649,0.017214
0.59977,0.61171,0.51561,0.015364
0.60022,0.61185,0.51497,0.013825
0.60046,0.61197,0.51457,0.01266
0.60044,0.61218,0.51436,0.011787
0.60028,0.61249,0.51419,0.011043
0.60009,0.6129,0.51395,0.01035
0.59984,0.61341,0.51364,0.0097063
0.59953,0.61399,0.51332,0.0090939
0.59921,0.6146,0.51298,0.0083516
0.59917,0.61518,0.51235,0.0072146
0.59946,0.61574,0.51134,0.0058242
0.59992,0.61639,0.51004,0.0044963
0.60008,0.61726,0.5088,0.0035367
0.5998,0.61832,0.50784,0.0029195
0.59924,0.61947,0.50712,0.002453
0.59844,0.62068,0.50659,0.0020493
0.59742,0.62197,0.5062,0.0016157
0.59639,0.62325,0.50584,0.0010655
0.59547,0.62446,0.50544,0.00041631
0.59468,0.62559,0.50498,-0.00018272
0.59381,0.62669,0.50462,-0.00044633
0.59283,0.62783,0.50436,-0.00040763
0.59171,0.62902,0.5042,-0.00018006
0.59053,0.63021,0.50409,-6.4587e-05
0.58938,0.63136,0.504,-0.00012104
0.5883,0.63237,0.504,-0.00035849
0.58725,0.63326,0.5041,-0.00077508
0.58625,0.63403,0.5043,-0.0013956
0.58533,0.63471,0.50451,-0.0021642
0.58445,0.63534,0.50474,-0.0029598
0.58349,0.63589,0.50513,-0.0035738
0.58243,0.63635,0.50578,-0.0039398
0.58121,0.63673,0.5067,-0.0041019
0.57981,0.63705,0.5079,-0.0041605
0.57819,0.63732,0.50941,-0.0042704
0.57644,0.63754,0.51112,-0.004543
0.57455,0.63772,0.51301,-0.0050555
0.57251,0.6379,0.51505,-0.0057534
0.57027,0.63811,0.51727,-0.0066031
0.56789,0.63833,0.5196,-0.007556
0.56552,0.63855,0.5219,-0.0086077
0.56325,0.63875,0.52408,-0.0096772
0.56099,0.63895,0.52623,-0.010678
0.55858,0.63919,0.52848,-0.01153
0.55591,0.63948,0.53093,-0.01221
0.55287,0.63985,0.53363,-0.012911
0.5497,0.64029,0.53635,-0.013937
0.54657,0.64077,0.53893,-0.015363
0.5437,0.64125,0.5412,-0.017278
0.54123,0.64165,0.54312,-0.019623
0.53905,0.64189,0.54489,-0.022183
0.53697,0.64195,0.54676,-0.024716
0.53483,0.64192,0.54878,-0.027147
0.53246,0.64192,0.55096,-0.029496
0.52965,0.64209,0.55334,-0.031781
0.52637,0.64242,0.55595,-0.034026
0.52272,0.6428,0.5588,-0.036233
0.51928,0.64298,0.56165,-0.038483
0.51643,0.64294,0.56413,-0.041033
0.51482,0.64273,0.56555,-0.044758
0.51433,0.64274,0.56552,-0.050293
0.51408,0.64331,0.56446,-0.057109
0.51269,0.64467,0.56352,-0.063193
0.50917,0.64675,0.564,-0.066054
0.50336,0.64875,0.56726,-0.062997
0.49775,0.6492,0.57245,-0.055665
0.49503,0.6466,0.57846,-0.047227
0.49732,0.63974,0.58449,-0.042163
0.50248,0.6309,0.58956,-0.043606
0.50664,0.62375,0.59322,-0.048376
0.50854,0.61993,0.5949,-0.056219
0.51032,0.61705,0.59538,-0.065958
0.51389,0.61324,0.595,-0.076297
0.51932,0.60841,0.594,-0.085434
0.52379,0.6041,0.59338,-0.092757
0.52514,0.60104,0.5944,-0.098323
0.52457,0.598,0.59729,-0.10235
0.52428,0.59347,0.60117,-0.10733
0.52434,0.58829,0.6044,-0.11693
0.52326,0.58527,0.60569,-0.12958
0.5211,0.58574,0.60462,-0.1407
0.51986,0.58871,0.60111,-0.14777
0.52044,0.59259,0.59605,-0.1507
0.52275,0.59592,0.59109,-0.14908
0.52865,0.59678,0.58692,-0.14111
0.5386,0.59246,0.58525,-0.12796
0.5472,0.58176,0.59121,-0.11225
0.55006,0.57603,0.59755,-0.092518
0.55219,0.57627,0.59852,-0.069076
0.55129,0.57874,0.59929,-0.044715
0.54828,0.58176,0.60029,-0.02416
0.54693,0.58377,0.59996,-0.011042
0.54951,0.58401,0.59742,-0.0079876
0.55382,0.58398,0.59338,-0.011756
0.55729,0.58542,0.58856,-0.017613
0.55913,0.58864,0.58344,-0.021556
0.5567,0.59383,0.58059,-0.019268
0.5526,0.59856,0.57977,-0.015253
0.55073,0.60131,0.57873,-0.014002
0.5524,0.60208,0.57625,-0.017192
0.55686,0.60151,0.57228,-0.024376
0.56173,0.60216,0.56642,-0.032036
0.56632,0.60554,0.55772,-0.039361
0.57101,0.60945,0.54807,-0.046263
0.57455,0.61228,0.54074,-0.051031
0.57711,0.61397,0.53583,-0.053648
0.57953,0.61511,0.53169,-0.055569
0.58179,0.61589,0.52809,-0.057569
0.5838,0.61661,0.52474,-0.060264
0.58535,0.61739,0.52171,-0.06334
0.58609,0.61838,0.51934,-0.066232
0.58598,0.61964,0.51768,-0.068465
0.58504,0.62117,0.51673,-0.069751
0.58389,0.6227,0.51609,-0.070539
0.58288,0.62396,0.51561,-0.071227
0.58238,0.62471,0.51516,-0.071945
0.58263,0.62487,0.51458,-0.07263
0.5833,0.62481,0.5138,-0.073346
0.58441,0.62472,0.51251,-0.074368
0.58583,0.62484,0.51049,-0.075967
0.58762,0.62517,0.50772,-0.078056
0.58976,0.62547,0.50451,-0.080181
0.59213,0.62554,0.50136,-0.082004
0.5946,0.62507,0.49884,-0.083061
0.59694,0.62393,0.49748,-0.082982
0.59891,0.62233,0.49733,-0.08172
0.60041,0.62046,0.49822,-0.079418
0.60148,0.6186,0.49969,-0.076615
0.60207,0.61693,0.50146,-0.073748
0.60227,0.61556,0.50329,-0.071083
0.60224,0.6145,0.50496,-0.068683
0.60223,0.61358,0.50639,-0.066417
0.60239,0.61271,0.50753,-0.06429
0.60291,0.61183,0.50819,-0.06245
0.60395,0.61097,0.50816,-0.061101
0.60537,0.61023,0.50747,-0.060167
0.60695,0.60967,0.50634,-0.059453
0.6085,0.60922,0.50509,-0.058803
0.60993,0.60882,0.50394,-0.058054
0.61109,0.60842,0.50314,-0.056979
0.61181,0.608,0.50296,-0.055362
0.61202,0.6075,0.50353,-0.053209
0.61188,0.60692,0.50464,-0.05082
0.6115,0.60633,0.50605,-0.04837
0.61093,0.60578,0.50763,-0.046014
0.61031,0.60534,0.50907,-0.043986
0.60981,0.60503,0.51017,-0.042403
0.60946,0.60487,0.51087,-0.041247
0.60923,0.60479,0.51132,-0.040313
0.60911,0.60478,0.51152,-0.039589
0.60904,0.60483,0.5116,-0.038988
0.60894,0.60495,0.5116,-0.038493
0.60882,0.60517,0.51152,-0.038126
0.60864,0.60555,0.5113,-0.038012
0.60845,0.60602,0.51095,-0.038138
0.60828,0.60657,0.51048,-0.038486
0.60808,0.60711,0.51005,-0.038833
0.60781,0.6076,0.50978,-0.038988
0.60743,0.60798,0.50978,-0.038863
0.60695,0.60824,0.51008,-0.038477
0.60636,0.60833,0.51071,-0.037907
0.60571,0.60828,0.51158,-0.037309
0.60499,0.60819,0.51258,-0.036753
0.60421,0.60816,0.51357,-0.036318
0.60343,0.60824,0.51441,-0.036006
0.60272,0.60847,0.51499,-0.035795
0.60211,0.60878,0.51534,-0.035648
0.60174,0.60899,0.51554,-0.035447
0.60151,0.60904,0.51577,-0.03512
0.60133,0.6089,0.51619,-0.034591
0.60109,0.60862,0.51684,-0.033884
0.60077,0.60829,0.51766,-0.033022
0.60035,0.608,0.51854,-0.032081
0.5999,0.60781,0.51934,-0.03118
0.59948,0.60768,0.52003,-0.030418
0.59912,0.60758,0.52059,-0.029802
0.59888,0.60748,0.521,-0.029351
0.5988,0.60736,0.52125,-0.029067
0.59891,0.60719,0.52133,-0.028922
0.59915,0.60698,0.52131,-0.02881
0.59942,0.60675,0.52127,-0.028646
0.59966,0.6065,0.52132,-0.028302
0.59977,0.60621,0.52155,-0.027683
0.59979,0.60587,0.52197,-0.026863
0.59977,0.60545,0.52252,-0.026036
0.59976,0.60498,0.52311,-0.02534
0.59975,0.60455,0.52364,-0.024805
0.59977,0.60421,0.52403,-0.024473
0.59984,0.60398,0.52422,-0.024337
0.59998,0.60385,0.52421,-0.024356
0.60019,0.60371,0.52412,-0.024401
0.60048,0.6035,0.52404,-0.024352
0.60081,0.60317,0.52405,-0.024058
0.60111,0.60274,0.52423,-0.02344
0.60133,0.60224,0.5246,-0.022511
0.6014,0.60172,0.52516,-0.021311
0.60134,0.60121,0.52587,-0.019922
0.60109,0.60073,0.52677,-0.018344
0.60076,0.60025,0.52774,-0.016678
0.6004,0.59975,0.52876,-0.014983
0.60008,0.59918,0.52982,-0.013297
0.5999,0.59853,0.53081,-0.011621
0.59983,0.59783,0.5317,-0.0099693
0.59992,0.59708,0.53246,-0.0083568
0.60015,0.59634,0.53306,-0.0067954
0.60048,0.59563,0.5335,-0.0052678
0.60086,0.59499,0.5338,-0.0037142
0.60124,0.59441,0.53403,-0.0020759
0.60159,0.5938,0.53431,-0.0002914
0.60196,0.59305,0.53474,0.0016123
0.60233,0.59211,0.53534,0.0035948
0.60272,0.59098,0.53614,0.0055851
0.60309,0.58972,0.53708,0.0074827
0.60341,0.58841,0.53814,0.0092333
0.6036,0.58713,0.53928,0.01089
0.60369,0.5859,0.54049,0.01252
0.60369,0.5847,0.54173,0.014165
0.60369,0.58349,0.543,0.015859
0.6037,0.58222,0.5443,0.017609
0.60374,0.58086,0.54564,0.019417
0.60382,0.57935,0.54708,0.021272
0.60388,0.57773,0.54866,0.023181
0.60389,0.57595,0.55043,0.025146
0.60391,0.57397,0.55237,0.02715
0.60401,0.5718,0.55441,0.029169
0.60427,0.56942,0.55646,0.031163
0.60489,0.56677,0.55837,0.033104
0.60595,0.5639,0.56002,0.034949
0.60739,0.56085,0.56141,0.036705
0.60915,0.55764,0.56258,0.038418
0.6111,0.55429,0.56366,0.040107
0.61312,0.55085,0.56471,0.041835
0.61506,0.54738,0.56585,0.043601
0.61678,0.54392,0.56716,0.04534
0.61823,0.54061,0.56861,0.047005
0.6194,0.53752,0.57014,0.048592
0.62036,0.53463,0.57167,0.050194
0.62122,0.5319,0.57313,0.051888
0.62204,0.52931,0.57447,0.053644
0.62277,0.5269,0.57573,0.055372
0.62333,0.52473,0.57696,0.056849
0.62364,0.52292,0.57816,0.057869
0.62369,0.52158,0.57926,0.058427
0.62347,0.52086,0.58013,0.05868
0.62309,0.52068,0.58068,0.058793
0.62264,0.52125,0.58065,0.058858
0.62216,0.5222,0.58031,0.058871
0.62167,0.52324,0.57991,0.058764
0.62118,0.52422,0.57958,0.058418
0.62073,0.52514,0.57931,0.057644
0.62033,0.52612,0.57897,0.056394
0.62002,0.52731,0.57841,0.054445
0.61987,0.52868,0.57754,0.052042
0.61986,0.53024,0.57633,0.049513
0.61996,0.53191,0.57488,0.047282
0.62004,0.53358,0.57337,0.045618
0.61988,0.53509,0.57219,0.044873
0.61929,0.53631,0.5717,0.044804
0.61818,0.53723,0.57201,0.045209
0.61653,0.53788,0.57311,0.046048
0.61449,0.53838,0.57474,0.047176
0.61219,0.5388,0.57669,0.048457
0.60984,0.53924,0.57865,0.049724
0.60766,0.53972,0.58041,0.050799
0.60582,0.54024,0.58178,0.051585
0.60431,0.54092,0.58267,0.05207
0.6031,0.54188,0.58302,0.052348
0.60222,0.54339,0.58251,0.052381
0.6016,0.54557,0.58113,0.052106
0.60112,0.5482,0.5792,0.051524
0.60064,0.55105,0.57706,0.050683
0.60008,0.55388,0.57502,0.049726
0.59942,0.55655,0.57322,0.048782
0.59871,0.55893,0.57169,0.047993
0.59802,0.56097,0.57046,0.047506
0.59738,0.5627,0.56944,0.047267
0.59681,0.56421,0.56856,0.047175
0.59632,0.56552,0.56777,0.047187
0.59588,0.56673,0.56702,0.047254
0.59541,0.56796,0.56628,0.047328
0.5949,0.56924,0.56552,0.047334
0.59442,0.5705,0.56477,0.047206
0.59401,0.57169,0.56403,0.046923
0.59373,0.57274,0.56328,0.046475
0.59366,0.57366,0.56247,0.045923
0.59378,0.57448,0.56155,0.045395
0.59396,0.57531,0.56054,0.044991
0.59416,0.57617,0.55946,0.044738
0.59436,0.57705,0.55834,0.044673
0.59453,0.57791,0.55727,0.044806
0.59469,0.57864,0.55632,0.045105
0.59487,0.57913,0.55557,0.0456
0.59505,0.57947,0.55497,0.046263
0.59522,0.57965,0.55452,0.047201
0.59537,0.5798,0.5541,0.048369
0.59551,0.58001,0.55362,0.049693
0.59567,0.58027,0.55304,0.051123
0.59586,0.58053,0.55242,0.052658
0.59609,0.58072,0.55182,0.05422
0.59652,0.58073,0.5512,0.055668
0.5973,0.58049,0.55047,0.056926
0.59848,0.58004,0.54955,0.058042
0.59999,0.57943,0.54843,0.059122
0.60169,0.57873,0.54718,0.060242
0.60351,0.57796,0.54587,0.061338
0.60543,0.57712,0.54453,0.062255
0.60746,0.57623,0.54313,0.062972
0.60966,0.57529,0.54158,0.063605
0.61196,0.57437,0.53987,0.064385
0.61423,0.57362,0.53795,0.065568
0.61632,0.57307,0.53592,0.06727
0.61805,0.57267,0.53405,0.06964
0.61945,0.57227,0.53249,0.072446
0.62051,0.57179,0.53135,0.075496
0.6213,0.57125,0.53055,0.078572
0.62192,0.57069,0.53,0.081422
0.62251,0.57016,0.52951,0.083765
0.62321,0.56972,0.5289,0.085444
0.62411,0.56938,0.52804,0.086452
0.62531,0.56905,0.52688,0.086975
0.62675,0.56873,0.52549,0.087156
0.62834,0.56837,0.52398,0.087078
0.62998,0.56795,0.52251,0.086807
0.63154,0.56744,0.52124,0.086494
0.63297,0.56683,0.5202,0.08622
0.63424,0.56614,0.51945,0.08599
0.63536,0.56535,0.51898,0.085732
0.63639,0.56447,0.51875,0.085275
0.63736,0.56357,0.51869,0.084458
0.63827,0.5627,0.51869,0.08332
0.63916,0.5619,0.51868,0.081986
0.63998,0.56117,0.51867,0.08065
0.64065,0.56048,0.51876,0.079509
0.64109,0.55975,0.51912,0.078699
0.64129,0.55893,0.51984,0.078199
0.64126,0.558,0.52091,0.07798
0.64093,0.55696,0.52241,0.078048
0.64035,0.55585,0.52428,0.078263
0.63962,0.55473,0.52632,0.078399
0.63889,0.55369,0.52832,0.078236
0.63827,0.55276,0.53011,0.07777
0.6379,0.55204,0.53145,0.076818
0.63778,0.55153,0.53231,0.075499
0.63785,0.55119,0.53279,0.07394
0.63807,0.55095,0.53301,0.072252
0.63834,0.55072,0.53314,0.070574
0.63859,0.55043,0.53336,0.068953
0.63876,0.55,0.53379,0.067434
0.63888,0.54944,0.53441,0.065993
0.63894,0.54881,0.53516,0.064586
0.63898,0.5482,0.53591,0.063143
0.63907,0.54767,0.53652,0.061634
0.63925,0.54728,0.53688,0.060075
0.6395,0.54698,0.53705,0.058512
0.63984,0.54675,0.53705,0.056957
0.64027,0.54651,0.53694,0.055472
0.64075,0.54623,0.53679,0.054105
0.64122,0.54592,0.53667,0.052876
0.64164,0.54559,0.53661,0.05181
0.642,0.54528,0.53657,0.050889
0.64231,0.54504,0.53653,0.050089
0.64255,0.54487,0.53648,0.049377
0.64276,0.54474,0.53642,0.048725
0.64291,0.54462,0.53641,0.048128
0.64297,0.54447,0.53654,0.047579
0.64295,0.54432,0.53676,0.047059
0.64287,0.54419,0.53703,0.046543
0.6428,0.54409,0.53727,0.046037
0.64274,0.54397,0.5375,0.04555
0.64273,0.54382,0.53772,0.04506
0.64274,0.5436,0.53795,0.044605
0.64274,0.54334,0.53826,0.044216
0.64271,0.54304,0.53861,0.043895
0.64265,0.54275,0.539,0.043635
0.64254,0.54247,0.53943,0.043455
0.64233,0.5422,0.53995,0.043379
0.64207,0.54195,0.54052,0.043326
0.64176,0.54171,0.54113,0.043233
0.64139,0.54154,0.54175,0.043134
0.64097,0.54141,0.54238,0.043104
0.6405,0.54132,0.54301,0.043186
0.64,0.54124,0.54367,0.043341
0.63944,0.54116,0.54441,0.043535
0.63879,0.54105,0.54525,0.043751
0.63796,0.54096,0.5463,0.043972
0.63694,0.54092,0.54752,0.044089
0.63575,0.54095,0.54887,0.044027
0.63441,0.54112,0.55027,0.043818
0.63302,0.5414,0.55161,0.043507
0.63171,0.54187,0.55268,0.043111
0.63055,0.54249,0.55343,0.042718
0.62942,0.54319,0.55406,0.042384
0.6282,0.54394,0.55473,0.042053
0.6268,0.54476,0.55555,0.041601
0.62531,0.54565,0.5564,0.04098
0.6238,0.54665,0.55717,0.040096
0.62226,0.5478,0.55784,0.039027
0.62066,0.54908,0.55844,0.037825
0.61903,0.55045,0.55899,0.036566
0.61736,0.55185,0.55954,0.035307
0.61563,0.55326,0.56013,0.034063
0.61388,0.55465,0.56074,0.032801
0.61212,0.55604,0.56137,0.031505
0.61037,0.55744,0.56197,0.030144
0.6087,0.55886,0.56244,0.028658
0.60719,0.56035,0.56268,0.026955
0.60591,0.56197,0.56253,0.024987
0.6049,0.56378,0.5619,0.022813
0.60416,0.56582,0.56073,0.020545
0.6036,0.56811,0.55909,0.018299
0.60307,0.57061,0.55718,0.0161
0.60256,0.57327,0.55505,0.013928
0.60205,0.57601,0.55282,0.01176
0.60151,0.57878,0.55056,0.0095982
0.60096,0.58152,0.54829,0.0074442
0.60046,0.5842,0.54602,0.005283
0.60007,0.58674,0.54373,0.0030921
0.59979,0.5891,0.54149,0.00086979
0.5996,0.59126,0.53935,-0.0013664
0.5994,0.59329,0.53733,-0.003619
0.59912,0.59526,0.53543,-0.0058895
0.5987,0.59721,0.5337,-0.0081621
0.59805,0.59917,0.53219,-0.010404
0.59716,0.60111,0.53095,-0.012564
0.59604,0.60301,0.53,-0.014532
0.59471,0.60483,0.52937,-0.016165
0.59327,0.60655,0.52899,-0.017466
0.59178,0.60813,0.5288,-0.018426
0.59032,0.60959,0.52874,-0.019115
0.58894,0.61093,0.52871,-0.019639
0.58767,0.61218,0.52865,-0.0201
0.58651,0.61338,0.52854,-0.02057
0.58545,0.61454,0.52835,-0.021111
0.58447,0.6157,0.52804,-0.021755
0.58356,0.61687,0.52765,-0.022515
0.58274,0.61804,0.52715,-0.023359
0.58198,0.6192,0.5266,-0.024222
0.58129,0.62029,0.52604,-0.025022
0.58068,0.62127,0.52553,-0.02568
0.58017,0.6221,0.52507,-0.02615
0.57971,0.62283,0.52471,-0.026448
0.57928,0.62344,0.52445,-0.026638
0.5789,0.62398,0.52422,-0.026753
0.57854,0.62451,0.52398,-0.026723
0.57819,0.62512,0.52365,-0.02659
0.57792,0.62586,0.52308,-0.026355
0.57775,0.62666,0.52233,-0.026019
0.57764,0.62752,0.52144,-0.025553
0.57758,0.62842,0.52045,-0.024888
0.57751,0.62933,0.51946,-0.024022
0.57737,0.63026,0.51854,-0.022998
0.57718,0.6312,0.51766,-0.021917
0.57698,0.63212,0.5168,-0.020848
0.57676,0.63302,0.51598,-0.019811
0.57658,0.63388,0.51517,-0.018831
0.5765,0.63467,0.51432,-0.017909
0.57655,0.6354,0.5134,-0.017016
0.57672,0.63609,0.51237,-0.016102
0.57694,0.63679,0.51128,-0.015158
0.57717,0.6375,0.51017,-0.014166
0.57738,0.63819,0.50909,-0.013104
0.57761,0.63889,0.50798,-0.011928
0.57787,0.63959,0.50683,-0.010686
0.57821,0.64027,0.50561,-0.0094768
0.57869,0.64084,0.50435,-0.008409
0.5794,0.64124,0.50304,-0.0075874
0.58044,0.64146,0.50156,-0.0069714
0.5817,0.64159,0.49994,-0.0062428
0.58282,0.64178,0.49841,-0.0052087
0.58372,0.64203,0.49704,-0.003989
0.58454,0.64225,0.4958,-0.0027275
0.58537,0.64236,0.49469,-0.0013938
0.58622,0.6423,0.49376,0.00010062
0.58717,0.64205,0.49296,0.0018211
0.58824,0.6416,0.49225,0.0037943
0.58939,0.64101,0.49163,0.0059721
0.59048,0.64034,0.49115,0.0082789
0.59142,0.63963,0.49091,0.010702
0.5922,0.63881,0.49096,0.01319
0.59295,0.63785,0.49123,0.015682
0.5937,0.63675,0.49167,0.018137
0.59453,0.63552,0.49216,0.020516
0.59538,0.63425,0.49268,0.022868
0.59604,0.63299,0.49338,0.025262
0.59647,0.63174,0.49433,0.027661
0.59669,0.63043,0.4956,0.029942
0.5969,0.62907,0.49696,0.031989
0.59723,0.62764,0.49824,0.033804
0.59777,0.62609,0.49943,0.035449
0.59856,0.62431,0.50059,0.037002
0.59946,0.62238,0.5018,0.03858
0.60038,0.62032,0.50312,0.040266
0.6011,0.61826,0.50464,0.04211
0.60147,0.61625,0.50648,0.04408
0.60146,0.61426,0.50874,0.046048
0.60126,0.61224,0.51123,0.047932
0.60094,0.61021,0.51385,0.049684
0.60061,0.60822,0.51642,0.051354
0.60036,0.60626,0.51886,0.05296
0.60018,0.60432,0.52117,0.054531
0.59993,0.60244,0.52345,0.056107
0.59943,0.6007,0.52585,0.057656
0.59867,0.59909,0.52839,0.059046
0.59776,0.59761,0.53097,0.060212
0.59676,0.59628,0.53346,0.061149
0.59573,0.59517,0.53576,0.061942
0.59471,0.59423,0.53784,0.062666
0.59373,0.59345,0.53971,0.063348
0.59275,0.5928,0.54143,0.063959
0.59173,0.59225,0.54307,0.064488
0.59061,0.5918,0.54474,0.064912
0.58935,0.59144,0.54645,0.065235
0.58791,0.5912,0.54823,0.065513
0.58636,0.59101,0.55005,0.065847
0.58474,0.59087,0.55186,0.066252
0.58315,0.59074,0.55363,0.066668
0.58156,0.59067,0.55534,0.06705
0.57992,0.59072,0.55697,0.067359
0.57811,0.59104,0.55849,0.067464
0.57611,0.59166,0.55991,0.067301
0.57397,0.59245,0.5613,0.067031
0.5717,0.59335,0.56271,0.066825
0.56928,0.59432,0.56413,0.066817
0.56676,0.59534,0.56556,0.067066
0.56428,0.59628,0.567,0.067461
0.56185,0.59702,0.56857,0.06797
0.5593,0.5976,0.57039,0.068562
0.55661,0.5981,0.57245,0.069078
0.55388,0.59856,0.57458,0.06924
0.55122,0.59904,0.57666,0.069091
0.54838,0.59962,0.57879,0.068792
0.54528,0.60038,0.58099,0.068353
0.54209,0.60123,0.58316,0.067755
0.53887,0.60209,0.58534,0.066912
0.53548,0.60296,0.5877,0.06559
0.53185,0.60387,0.59029,0.063533
0.52805,0.60493,0.59293,0.060545
0.52436,0.60635,0.59515,0.056472
0.52112,0.60799,0.59671,0.052128
0.51853,0.60971,0.59754,0.048307
0.51658,0.611,0.5981,0.04584
0.5153,0.61133,0.59894,0.04481
0.5146,0.61046,0.60048,0.044143
0.51403,0.6093,0.60227,0.042325
0.51289,0.60931,0.60352,0.038127
0.51036,0.61252,0.60285,0.030412
0.50772,0.61769,0.60024,0.019917
0.50653,0.62228,0.59677,0.007607
0.50822,0.62291,0.59471,-0.0040086
0.51122,0.62015,0.59487,-0.013988
0.51565,0.61383,0.59734,-0.02224
0.52091,0.60568,0.60076,-0.030028
0.52511,0.59802,0.60422,-0.039401
0.52691,0.59326,0.60638,-0.051999
0.52597,0.5916,0.60747,-0.065855
0.52236,0.59289,0.60779,-0.078779
0.51895,0.59644,0.60597,-0.08805
0.51752,0.6011,0.60166,-0.094133
0.51726,0.6061,0.59599,-0.099426
0.51744,0.61122,0.58966,-0.10476
0.51857,0.61608,0.58286,-0.10863
0.52194,0.61948,0.57613,-0.10908
0.52855,0.61912,0.57138,-0.10418
0.53469,0.61476,0.57208,-0.094371
0.53627,0.60874,0.57903,-0.081081
0.53526,0.6034,0.58753,-0.064903
0.53533,0.60041,0.59227,-0.046341
0.53495,0.60225,0.59183,-0.029305
0.53335,0.60898,0.58686,-0.016604
0.53416,0.61462,0.58036,-0.0095464
0.53877,0.61464,0.57609,-0.0085066
0.54661,0.60879,0.57483,-0.012862
0.55599,0.60222,0.57264,-0.017212
0.56496,0.59975,0.56646,-0.015782
0.57154,0.60008,0.55959,-0.010398
0.57581,0.60085,0.55442,-0.0055905
0.57901,0.60119,0.55073,-0.0035812
0.58082,0.60036,0.54974,-0.001677
0.58073,0.59821,0.55217,0.0016001
0.57954,0.59669,0.55504,0.0041759
0.57883,0.59698,0.55547,0.0046855
0.57938,0.59917,0.55255,0.002643
0.58191,0.60298,0.54571,-0.0017677
0.58638,0.60776,0.53548,-0.006537
0.59179,0.61296,0.52342,-0.0096166
0.59662,0.61712,0.51293,-0.010374
0.60037,0.61967,0.50543,-0.010199
0.60203,0.62003,0.50301,-0.0097047
0.60173,0.61914,0.50449,-0.0088522
0.59952,0.61767,0.50892,-0.0073975
0.59649,0.61636,0.51406,-0.0062808
0.59376,0.6153,0.51847,-0.0061835
0.59253,0.61445,0.52087,-0.0079636
0.59291,0.61372,0.52123,-0.011172
0.59466,0.61318,0.51976,-0.015296
0.5975,0.61294,0.51663,-0.019806
0.60103,0.61292,0.51236,-0.024134
0.60474,0.61292,0.50776,-0.028071
0.60821,0.61282,0.50356,-0.031188
0.61114,0.61252,0.5002,-0.033458
0.61344,0.612,0.49793,-0.034887
0.61489,0.61124,0.49705,-0.03523
0.6156,0.61024,0.49744,-0.034514
0.61544,0.60906,0.49921,-0.03271
0.61468,0.60783,0.50179,-0.0302
0.61369,0.60672,0.50451,-0.027415
0.61264,0.60586,0.50695,-0.024666
0.61174,0.60523,0.5089,-0.022139
0.61123,0.60469,0.51025,-0.019931
0.61109,0.60412,0.51116,-0.017945
0.61116,0.60354,0.51182,-0.016103
0.61139,0.60296,0.51229,-0.014391
0.61178,0.60238,0.51255,-0.01271
0.61212,0.60187,0.51277,-0.010989
0.61249,0.60139,0.51294,-0.0093376
0.61298,0.60082,0.51304,-0.0078493
0.61351,0.60016,0.51319,-0.0064901
0.61408,0.59945,0.51335,-0.0053111
0.61473,0.59871,0.51345,-0.0043673
0.61545,0.59795,0.51349,-0.0036806
0.61614,0.59714,0.51359,-0.0031531
0.61673,0.5963,0.51387,-0.0026409
0.61719,0.59541,0.51435,-0.0019545
0.61751,0.59447,0.51506,-0.00096022
0.61764,0.59349,0.51603,0.00042567
0.61755,0.5925,0.51727,0.0020733
0.61729,0.59154,0.51868,0.0037772
0.61693,0.59063,0.52012,0.0053781
0.61649,0.58986,0.5215,0.0068153
0.61599,0.58922,0.5228,0.0080703
0.61549,0.5887,0.52394,0.0090997
0.61506,0.58828,0.52491,0.0099427
0.61472,0.58792,0.52569,0.010678
0.61444,0.58759,0.52637,0.011451
0.61418,0.58722,0.52707,0.012331
0.61391,0.58675,0.52788,0.013412
0.61352,0.58618,0.52894,0.014674
0.61296,0.58551,0.53028,0.016064
0.61232,0.58474,0.53182,0.017548
0.61156,0.58394,0.53351,0.019147
0.61046,0.58321,0.53552,0.020865
0.60913,0.58256,0.53766,0.022508
0.60786,0.58195,0.5397,0.023906
0.60677,0.58138,0.54148,0.025039
0.60592,0.58087,0.54294,0.025986
0.60522,0.58038,0.54419,0.026824
0.60466,0.57992,0.54527,0.027512
0.60413,0.57952,0.54626,0.028041
0.60354,0.57923,0.5472,0.028419
0.60289,0.57902,0.54812,0.028714
0.60221,0.57884,0.54904,0.028997
0.6015,0.57869,0.54996,0.029298
0.60083,0.57851,0.55086,0.029652
0.60024,0.57831,0.55169,0.030033
0.5997,0.57813,0.55246,0.030423
0.59912,0.57801,0.55318,0.030781
0.59851,0.57801,0.55383,0.030995
0.5979,0.5781,0.55439,0.03106
0.59727,0.57827,0.5549,0.030989
0.59664,0.57846,0.55538,0.030873
0.59608,0.57861,0.55584,0.030711
0.5956,0.57872,0.55626,0.03052
0.59518,0.57877,0.55666,0.0304
0.59476,0.57875,0.55712,0.030465
0.59429,0.57867,0.55769,0.030702
0.59383,0.57849,0.55835,0.031046
0.59339,0.5782,0.55909,0.031472
0.59294,0.57779,0.55996,0.032052
0.59247,0.57728,0.56094,0.032778
0.59203,0.57669,0.56196,0.033608
0.59166,0.57604,0.56296,0.034449
0.59139,0.57535,0.5639,0.035239
0.59129,0.57457,0.56476,0.035924
0.59131,0.57372,0.56557,0.036546
0.59149,0.57279,0.56628,0.037179
0.59183,0.57181,0.56686,0.037955
0.59233,0.57076,0.56733,0.038892
0.593,0.56964,0.56768,0.039937
0.59387,0.56844,0.5679,0.04099
0.59486,0.56713,0.56811,0.041943
0.59597,0.56571,0.56831,0.042787
0.59721,0.56421,0.56842,0.04366
0.59848,0.56273,0.56847,0.044631
0.5997,0.56135,0.56847,0.045692
0.60077,0.56009,0.56849,0.046847
0.60163,0.55888,0.56866,0.048185
0.60229,0.55767,0.569,0.049887
0.60282,0.55642,0.56947,0.05202
0.60324,0.55509,0.57009,0.054538
0.60351,0.5536,0.57097,0.057506
0.60361,0.55193,0.57214,0.060692
0.60352,0.55013,0.57363,0.063886
0.60321,0.5483,0.57536,0.066904
0.60273,0.54653,0.57721,0.069673
0.60213,0.54487,0.57911,0.072056
0.60158,0.54329,0.5809,0.074091
0.60119,0.54175,0.5825,0.075887
0.60097,0.54018,0.58396,0.077623
0.60086,0.53851,0.58537,0.079407
0.60078,0.53674,0.58683,0.081272
0.60057,0.5349,0.58846,0.083177
0.60012,0.5331,0.59027,0.085031
0.59946,0.53146,0.59216,0.086793
0.5987,0.53003,0.59398,0.08842
0.59791,0.52885,0.59561,0.08987
0.59718,0.52789,0.59698,0.091176
0.59654,0.52719,0.59806,0.092415
0.59589,0.52673,0.59892,0.093633
0.59519,0.52652,0.59962,0.094756
0.5944,0.5265,0.60026,0.095722
0.59354,0.52663,0.60088,0.096491
0.59273,0.52679,0.60145,0.097119
0.59209,0.52689,0.60188,0.097712
0.59164,0.52695,0.60217,0.098334
0.59134,0.52697,0.60234,0.099023
0.59112,0.52701,0.6024,0.099826
0.59082,0.52712,0.60244,0.10075
0.59034,0.52733,0.60254,0.10178
0.58967,0.52761,0.60276,0.1029
0.5888,0.5279,0.60316,0.10404
0.58786,0.52813,0.6037,0.10511
0.58693,0.52824,0.60432,0.10616
0.58604,0.52824,0.60498,0.10729
0.58525,0.52814,0.60561,0.10855
0.58453,0.528,0.60619,0.10992
0.58389,0.52785,0.60667,0.11131
0.58338,0.52777,0.60698,0.11273
0.58294,0.5278,0.6071,0.11419
0.58252,0.52801,0.60703,0.11567
0.58217,0.5284,0.60674,0.11724
0.58185,0.52886,0.60632,0.11892
0.58152,0.52933,0.60584,0.1208
0.5812,0.52979,0.60533,0.1229
0.58084,0.5303,0.60478,0.12512
0.58052,0.53093,0.60411,0.12715
0.58025,0.53169,0.60333,0.12889
0.58005,0.53256,0.60245,0.13032
0.57997,0.53351,0.60142,0.1315
0.58004,0.53453,0.60023,0.13247
0.58033,0.5356,0.59883,0.13326
0.58087,0.53667,0.5972,0.13387
0.58155,0.53774,0.59548,0.13434
0.58233,0.53878,0.59368,0.13477
0.58308,0.53973,0.59197,0.13521
0.58373,0.54054,0.59048,0.13566
0.58423,0.54123,0.58926,0.13604
0.5847,0.54181,0.58818,0.13641
0.58519,0.54237,0.58708,0.13685
0.58573,0.54301,0.58582,0.13735
0.58636,0.54375,0.58437,0.13789
0.5871,0.54449,0.58282,0.13846
0.58794,0.54508,0.58126,0.13908
0.58891,0.54543,0.57978,0.13982
0.59,0.54539,0.57847,0.14075
0.59127,0.54481,0.57744,0.14194
0.59269,0.54373,0.57666,0.1433
0.59437,0.54206,0.57612,0.14486
0.59619,0.53999,0.57575,0.14657
0.59819,0.53748,0.57554,0.14847
0.60026,0.53463,0.57548,0.15059
0.60228,0.53168,0.57549,0.15293
0.60413,0.52879,0.5755,0.15557
0.6058,0.52605,0.57547,0.15849
0.60732,0.52348,0.57532,0.16169
0.60871,0.52116,0.575,0.16506
0.61009,0.51919,0.57436,0.16837
0.61166,0.5176,0.57322,0.17139
0.61359,0.51637,0.57151,0.17391
0.61585,0.51537,0.56938,0.17586
0.61859,0.51455,0.56682,0.1769
0.62188,0.51389,0.56385,0.17679
0.6256,0.51336,0.56057,0.17563
0.62943,0.51286,0.55723,0.17405
0.63302,0.51228,0.5541,0.17268
0.63605,0.51153,0.55155,0.17197
0.63838,0.51052,0.5498,0.17192
0.64001,0.50921,0.54897,0.17239
0.64091,0.50757,0.54916,0.17328
0.64128,0.50571,0.55011,0.17437
0.64118,0.50374,0.55163,0.17558
0.64082,0.50187,0.55338,0.1768
0.64034,0.50022,0.55506,0.1779
0.63988,0.49895,0.55648,0.17869
0.63954,0.4981,0.55754,0.17897
0.6394,0.49765,0.55819,0.1787
0.63952,0.49759,0.55837,0.17788
0.63986,0.49788,0.5581,0.17665
0.6404,0.49844,0.55745,0.17521
0.64104,0.49908,0.55661,0.17372
0.64169,0.49965,0.55581,0.17223
0.64226,0.49997,0.55531,0.17075
0.64277,0.50005,0.5551,0.1693
0.64317,0.49989,0.55521,0.16789
0.64347,0.49957,0.55558,0.16647
0.64372,0.49916,0.55609,0.16498
0.64399,0.49876,0.55662,0.16334
0.64431,0.49847,0.55704,0.16156
0.64466,0.49836,0.55726,0.15971
0.64498,0.49846,0.55733,0.15789
0.64528,0.49869,0.55727,0.15614
0.6456,0.49892,0.55713,0.15454
0.64593,0.49908,0.55698,0.15316
0.6463,0.49915,0.55684,0.1519
0.64668,0.49921,0.55666,0.15073
0.647,0.49933,0.55648,0.14964
0.64727,0.49951,0.55629,0.14857
0.64753,0.49979,0.55603,0.14746
0.64785,0.50012,0.55563,0.14641
0.64819,0.50046,0.55515,0.14561
0.64849,0.50075,0.55467,0.1451
0.64873,0.50092,0.55429,0.14485
0.64887,0.50097,0.55412,0.14478
0.64886,0.50091,0.55418,0.14475
0.64874,0.50083,0.5544,0.14474
0.64851,0.50083,0.55467,0.14472
0.64823,0.50094,0.55491,0.14468
0.64793,0.50113,0.55511,0.1446
0.64762,0.50135,0.55529,0.14452
0.64733,0.50149,0.55552,0.14446
0.647,0.50155,0.55588,0.14437
0.64655,0.50159,0.55642,0.14416
0.64592,0.50171,0.55714,0.1438
0.64509,0.50202,0.55795,0.14326
0.64413,0.50258,0.55875,0.14252
0.64315,0.5033,0.55943,0.14172
0.64213,0.50417,0.56002,0.14091
0.64109,0.50509,0.56059,0.14012
0.63993,0.50605,0.56123,0.13934
0.6386,0.50705,0.56203,0.1386
0.63702,0.5081,0.56303,0.13795
0.63514,0.5092,0.56428,0.13747
0.63298,0.5103,0.56579,0.13714
0.63072,0.51135,0.56743,0.13689
0.62834,0.51239,0.56916,0.13673
0.6258,0.51349,0.57095,0.13678
0.62312,0.51469,0.57274,0.13707
0.62034,0.51602,0.57443,0.13759
0.61754,0.51745,0.57602,0.13818
0.61478,0.51896,0.57748,0.13869
0.61216,0.52053,0.57879,0.13896
0.60974,0.52217,0.5799,0.13881
0.60753,0.52395,0.58077,0.13817
0.60551,0.52593,0.58136,0.13704
0.60363,0.52805,0.58172,0.13563
0.60191,0.53037,0.58177,0.134
0.60032,0.53282,0.58155,0.13233
0.59881,0.53536,0.58114,0.13078
0.59726,0.53794,0.58065,0.12943
0.59564,0.54052,0.5802,0.12815
0.59395,0.54306,0.57985,0.12682
0.59221,0.5455,0.57966,0.12534
0.59047,0.54782,0.57959,0.12373
0.58875,0.55006,0.57958,0.12207
0.58712,0.55222,0.57953,0.12042
0.5857,0.5543,0.57932,0.11875
0.58453,0.55637,0.57888,0.11699
0.58353,0.5585,0.57821,0.11509
0.58267,0.56074,0.57732,0.113
0.58195,0.56313,0.57617,0.11066
0.58137,0.56565,0.57477,0.10807
0.58094,0.56827,0.57314,0.10529
0.58058,0.57089,0.57141,0.10245
0.58024,0.57346,0.56968,0.099665
0.57991,0.57596,0.56795,0.097031
0.57957,0.5784,0.56622,0.094578
0.57921,0.58084,0.56447,0.092298
0.5788,0.58328,0.56271,0.090153
0.57829,0.58573,0.56101,0.088148
0.57767,0.58825,0.5593,0.086243
0.57708,0.59084,0.55747,0.084378
0.57662,0.59352,0.55538,0.0825
0.57633,0.59629,0.55298,0.080579
0.57622,0.59917,0.55026,0.078595
0.57634,0.60216,0.54716,0.076544
0.57664,0.60518,0.54379,0.074473
0.57709,0.60817,0.54024,0.072421
0.5777,0.61104,0.53659,0.07039
0.57851,0.6137,0.53293,0.068393
0.57945,0.61612,0.52936,0.066439
0.58046,0.61834,0.5259,0.064521
0.58147,0.62038,0.52258,0.062636
0.58245,0.62226,0.51946,0.060816
0.58336,0.62401,0.51654,0.059047
0.58425,0.62564,0.51376,0.057313
0.58513,0.62713,0.5111,0.05572
0.586,0.62852,0.50855,0.054274
0.5869,0.62972,0.50615,0.052988
0.5879,0.63072,0.50386,0.05183
0.58895,0.63159,0.50165,0.050765
0.58996,0.6324,0.49953,0.049874
0.59078,0.63346,0.49726,0.049364
0.59152,0.63477,0.49472,0.049214
0.59205,0.63638,0.49194,0.049851
0.59222,0.63803,0.48947,0.051129
0.59214,0.63946,0.48755,0.052506
0.59205,0.64057,0.48609,0.053518
0.59204,0.64137,0.48499,0.054011
0.59219,0.64187,0.48415,0.053945
0.59246,0.64224,0.48339,0.053456
0.59273,0.64262,0.48261,0.052803
0.59296,0.64308,0.4818,0.052048
0.5931,0.6436,0.48103,0.051258
0.59312,0.64407,0.48045,0.050491
0.59304,0.64433,0.48027,0.049807
0.59297,0.64427,0.4805,0.049247
0.59291,0.6439,0.48111,0.048891
0.59277,0.64329,0.4821,0.048779
0.59245,0.64254,0.48347,0.048893
0.59187,0.64182,0.48513,0.049061
0.59106,0.64123,0.48689,0.049038
0.5901,0.64086,0.48857,0.048696
0.58909,0.64073,0.49004,0.047987
0.58811,0.64081,0.4912,0.046993
0.58723,0.64108,0.49201,0.045865
0.58641,0.64145,0.4926,0.04481
0.58559,0.64188,0.49309,0.043964
0.58472,0.64236,0.49356,0.043364
0.58376,0.64282,0.49412,0.043042
0.58266,0.64319,0.49493,0.043087
0.58145,0.64341,0.49604,0.0435
0.58017,0.64342,0.49744,0.044198
0.5789,0.64324,0.49909,0.045037
0.57763,0.64297,0.50083,0.045888
0.57638,0.64269,0.50255,0.04662
0.57515,0.64253,0.50412,0.047107
0.57393,0.64253,0.50549,0.047308
0.5727,0.6427,0.50668,0.047217
0.57144,0.64297,0.50778,0.046971
0.57015,0.64324,0.50891,0.046696
0.56882,0.64344,0.51017,0.046483
0.56745,0.64346,0.51166,0.046466
0.56598,0.64325,0.51352,0.046785
0.56433,0.64278,0.51586,0.047461
0.56254,0.64215,0.51852,0.0483
0.56052,0.6414,0.52154,0.049158
0.5584,0.64067,0.52464,0.049836
0.55632,0.64006,0.52755,0.050201
0.55441,0.63961,0.53011,0.050144
0.55266,0.63927,0.53238,0.04973
0.55101,0.63898,0.53449,0.049123
0.54929,0.63865,0.5367,0.048586
0.54746,0.63819,0.53915,0.048169
0.5456,0.63758,0.54179,0.047799
0.54384,0.63684,0.54445,0.047433
0.54228,0.63601,0.547,0.047021
0.54087,0.63513,0.54945,0.046641
0.53938,0.63418,0.55201,0.046427
0.53771,0.6332,0.55479,0.046233
0.5359,0.63223,0.55767,0.04582
0.53418,0.63129,0.56044,0.045086
0.53283,0.63035,0.56287,0.043996
0.5321,0.62933,0.5648,0.042614
0.53204,0.62814,0.56631,0.040948
0.53247,0.62677,0.56755,0.039
0.53318,0.62546,0.56847,0.036845
0.53404,0.62458,0.56877,0.034657
0.53497,0.62421,0.56842,0.032639
0.53593,0.62401,0.56782,0.031134
0.53682,0.62359,0.56751,0.030101
0.53764,0.62263,0.56782,0.029207
0.53827,0.62097,0.5691,0.027922
0.53814,0.61876,0.57173,0.025922
0.53689,0.61671,0.57524,0.022866
0.53512,0.61524,0.57863,0.017764
0.53376,0.614,0.58139,0.0098657
0.53342,0.61177,0.58412,0.00052462
0.53476,0.60736,0.58743,-0.0082038
0.53778,0.60146,0.59057,-0.016071
0.54212,0.59623,0.59158,-0.025527
0.54968,0.58947,0.5908,-0.036581
0.55685,0.58086,0.59188,-0.046846
0.5577,0.57511,0.596,-0.054873
0.55208,0.57368,0.60218,-0.059043
0.5419,0.57593,0.60945,-0.056781
0.53102,0.58037,0.61535,-0.05026
0.52296,0.58558,0.61782,-0.043692
0.519,0.59113,0.61625,-0.03781
0.52281,0.59367,0.61107,-0.028518
0.53816,0.58388,0.60763,-0.015756
0.54484,0.58043,0.60515,-0.0073625
0.5546,0.58726,0.58953,-0.0011966
0.56637,0.58948,0.57596,0.0030912
0.57316,0.58715,0.5716,0.0039858
0.57636,0.58354,0.57206,0.0063539
0.5771,0.58045,0.57434,0.012632
0.57614,0.57835,0.57721,0.01999
0.57552,0.57629,0.57965,0.026021
0.57487,0.57515,0.5811,0.032524
0.57392,0.57577,0.5809,0.040859
0.57634,0.57592,0.5779,0.046688
0.58364,0.57533,0.57119,0.045934
0.59307,0.57513,0.56207,0.039726
0.60252,0.57547,0.55213,0.030895
0.60983,0.57654,0.54332,0.022655
0.61416,0.578,0.53706,0.016796
0.61611,0.5793,0.53353,0.013202
0.61678,0.58044,0.53156,0.010966
0.61685,0.5816,0.53023,0.0098849
0.61651,0.58276,0.52934,0.010306
0.61606,0.5839,0.52858,0.011532
0.61582,0.58537,0.52721,0.012325
0.61581,0.58763,0.5247,0.012371
0.61572,0.59072,0.52133,0.012119
0.61529,0.59419,0.5179,0.011695
0.61467,0.59711,0.51529,0.010855
0.6141,0.59883,0.514,0.009563
0.61367,0.59965,0.51359,0.0078705
0.61331,0.60019,0.51341,0.0056186
0.61291,0.601,0.51297,0.0027626
0.61247,0.60218,0.51211,-0.00035199
0.61217,0.60358,0.51081,-0.0034417
0.61244,0.60492,0.50887,-0.0063629
0.61343,0.60593,0.50643,-0.0091465
0.61504,0.60654,0.50368,-0.011828
0.61711,0.60669,0.5009,-0.01446
0.6193,0.6064,0.49845,-0.016937
0.62128,0.60576,0.49669,-0.019071
0.62266,0.60486,0.49601,-0.020526
0.62342,0.60389,0.4962,-0.02128
0.62349,0.60305,0.49712,-0.02126
0.62305,0.60245,0.49844,-0.020623
0.6223,0.6021,0.49984,-0.019583
0.62172,0.60194,0.5008,-0.018409
0.62145,0.60182,0.50132,-0.017211
0.62153,0.60171,0.50139,-0.015813
0.62176,0.60151,0.50139,-0.014256
0.62201,0.60116,0.50154,-0.012643
0.62209,0.60064,0.5021,-0.011008
0.62169,0.60005,0.50335,-0.0093623
0.62089,0.59947,0.50505,-0.0077517
0.61974,0.59897,0.50707,-0.0063576
0.61856,0.59855,0.50901,-0.0052985
0.61767,0.59815,0.51057,-0.0045412
0.61708,0.5978,0.5117,-0.0038943
0.61671,0.59755,0.51243,-0.0033603
0.6167,0.59747,0.51254,-0.0030885
0.61701,0.59754,0.51209,-0.0031292
0.61747,0.59772,0.51133,-0.0034344
0.61799,0.59795,0.51042,-0.0039653
0.61855,0.59814,0.50951,-0.0045875
0.61908,0.59825,0.50873,-0.005121
0.6195,0.59826,0.50821,-0.0053565
0.61983,0.59817,0.50792,-0.005236
0.62005,0.59801,0.50783,-0.0048791
0.62022,0.59782,0.50785,-0.0044357
0.62037,0.59767,0.50786,-0.0039661
0.6205,0.59762,0.50776,-0.0034571
0.62069,0.59769,0.50745,-0.0029015
0.62099,0.59776,0.507,-0.0022866
0.62137,0.59779,0.5065,-0.0015491
0.62178,0.59777,0.50602,-0.00069576
0.62213,0.59776,0.50561,0.0002695
0.62235,0.59776,0.50534,0.0013125
0.62242,0.59777,0.50523,0.002411
0.62238,0.59781,0.50523,0.0035799
0.62226,0.59789,0.50527,0.0048166
0.6221,0.59801,0.50531,0.0060799
0.62199,0.5981,0.50533,0.0073093
0.62195,0.59809,0.50537,0.0085348
0.62199,0.59795,0.50546,0.0098358
0.62204,0.59772,0.50565,0.011235
0.62204,0.59735,0.50605,0.012785
0.62195,0.59683,0.50672,0.0144
0.62172,0.59621,0.50767,0.016021
0.62135,0.59554,0.50887,0.017581
0.62083,0.5949,0.5102,0.019021
0.62026,0.59429,0.51155,0.020395
0.61967,0.59366,0.51294,0.021747
0.61908,0.59299,0.51437,0.023093
0.61853,0.59224,0.51583,0.024393
0.61807,0.5914,0.51729,0.025556
0.61767,0.59047,0.51877,0.026598
0.61729,0.58946,0.52032,0.02752
0.61683,0.58843,0.52199,0.028404
0.61626,0.58738,0.52377,0.029336
0.61562,0.58631,0.52567,0.030378
0.61496,0.5852,0.52761,0.031506
0.61436,0.58403,0.52953,0.032686
0.61388,0.58277,0.5314,0.033947
0.61345,0.5814,0.5333,0.035306
0.61298,0.57994,0.53532,0.036713
0.61239,0.57846,0.5375,0.038115
0.61168,0.57699,0.53979,0.039458
0.61086,0.57555,0.54216,0.040625
0.61005,0.57414,0.5445,0.041443
0.60937,0.57269,0.54674,0.042011
0.60886,0.57113,0.5489,0.042482
0.60849,0.56943,0.55103,0.042981
0.60825,0.5676,0.55314,0.043599
0.60808,0.56566,0.55525,0.044325
0.60791,0.56364,0.55742,0.045113
0.60762,0.56158,0.55974,0.046028
0.60721,0.55953,0.56215,0.047041
0.60674,0.55748,0.5646,0.048093
0.60627,0.55544,0.56701,0.04927
0.60585,0.55334,0.56938,0.050667
0.60551,0.55118,0.57168,0.052314
0.60522,0.54897,0.57393,0.054227
0.60488,0.54676,0.57619,0.056374
0.60428,0.54467,0.57857,0.058593
0.60333,0.5428,0.5811,0.060663
0.60212,0.54119,0.58367,0.062508
0.60077,0.5399,0.58605,0.064211
0.59947,0.53884,0.58817,0.065921
0.59834,0.53801,0.58986,0.067816
0.59733,0.53743,0.59116,0.06997
0.59635,0.53711,0.59217,0.0722
0.59538,0.53706,0.59293,0.074264
0.59444,0.53718,0.59355,0.076032
0.59357,0.53756,0.59393,0.077176
0.59296,0.53813,0.59396,0.077687
0.59271,0.53886,0.59355,0.077598
0.59279,0.53972,0.59275,0.077138
0.59305,0.54076,0.59162,0.076514
0.59333,0.54188,0.5904,0.075872
0.59352,0.54309,0.58917,0.075297
0.59364,0.54422,0.58806,0.07486
0.59371,0.54515,0.58715,0.074596
0.59376,0.54581,0.58651,0.074488
0.59375,0.54627,0.58609,0.074498
0.59361,0.54654,0.58596,0.074679
0.59332,0.54665,0.5861,0.074995
0.59294,0.54667,0.58643,0.075338
0.59254,0.54666,0.58681,0.075572
0.59223,0.54667,0.58712,0.075613
0.59206,0.54676,0.58722,0.075415
0.59205,0.547,0.58707,0.075027
0.59213,0.54738,0.58668,0.074533
0.59227,0.54792,0.58611,0.074042
0.59239,0.54858,0.58541,0.073708
0.59245,0.54934,0.58464,0.073619
0.5924,0.55019,0.58386,0.073908
0.59218,0.55104,0.58318,0.074673
0.59184,0.55183,0.58264,0.075772
0.59143,0.55253,0.58223,0.077032
0.591,0.55317,0.58188,0.078373
0.59057,0.55381,0.58151,0.079796
0.59015,0.5545,0.58107,0.081299
0.58977,0.55529,0.58049,0.082854
0.58941,0.55619,0.57976,0.084442
0.58907,0.55717,0.57892,0.08604
0.58882,0.55816,0.57799,0.08762
0.58873,0.55905,0.57698,0.089162
0.58881,0.55978,0.57596,0.090686
0.58903,0.56035,0.57494,0.092228
0.58934,0.56079,0.57393,0.09381
0.58973,0.56111,0.57294,0.09542
0.59016,0.56132,0.57203,0.097011
0.59061,0.56141,0.57121,0.098565
0.59111,0.56136,0.57047,0.10012
0.59163,0.56116,0.56985,0.10172
0.59215,0.56079,0.56937,0.10339
0.59272,0.56019,0.56904,0.10515
0.59333,0.55937,0.56888,0.10698
0.59401,0.55836,0.56881,0.10882
0.59476,0.55723,0.56878,0.1106
0.59553,0.55607,0.56878,0.11234
0.59629,0.55495,0.56874,0.11405
0.597,0.55395,0.56863,0.11569
0.5977,0.55306,0.56844,0.1173
0.59843,0.55222,0.56815,0.11885
0.5993,0.55136,0.56778,0.12031
0.6004,0.55036,0.5673,0.12163
0.6017,0.54921,0.56678,0.12286
0.60312,0.54793,0.56623,0.12409
0.60467,0.54655,0.56562,0.12541
0.60629,0.54506,0.565,0.12688
0.6079,0.54351,0.56439,0.12852
0.60952,0.5419,0.56375,0.13042
0.61115,0.54024,0.56306,0.13265
0.61276,0.53856,0.56233,0.13517
0.61428,0.53688,0.56159,0.13795
0.61573,0.53519,0.5609,0.14084
0.61718,0.53348,0.56021,0.14372
0.61859,0.53182,0.55952,0.14645
0.62001,0.53028,0.55879,0.1488
0.62157,0.52894,0.55785,0.15059
0.62332,0.52786,0.55659,0.15182
0.62525,0.52706,0.55498,0.15254
0.6273,0.52658,0.55302,0.15289
0.62941,0.52637,0.5508,0.15299
0.63152,0.52612,0.54859,0.15307
0.63354,0.52569,0.54661,0.15329
0.63544,0.52501,0.54493,0.15369
0.63717,0.52411,0.54359,0.15438
0.63854,0.52306,0.54268,0.15546
0.63949,0.52197,0.54221,0.15688
0.64005,0.52084,0.54216,0.1585
0.64028,0.51968,0.54253,0.16011
0.6403,0.51848,0.54324,0.1615
0.64027,0.51732,0.54407,0.16251
0.64033,0.51634,0.5448,0.163
0.64052,0.51559,0.54527,0.16304
0.64081,0.51504,0.54552,0.16277
0.64119,0.51467,0.54557,0.1623
0.64154,0.51439,0.54558,0.16178
0.64177,0.51409,0.54574,0.16128
0.64188,0.51367,0.54616,0.16078
0.64191,0.51313,0.54679,0.16023
0.64193,0.5125,0.54754,0.15957
0.64199,0.5118,0.54838,0.1587
0.64213,0.5111,0.54919,0.1576
0.64238,0.51046,0.5499,0.15617
0.64273,0.50998,0.55045,0.15437
0.64316,0.50962,0.55084,0.15231
0.64373,0.50945,0.551,0.14989
0.6444,0.50939,0.55099,0.14726
0.64509,0.5094,0.55088,0.14454
0.64576,0.50951,0.55071,0.14182
0.64636,0.50968,0.55053,0.13916
0.64681,0.50993,0.5504,0.13664
0.6471,0.51025,0.55035,0.13426
0.64722,0.51063,0.5504,0.13203
0.64719,0.51107,0.55052,0.12996
0.64709,0.51155,0.55064,0.12801
0.64698,0.51207,0.55073,0.12611
0.64687,0.51265,0.55074,0.12425
0.64682,0.5133,0.55061,0.1224
0.6469,0.51401,0.55025,0.12057
0.6471,0.51479,0.54967,0.11881
0.64735,0.51567,0.5489,0.11717
0.6476,0.51668,0.54797,0.11568
0.64781,0.51781,0.54692,0.11444
0.64798,0.51899,0.54581,0.11343
0.64811,0.52016,0.54469,0.11267
0.64819,0.5213,0.54362,0.11218
0.64816,0.52238,0.54266,0.11191
0.64802,0.52347,0.54181,0.11178
0.6478,0.52461,0.54099,0.11166
0.64755,0.52584,0.54014,0.11145
0.64728,0.52718,0.53922,0.11114
0.64701,0.52864,0.53819,0.11075
0.64675,0.53024,0.53702,0.11033
0.6465,0.53196,0.53571,0.10989
0.64628,0.53372,0.53432,0.10941
0.64606,0.53551,0.53291,0.10885
0.64579,0.53734,0.53153,0.10812
0.64556,0.53921,0.53011,0.10719
0.64533,0.54115,0.52863,0.10611
0.64498,0.54323,0.52717,0.10489
0.64454,0.54536,0.52575,0.10362
0.64407,0.54745,0.52441,0.10234
0.64347,0.5494,0.52334,0.10105
0.64272,0.55112,0.52271,0.099747
0.64176,0.55258,0.52259,0.098515
0.64053,0.55381,0.52298,0.097466
0.63909,0.55491,0.52374,0.096587
0.63732,0.55588,0.52498,0.096004
0.63532,0.55678,0.52651,0.095666
0.63315,0.55766,0.52818,0.095669
0.63084,0.55856,0.52993,0.096033
0.6283,0.55944,0.53188,0.096773
0.62563,0.56026,0.534,0.097678
0.62285,0.56099,0.53632,0.098553
0.62008,0.56174,0.53863,0.099162
0.61744,0.56263,0.5407,0.099276
0.61508,0.56383,0.54226,0.098653
0.61297,0.56531,0.54332,0.097498
0.6112,0.56717,0.54369,0.095666
0.6097,0.56922,0.54362,0.093434
0.60839,0.57129,0.54333,0.090994
0.60722,0.57324,0.543,0.088501
0.60607,0.575,0.5428,0.086123
0.6048,0.5765,0.54296,0.084
0.60334,0.57771,0.54357,0.082176
0.60173,0.57867,0.54458,0.080593
0.60004,0.57944,0.54583,0.07921
0.59835,0.58013,0.54713,0.077923
0.59673,0.58085,0.54833,0.076632
0.59527,0.58167,0.54923,0.075242
0.594,0.58265,0.54977,0.073705
0.59291,0.58378,0.54997,0.072062
0.59202,0.58499,0.54987,0.07035
0.59127,0.58622,0.54959,0.06864
0.59064,0.58741,0.54918,0.067003
0.59011,0.58852,0.54875,0.065514
0.58958,0.5895,0.54841,0.064275
0.58902,0.59034,0.54823,0.063296
0.58839,0.59105,0.54821,0.062534
0.5877,0.59165,0.54839,0.061959
0.58693,0.59214,0.54873,0.061522
0.58614,0.59253,0.54919,0.061159
0.58534,0.59285,0.54973,0.060796
0.58459,0.59308,0.55033,0.060388
0.5839,0.59323,0.55095,0.059906
0.58329,0.59332,0.55156,0.059304
0.5828,0.59337,0.55212,0.058552
0.58245,0.59336,0.55259,0.057684
0.58218,0.59329,0.55303,0.056788
0.58196,0.59318,0.55347,0.055929
0.58173,0.59307,0.55391,0.055176
0.58152,0.59294,0.55433,0.054577
0.58128,0.59277,0.55479,0.054192
0.58104,0.59253,0.55533,0.054036
0.58081,0.5922,0.55592,0.054025
0.58078,0.59167,0.55649,0.054186
0.58093,0.59104,0.55698,0.054387
0.58111,0.59061,0.55724,0.054546
0.58114,0.59074,0.55705,0.054755
0.58102,0.59167,0.55616,0.055153
0.58085,0.59324,0.5546,0.055728
0.58069,0.59499,0.55283,0.05632
0.58076,0.59651,0.5511,0.056389
0.5813,0.59767,0.54937,0.055388
0.58243,0.59843,0.54758,0.053013
0.58392,0.59896,0.54572,0.049772
0.58565,0.59939,0.54369,0.046214
0.58733,0.59994,0.54155,0.042883
0.58881,0.60059,0.53945,0.039956
0.58989,0.60116,0.53779,0.037485
0.59055,0.60149,0.53684,0.035457
0.59076,0.60147,0.53674,0.033971
0.59058,0.60112,0.53738,0.033003
0.59008,0.60051,0.53865,0.032573
0.58937,0.59977,0.54025,0.03255
0.58852,0.59897,0.54203,0.032865
0.58761,0.59826,0.54378,0.03334
0.58675,0.59775,0.54524,0.033712
0.58607,0.59753,0.5462,0.033753
0.58563,0.5977,0.54652,0.033401
0.58545,0.59823,0.54617,0.032768
0.58545,0.59901,0.54535,0.032108
0.58557,0.59993,0.54423,0.031599
0.58572,0.60086,0.54306,0.031411
0.58575,0.60162,0.54216,0.031767
0.58556,0.60222,0.54165,0.032569
0.58514,0.60272,0.54149,0.033646
0.58449,0.60315,0.54163,0.034902
0.58366,0.60357,0.54197,0.036276
0.58271,0.60405,0.54237,0.037636
0.58172,0.60465,0.54268,0.038852
0.58074,0.60532,0.54289,0.039926
0.5798,0.60605,0.54303,0.040828
0.57892,0.60674,0.54312,0.04158
0.57816,0.60737,0.54319,0.042215
0.57761,0.60786,0.54317,0.042752
0.57736,0.60821,0.54302,0.043231
0.57735,0.6084,0.54277,0.043738
0.57766,0.60838,0.54242,0.044346
0.57829,0.60813,0.54196,0.045121
0.57927,0.60765,0.54137,0.046112
0.58067,0.60694,0.54056,0.047383
0.58244,0.60607,0.53949,0.048916
0.58473,0.60497,0.53806,0.050888
0.5874,0.60365,0.5364,0.053302
0.59035,0.60209,0.53462,0.056207
0.59361,0.60004,0.53292,0.059788
0.59718,0.59743,0.53139,0.063856
0.60137,0.59426,0.52974,0.06781
0.6068,0.5908,0.527,0.070851
0.61353,0.58734,0.52277,0.072972
0.62109,0.58395,0.51741,0.074397
0.62896,0.58064,0.51145,0.075403
0.63663,0.57736,0.50549,0.076373
0.6438,0.57415,0.49984,0.077662
0.65044,0.57111,0.49444,0.07937
0.65665,0.56831,0.48908,0.08148
0.66251,0.56579,0.48365,0.0839
0.66814,0.56343,0.47819,0.086441
0.67365,0.56107,0.47274,0.08897
0.67915,0.55854,0.46733,0.091543
