0.65194,-0.75766,-0.019845,-0.023052
0.65192,-0.75768,-0.019829,-0.023029
0.6519,-0.7577,-0.019846,-0.022975
0.65187,-0.75772,-0.019904,-0.02289
0.65183,-0.75776,-0.019985,-0.022792
0.65179,-0.7578,-0.020062,-0.022699
0.65174,-0.75784,-0.020148,-0.022596
0.65168,-0.75789,-0.020259,-0.022464
0.65163,-0.75794,-0.020387,-0.022314
0.6516,-0.75796,-0.020514,-0.022179
0.65159,-0.75797,-0.020641,-0.022053
0.65156,-0.758,-0.020762,-0.021936
0.65152,-0.75803,-0.020852,-0.021856
0.65149,-0.75806,-0.020906,-0.021811
0.65144,-0.7581,-0.020935,-0.021776
0.65138,-0.75815,-0.020945,-0.021733
0.65131,-0.75822,-0.020948,-0.021681
0.65125,-0.75827,-0.02096,-0.021609
0.6512,-0.75831,-0.021001,-0.021507
0.65117,-0.75834,-0.021052,-0.021415
0.65113,-0.75837,-0.021071,-0.021387
0.65109,-0.7584,-0.021053,-0.02141
0.65105,-0.75844,-0.02101,-0.021418
0.65101,-0.75848,-0.020978,-0.021378
0.65098,-0.75851,-0.020979,-0.021281
0.65098,-0.75851,-0.021024,-0.02114
0.651,-0.7585,-0.021108,-0.02099
0.65101,-0.75848,-0.021212,-0.020858
0.65103,-0.75847,-0.021314,-0.020762
0.65104,-0.75846,-0.021385,-0.020697
0.65104,-0.75846,-0.02144,-0.020625
0.65104,-0.75846,-0.02149,-0.020528
0.65105,-0.75846,-0.021534,-0.020434
0.65105,-0.75846,-0.02157,-0.020368
0.65104,-0.75847,-0.021613,-0.020297
0.65103,-0.75848,-0.021646,-0.020227
0.65101,-0.7585,-0.02161,-0.020213
0.65099,-0.75851,-0.021525,-0.020215
0.65098,-0.75853,-0.021478,-0.020152
0.65095,-0.75855,-0.021513,-0.020033
0.6509,-0.7586,-0.021582,-0.019906
0.65086,-0.75864,-0.021685,-0.019731
0.65082,-0.75867,-0.021821,-0.019521
0.6508,-0.75869,-0.021986,-0.019329
0.65078,-0.7587,-0.022166,-0.019139
0.65075,-0.75873,-0.02236,-0.018925
0.6507,-0.75877,-0.022547,-0.01871
0.65066,-0.7588,-0.022712,-0.018525
0.65063,-0.75883,-0.022833,-0.01837
0.65062,-0.75884,-0.022897,-0.018255
0.65059,-0.75887,-0.022935,-0.018204
0.65057,-0.75888,-0.022959,-0.018179
0.65057,-0.75889,-0.022975,-0.018166
0.65056,-0.75889,-0.02297,-0.018191
0.65055,-0.7589,-0.022945,-0.018247
0.65054,-0.75891,-0.022918,-0.018309
0.65054,-0.7589,-0.022904,-0.018353
0.65053,-0.75891,-0.02287,-0.01844
0.65053,-0.75891,-0.022805,-0.018556
0.65055,-0.7589,-0.022764,-0.018633
0.65056,-0.75888,-0.022772,-0.01864
0.65057,-0.75888,-0.022826,-0.0186
0.65057,-0.75887,-0.022894,-0.018562
0.65058,-0.75886,-0.022967,-0.018534
0.65058,-0.75886,-0.02306,-0.018493
0.65059,-0.75885,-0.023132,-0.018449
0.65059,-0.75885,-0.023194,-0.018434
0.65059,-0.75885,-0.023269,-0.018431
0.6506,-0.75884,-0.023363,-0.01839
0.6506,-0.75884,-0.023475,-0.018319
0.65058,-0.75886,-0.023573,-0.018267
0.65057,-0.75886,-0.023659,-0.018254
0.65057,-0.75886,-0.023736,-0.018248
0.65058,-0.75885,-0.023807,-0.018231
0.65057,-0.75885,-0.023874,-0.018216
0.65056,-0.75886,-0.023915,-0.018238
0.65056,-0.75886,-0.023958,-0.018247
0.65056,-0.75886,-0.02404,-0.018209
0.65055,-0.75886,-0.024134,-0.018145
0.65056,-0.75886,-0.024229,-0.018086
0.65058,-0.75884,-0.024319,-0.01804
0.65061,-0.75881,-0.024399,-0.018009
0.65064,-0.75878,-0.024469,-0.017993
0.65067,-0.75875,-0.024531,-0.017974
0.65069,-0.75873,-0.024597,-0.017929
0.65073,-0.7587,-0.024654,-0.017882
0.65079,-0.75865,-0.024683,-0.017874
0.65084,-0.7586,-0.024691,-0.017913
0.65088,-0.75856,-0.024689,-0.017981
0.6509,-0.75855,-0.024677,-0.018055
0.6509,-0.75855,-0.024667,-0.018117
0.65089,-0.75855,-0.024653,-0.018183
0.65089,-0.75855,-0.02463,-0.018242
0.65091,-0.75854,-0.024612,-0.01827
0.65095,-0.75851,-0.024618,-0.018257
0.65098,-0.75847,-0.024673,-0.018209
0.65101,-0.75845,-0.024736,-0.018207
0.65103,-0.75842,-0.024788,-0.018247
0.65104,-0.75841,-0.024862,-0.018265
0.65104,-0.75841,-0.024976,-0.018227
0.65104,-0.75841,-0.025102,-0.018164
0.65105,-0.7584,-0.025191,-0.018132
0.65108,-0.75837,-0.025245,-0.018126
0.65111,-0.75834,-0.025301,-0.018115
0.65113,-0.75833,-0.025377,-0.018079
0.65113,-0.75833,-0.025454,-0.018047
0.65113,-0.75832,-0.025511,-0.018051
0.65116,-0.7583,-0.025545,-0.018088
0.65119,-0.75827,-0.025569,-0.018135
0.65125,-0.75822,-0.025585,-0.018182
0.65133,-0.75814,-0.025588,-0.018236
0.65143,-0.75806,-0.025586,-0.018281
0.65153,-0.75797,-0.025591,-0.018312
0.65162,-0.75789,-0.025599,-0.018341
0.6517,-0.75782,-0.025606,-0.018372
0.65177,-0.75776,-0.025602,-0.018414
0.65182,-0.75772,-0.025594,-0.018471
0.65188,-0.75767,-0.025609,-0.018522
0.65193,-0.75762,-0.025645,-0.01855
0.65196,-0.75759,-0.025685,-0.018568
0.65199,-0.75756,-0.025731,-0.01857
0.65203,-0.75753,-0.025768,-0.018581
0.65205,-0.75751,-0.025783,-0.018618
0.65207,-0.75749,-0.025793,-0.018665
0.65211,-0.75745,-0.025799,-0.018734
0.65214,-0.75743,-0.025789,-0.018826
0.65214,-0.75742,-0.025764,-0.018905
0.65214,-0.75743,-0.025748,-0.018963
0.65213,-0.75743,-0.025765,-0.018977
0.65213,-0.75743,-0.025829,-0.018945
0.65213,-0.75743,-0.025921,-0.018907
0.65213,-0.75742,-0.026003,-0.018891
0.65214,-0.75742,-0.026045,-0.018924
0.65216,-0.75739,-0.026078,-0.018956
0.65219,-0.75737,-0.026122,-0.018958
0.65223,-0.75733,-0.026165,-0.018966
0.65227,-0.75729,-0.026198,-0.018986
0.65234,-0.75723,-0.026214,-0.019025
0.65241,-0.75717,-0.026222,-0.019071
0.65247,-0.75712,-0.026233,-0.019114
0.6525,-0.75709,-0.026246,-0.019134
0.65252,-0.75707,-0.026278,-0.019105
0.65255,-0.75705,-0.026289,-0.019086
0.65257,-0.75704,-0.026254,-0.019104
0.6526,-0.75701,-0.026225,-0.019125
0.65264,-0.75697,-0.026222,-0.019143
0.65264,-0.75697,-0.026248,-0.01916
0.65265,-0.75696,-0.026268,-0.019199
0.65267,-0.75694,-0.026254,-0.019267
0.65268,-0.75693,-0.026247,-0.019324
0.65268,-0.75693,-0.026269,-0.019354
0.65268,-0.75693,-0.026328,-0.019357
0.65267,-0.75693,-0.026384,-0.01936
0.65266,-0.75694,-0.026411,-0.019369
0.65266,-0.75694,-0.026448,-0.019358
0.65267,-0.75693,-0.026528,-0.019302
0.65268,-0.75692,-0.026628,-0.019238
0.65269,-0.75691,-0.026721,-0.019188
0.65269,-0.7569,-0.0268,-0.019162
0.65267,-0.75692,-0.026855,-0.019166
0.65266,-0.75693,-0.026898,-0.019179
0.65266,-0.75693,-0.026966,-0.019144
0.65266,-0.75693,-0.027008,-0.019136
0.65266,-0.75693,-0.027,-0.019189
0.65267,-0.75692,-0.026968,-0.01926
0.65267,-0.75692,-0.026956,-0.019292
0.65266,-0.75692,-0.027,-0.019269
0.65267,-0.75691,-0.027088,-0.019214
0.65268,-0.7569,-0.027184,-0.019163
0.65268,-0.7569,-0.027259,-0.019131
0.65265,-0.75692,-0.027331,-0.019102
0.65262,-0.75695,-0.027408,-0.019062
0.6526,-0.75697,-0.027468,-0.019012
0.65259,-0.75697,-0.027519,-0.018965
0.65261,-0.75696,-0.027583,-0.018926
0.65261,-0.75695,-0.027664,-0.018884
0.6526,-0.75696,-0.02776,-0.01883
0.65258,-0.75698,-0.027859,-0.018777
0.65257,-0.75698,-0.027949,-0.018725
0.65257,-0.75698,-0.028038,-0.018664
0.65256,-0.75698,-0.028095,-0.018615
0.65255,-0.757,-0.028094,-0.01862
0.65253,-0.75701,-0.028066,-0.018663
0.65252,-0.75702,-0.028077,-0.018682
0.65253,-0.75701,-0.028125,-0.018667
0.65254,-0.757,-0.028198,-0.018628
0.65254,-0.757,-0.028263,-0.018592
0.65253,-0.75701,-0.028314,-0.018563
0.65251,-0.75702,-0.028378,-0.018516
0.65247,-0.75705,-0.028458,-0.018441
0.65243,-0.75709,-0.028526,-0.018369
0.65241,-0.7571,-0.028562,-0.018324
0.65241,-0.75711,-0.028599,-0.018287
0.65239,-0.75712,-0.028652,-0.018251
0.65238,-0.75713,-0.028717,-0.018217
0.65237,-0.75714,-0.028793,-0.018164
0.65236,-0.75714,-0.028886,-0.018086
0.65234,-0.75716,-0.028967,-0.01802
0.65233,-0.75717,-0.029029,-0.017967
0.65232,-0.75718,-0.029063,-0.017938
0.6523,-0.75719,-0.029078,-0.017925
0.65229,-0.7572,-0.029099,-0.017908
0.65228,-0.75721,-0.029127,-0.017876
0.65227,-0.75721,-0.029137,-0.017848
0.65228,-0.75721,-0.029145,-0.017817
0.65227,-0.75721,-0.029177,-0.017781
0.65225,-0.75723,-0.029228,-0.017756
0.65222,-0.75726,-0.029258,-0.017751
0.6522,-0.75728,-0.029277,-0.017735
0.65219,-0.75729,-0.029288,-0.017706
0.65217,-0.7573,-0.029314,-0.017667
0.65215,-0.75732,-0.02938,-0.017605
0.65214,-0.75733,-0.029453,-0.017524
0.65213,-0.75733,-0.029522,-0.017444
0.65211,-0.75735,-0.0296,-0.017355
0.65209,-0.75736,-0.029698,-0.017257
0.65206,-0.75739,-0.029811,-0.017161
0.65205,-0.75739,-0.029908,-0.017092
0.65204,-0.7574,-0.029974,-0.017045
0.65202,-0.75742,-0.030049,-0.017005
0.652,-0.75743,-0.030136,-0.016958
0.65198,-0.75745,-0.030194,-0.016911
0.65195,-0.75747,-0.03022,-0.016859
0.65194,-0.75748,-0.03028,-0.016773
0.65193,-0.75749,-0.030363,-0.016699
0.65192,-0.75749,-0.03044,-0.01664
0.65191,-0.7575,-0.030493,-0.016618
0.65191,-0.7575,-0.030521,-0.01663
0.65191,-0.7575,-0.030564,-0.016635
0.65189,-0.75752,-0.030599,-0.016605
0.65187,-0.75753,-0.030617,-0.016569
0.65185,-0.75755,-0.030651,-0.016501
0.65182,-0.75757,-0.030714,-0.01642
0.65181,-0.75758,-0.030779,-0.016357
0.6518,-0.75759,-0.030836,-0.016307
0.65179,-0.75759,-0.03089,-0.016278
0.65178,-0.7576,-0.030925,-0.016279
0.65177,-0.75761,-0.030949,-0.016275
0.65175,-0.75763,-0.030963,-0.016263
0.65172,-0.75766,-0.030977,-0.016232
0.65169,-0.75768,-0.03102,-0.016183
0.65166,-0.75771,-0.031088,-0.016123
0.65164,-0.75772,-0.031157,-0.016056
0.65162,-0.75773,-0.03124,-0.015984
0.65161,-0.75774,-0.031335,-0.015904
0.6516,-0.75774,-0.031434,-0.015819
0.65158,-0.75776,-0.031526,-0.01574
0.65156,-0.75778,-0.031579,-0.015675
0.65155,-0.75778,-0.031613,-0.015626
0.65155,-0.75779,-0.031645,-0.0156
0.65152,-0.75781,-0.03167,-0.015584
0.65151,-0.75782,-0.031692,-0.015541
0.6515,-0.75783,-0.03173,-0.015495
0.65147,-0.75785,-0.031774,-0.015458
0.65145,-0.75787,-0.031827,-0.015436
0.65144,-0.75788,-0.031889,-0.015412
0.65144,-0.75787,-0.031962,-0.015355
0.65145,-0.75786,-0.032047,-0.01527
0.65146,-0.75785,-0.032121,-0.015213
0.65146,-0.75785,-0.032164,-0.015194
0.65144,-0.75786,-0.032197,-0.015159
0.65142,-0.75788,-0.03223,-0.015108
0.6514,-0.7579,-0.032249,-0.015072
0.65137,-0.75793,-0.032268,-0.015034
0.65135,-0.75794,-0.032294,-0.014976
0.65134,-0.75795,-0.032328,-0.014909
0.65133,-0.75796,-0.032385,-0.014843
0.65133,-0.75796,-0.032453,-0.014784
0.65132,-0.75796,-0.032503,-0.014746
0.65131,-0.75797,-0.032537,-0.014727
0.65129,-0.75799,-0.032549,-0.014738
0.65126,-0.75801,-0.032528,-0.014752
0.65124,-0.75803,-0.032493,-0.014745
0.65121,-0.75806,-0.032484,-0.014729
0.65119,-0.75808,-0.032504,-0.014706
0.65116,-0.7581,-0.03253,-0.014674
0.65113,-0.75813,-0.032557,-0.014637
0.65109,-0.75816,-0.032581,-0.014604
0.65105,-0.7582,-0.032609,-0.014571
0.65101,-0.75822,-0.032664,-0.014502
0.65099,-0.75825,-0.032738,-0.014404
0.65098,-0.75825,-0.032809,-0.014333
0.65095,-0.75827,-0.032833,-0.014346
0.65091,-0.75831,-0.032812,-0.014405
0.65088,-0.75833,-0.032785,-0.014443
0.65088,-0.75834,-0.032777,-0.014447
0.65088,-0.75833,-0.0328,-0.014422
0.6509,-0.75831,-0.032849,-0.01438
0.65093,-0.75829,-0.032904,-0.014343
0.65093,-0.75828,-0.032936,-0.014331
0.65093,-0.75829,-0.03294,-0.014336
0.65093,-0.75829,-0.032908,-0.014347
0.65093,-0.75829,-0.032863,-0.014367
0.65093,-0.75829,-0.03284,-0.014385
0.65094,-0.75828,-0.032851,-0.014382
0.65092,-0.7583,-0.032896,-0.014364
0.65091,-0.75831,-0.032969,-0.014338
0.6509,-0.75831,-0.033084,-0.014269
0.6509,-0.7583,-0.033266,-0.014131
0.65092,-0.75828,-0.033475,-0.013964
0.65091,-0.75828,-0.033672,-0.01382
0.65091,-0.75828,-0.03384,-0.013703
0.65088,-0.7583,-0.034006,-0.013592
0.65083,-0.75834,-0.034166,-0.013473
0.6508,-0.75836,-0.034303,-0.013371
0.65078,-0.75837,-0.03442,-0.013275
0.65078,-0.75837,-0.03455,-0.013169
0.65077,-0.75837,-0.034705,-0.013065
0.65075,-0.75838,-0.03485,-0.012975
0.65072,-0.7584,-0.03498,-0.012882
0.6507,-0.75841,-0.0351,-0.012784
0.6507,-0.75841,-0.035207,-0.01269
0.65073,-0.75839,-0.035291,-0.012606
0.65073,-0.75838,-0.035344,-0.01256
0.65074,-0.75837,-0.03535,-0.012564
0.65077,-0.75834,-0.035345,-0.012581
0.65079,-0.75833,-0.035364,-0.012578
0.65079,-0.75833,-0.035368,-0.012571
0.65081,-0.75831,-0.03533,-0.012584
0.65086,-0.75827,-0.035295,-0.012636
0.65086,-0.75827,-0.03531,-0.012646
0.65084,-0.75829,-0.035363,-0.012614
0.65083,-0.7583,-0.035418,-0.01256
0.65087,-0.75826,-0.035478,-0.012501
0.65092,-0.75821,-0.035557,-0.012444
0.65095,-0.75818,-0.035628,-0.012408
0.65097,-0.75817,-0.035661,-0.012421
0.65098,-0.75816,-0.035671,-0.012452
0.65099,-0.75815,-0.035691,-0.01246
0.65101,-0.75812,-0.035742,-0.012446
0.65104,-0.7581,-0.03578,-0.012432
0.65106,-0.75808,-0.035794,-0.012425
0.6511,-0.75805,-0.035809,-0.012449
0.65113,-0.75802,-0.035854,-0.012456
0.65113,-0.75801,-0.035955,-0.012395
0.65111,-0.75802,-0.036109,-0.01229
0.6511,-0.75803,-0.036285,-0.012154
0.65107,-0.75804,-0.036464,-0.012008
0.65105,-0.75806,-0.036644,-0.011867
0.65104,-0.75806,-0.036829,-0.011737
0.65105,-0.75804,-0.036999,-0.011644
0.65107,-0.75802,-0.037138,-0.011608
0.65109,-0.758,-0.037253,-0.011594
0.65111,-0.75797,-0.037343,-0.011591
0.65114,-0.75795,-0.037403,-0.011618
0.65115,-0.75793,-0.037451,-0.01167
0.65115,-0.75793,-0.03751,-0.011706
0.65116,-0.75792,-0.037582,-0.011708
0.65117,-0.75791,-0.037661,-0.011695
0.65118,-0.7579,-0.037754,-0.011689
0.65119,-0.75788,-0.037867,-0.011679
0.65123,-0.75784,-0.037996,-0.011653
0.65126,-0.75781,-0.038126,-0.011625
0.65127,-0.7578,-0.038262,-0.011598
0.65127,-0.75778,-0.038409,-0.011552
0.6513,-0.75775,-0.038562,-0.011477
0.65135,-0.75771,-0.038723,-0.011393
0.65139,-0.75766,-0.038877,-0.011331
0.65142,-0.75763,-0.039,-0.011312
0.65143,-0.75762,-0.039089,-0.011326
0.65144,-0.7576,-0.039131,-0.011366
0.65147,-0.75758,-0.039147,-0.011414
0.65147,-0.75758,-0.039153,-0.011461
0.65145,-0.75759,-0.039168,-0.011486
0.65143,-0.7576,-0.039232,-0.011474
0.65142,-0.75761,-0.039346,-0.01143
0.65138,-0.75764,-0.03952,-0.011329
0.65131,-0.75768,-0.039726,-0.011177
0.65123,-0.75775,-0.039927,-0.010999
0.65115,-0.75781,-0.0401,-0.010831
0.65109,-0.75786,-0.040251,-0.010697
0.65105,-0.75789,-0.040388,-0.010584
0.65101,-0.75792,-0.040522,-0.010485
0.65096,-0.75795,-0.040641,-0.010412
0.65093,-0.75798,-0.040756,-0.010357
0.6509,-0.75799,-0.040895,-0.010293
0.65091,-0.75797,-0.04108,-0.010177
0.65093,-0.75794,-0.04131,-0.010029
0.65096,-0.75791,-0.041535,-0.0098824
0.65098,-0.75789,-0.041736,-0.0097826
0.65099,-0.75786,-0.041893,-0.009738
0.65099,-0.75787,-0.041988,-0.0097532
0.65098,-0.75787,-0.042024,-0.0098184
0.6511,-0.75777,-0.041847,-0.010135
0.65139,-0.75754,-0.041341,-0.010882
0.6518,-0.75722,-0.040381,-0.012129
0.65215,-0.75696,-0.039154,-0.013578
0.65231,-0.75686,-0.037814,-0.015077
0.65243,-0.75678,-0.036639,-0.016475
0.6526,-0.75664,-0.035943,-0.017446
0.65278,-0.75649,-0.035666,-0.017913
0.65296,-0.75634,-0.035582,-0.01808
0.65311,-0.75621,-0.035504,-0.018216
0.65326,-0.75608,-0.035453,-0.018394
0.6534,-0.75595,-0.035593,-0.018484
0.65348,-0.75587,-0.035924,-0.018402
0.65352,-0.75582,-0.036345,-0.018243
0.65359,-0.75574,-0.036824,-0.018034
0.65369,-0.75563,-0.037347,-0.017791
0.6537,-0.75561,-0.037871,-0.017501
0.65369,-0.7556,-0.038325,-0.017185
0.6537,-0.75558,-0.038683,-0.016898
0.6537,-0.75557,-0.038987,-0.016619
0.65371,-0.75555,-0.03927,-0.016342
0.65371,-0.75554,-0.039539,-0.016073
0.65372,-0.75552,-0.039825,-0.015827
0.65373,-0.7555,-0.040127,-0.015637
0.65374,-0.75548,-0.040399,-0.015501
0.65374,-0.75547,-0.040633,-0.015413
0.65377,-0.75544,-0.040779,-0.015372
0.65383,-0.75538,-0.040808,-0.015437
0.65391,-0.75532,-0.040723,-0.015625
0.654,-0.75524,-0.040576,-0.015829
0.65412,-0.75514,-0.040405,-0.015986
0.6542,-0.75508,-0.040197,-0.016157
0.65426,-0.75504,-0.039964,-0.016351
0.65428,-0.75502,-0.03975,-0.016532
0.65429,-0.75502,-0.03962,-0.016647
0.65429,-0.75502,-0.039588,-0.016694
0.65427,-0.75504,-0.039653,-0.016668
0.65425,-0.75505,-0.03978,-0.016572
0.65425,-0.75505,-0.039935,-0.016441
0.65424,-0.75505,-0.040083,-0.016312
0.6542,-0.75507,-0.04021,-0.016201
0.65417,-0.7551,-0.040314,-0.016098
0.65412,-0.75515,-0.040395,-0.01598
0.65405,-0.7552,-0.040476,-0.015856
0.65399,-0.75525,-0.040584,-0.015733
0.65394,-0.75529,-0.04073,-0.01559
0.65389,-0.75533,-0.040922,-0.015411
0.65385,-0.75535,-0.041151,-0.015199
0.65381,-0.75538,-0.041394,-0.015
0.65373,-0.75544,-0.041613,-0.014819
0.65363,-0.75551,-0.041823,-0.014606
0.65352,-0.7556,-0.042055,-0.01434
0.6534,-0.7557,-0.042314,-0.014021
0.65332,-0.75576,-0.042609,-0.013675
0.65327,-0.75579,-0.042965,-0.013329
0.65322,-0.75582,-0.043375,-0.012964
0.65315,-0.75586,-0.043817,-0.012568
0.65305,-0.75593,-0.044251,-0.012164
0.65293,-0.75601,-0.044648,-0.011756
0.6528,-0.75611,-0.044996,-0.011341
0.65271,-0.75617,-0.04528,-0.010988
0.65263,-0.75623,-0.045523,-0.010694
0.65255,-0.75629,-0.045724,-0.010457
0.65246,-0.75636,-0.045864,-0.010287
0.65239,-0.75642,-0.045958,-0.010145
0.65235,-0.75646,-0.046048,-0.0099809
0.65231,-0.75648,-0.046143,-0.0098177
0.6523,-0.75649,-0.046236,-0.0096822
0.65228,-0.7565,-0.046328,-0.0095742
0.65224,-0.75653,-0.046386,-0.0094848
0.65218,-0.75658,-0.046402,-0.009414
0.65212,-0.75664,-0.046398,-0.0093397
0.65207,-0.75668,-0.046392,-0.0092407
0.65203,-0.75671,-0.046416,-0.0090708
0.65201,-0.75673,-0.046486,-0.0088722
0.65199,-0.75674,-0.046572,-0.0086959
0.65198,-0.75675,-0.04664,-0.0085608
0.65196,-0.75677,-0.046703,-0.0084552
0.65192,-0.7568,-0.04674,-0.0083633
0.65186,-0.75685,-0.046726,-0.008289
0.6518,-0.75691,-0.046663,-0.0082217
0.65178,-0.75694,-0.046562,-0.0081528
0.65178,-0.75694,-0.046459,-0.0081071
0.65182,-0.75691,-0.046374,-0.0080944
0.65186,-0.75688,-0.046303,-0.008122
0.65188,-0.75687,-0.046221,-0.0081585
0.65186,-0.75689,-0.046144,-0.0081824
0.65181,-0.75693,-0.046087,-0.0081551
0.65178,-0.75697,-0.046038,-0.0080816
0.65175,-0.757,-0.046013,-0.0079255
0.65172,-0.75702,-0.045997,-0.0077442
0.65171,-0.75704,-0.045957,-0.0076217
0.65171,-0.75704,-0.045904,-0.0076047
0.65172,-0.75703,-0.045876,-0.0076171
0.65176,-0.757,-0.045869,-0.0076408
0.65179,-0.75697,-0.045848,-0.0076947
0.6518,-0.75697,-0.045768,-0.0078301
0.65182,-0.75696,-0.045601,-0.0080117
0.65188,-0.75692,-0.0454,-0.0082065
0.65194,-0.75687,-0.045223,-0.0083331
0.65197,-0.75686,-0.0451,-0.0083725
0.652,-0.75683,-0.045034,-0.0083484
0.65204,-0.7568,-0.045021,-0.008302
0.65207,-0.75677,-0.045068,-0.0082445
0.65208,-0.75676,-0.045179,-0.0081372
0.65207,-0.75677,-0.045316,-0.0079946
0.65203,-0.75679,-0.045419,-0.0078367
0.65201,-0.75681,-0.045503,-0.0076516
0.652,-0.75681,-0.0456,-0.0074381
0.65199,-0.75681,-0.045692,-0.0072399
0.65197,-0.75683,-0.045765,-0.0070498
0.6519,-0.75688,-0.045835,-0.0068791
0.65183,-0.75694,-0.04592,-0.0067481
0.65175,-0.75701,-0.046006,-0.0066227
0.65168,-0.75706,-0.046085,-0.0064638
0.65164,-0.75709,-0.046149,-0.0062796
0.65161,-0.75712,-0.046202,-0.0061356
0.65159,-0.75714,-0.046238,-0.0060244
0.65157,-0.75715,-0.046297,-0.0059088
0.65152,-0.75719,-0.046415,-0.0057481
0.65145,-0.75724,-0.046557,-0.0055786
0.6514,-0.75728,-0.046711,-0.0054044
0.65135,-0.75731,-0.04686,-0.0052084
0.6513,-0.75735,-0.047014,-0.0049852
0.65124,-0.75739,-0.047168,-0.0047573
0.65118,-0.75744,-0.04731,-0.0045319
0.65113,-0.75747,-0.047453,-0.0043184
0.65108,-0.7575,-0.047614,-0.0041381
0.65101,-0.75755,-0.047758,-0.0039905
0.65094,-0.75761,-0.047875,-0.0038808
0.65088,-0.75765,-0.047994,-0.0037688
0.65085,-0.75767,-0.048133,-0.0036173
0.65082,-0.75769,-0.048269,-0.0034334
0.65081,-0.75769,-0.048388,-0.0032622
0.65079,-0.7577,-0.048514,-0.0031095
0.65074,-0.75774,-0.048634,-0.0029747
0.65067,-0.75779,-0.048732,-0.0028599
0.6506,-0.75785,-0.048802,-0.002753
0.65055,-0.75789,-0.048842,-0.0026277
0.65052,-0.75791,-0.048879,-0.0024766
0.65052,-0.75791,-0.048922,-0.0023186
0.65054,-0.75789,-0.048958,-0.0021874
0.65057,-0.75786,-0.048984,-0.002099
0.65055,-0.75787,-0.049033,-0.0020062
0.65051,-0.75791,-0.049098,-0.0018844
0.65046,-0.75794,-0.049157,-0.0017474
0.65041,-0.75798,-0.049216,-0.0015905
0.65036,-0.75802,-0.04926,-0.0014201
0.65033,-0.75806,-0.049216,-0.0013207
0.65033,-0.75807,-0.049001,-0.0014193
0.65039,-0.75805,-0.048514,-0.0018516
0.65046,-0.75804,-0.047668,-0.002658
0.65045,-0.75811,-0.046503,-0.0037585
0.65036,-0.75827,-0.045191,-0.0049781
0.65033,-0.75836,-0.043908,-0.006135
0.65037,-0.75839,-0.042703,-0.0071176
0.65035,-0.75845,-0.0416,-0.0078515
0.65031,-0.75854,-0.040614,-0.0083246
0.65026,-0.75862,-0.039824,-0.0085568
0.65023,-0.75868,-0.039279,-0.0085486
0.65017,-0.75875,-0.038932,-0.0083219
0.65003,-0.75888,-0.038651,-0.0079717
0.64989,-0.75903,-0.038317,-0.0076602
0.64977,-0.75915,-0.037969,-0.0073966
0.64961,-0.7593,-0.037652,-0.0071189
0.64939,-0.75951,-0.037321,-0.0068863
0.64914,-0.75974,-0.036981,-0.0067319
0.64883,-0.76002,-0.036718,-0.0065555
0.6485,-0.7603,-0.03662,-0.0062091
0.64818,-0.76059,-0.036696,-0.005624
0.64785,-0.76086,-0.036935,-0.0047927
0.64755,-0.7611,-0.037344,-0.0037059
0.64727,-0.76132,-0.03785,-0.0025059
0.64696,-0.76155,-0.038463,-0.0011778
0.6466,-0.76182,-0.0392,0.00034037
0.64619,-0.76213,-0.039994,0.0020327
0.64577,-0.76243,-0.040837,0.003864
0.64533,-0.76274,-0.041754,0.0058846
0.64482,-0.7631,-0.042727,0.0080951
0.64427,-0.76348,-0.043767,0.01044
0.64368,-0.76387,-0.044793,0.012859
0.64305,-0.7643,-0.045789,0.015294
0.6424,-0.76474,-0.04674,0.01771
0.64172,-0.76519,-0.04763,0.02009
0.64103,-0.76566,-0.04841,0.0225
0.64028,-0.76617,-0.049088,0.024978
0.6395,-0.7667,-0.049584,0.027515
0.63874,-0.76722,-0.049889,0.030015
0.63795,-0.76777,-0.049975,0.032419
0.63708,-0.76839,-0.049917,0.034844
0.6361,-0.76909,-0.049757,0.037403
0.63512,-0.76979,-0.04946,0.039886
0.63424,-0.77046,-0.048633,0.041987
0.63336,-0.77118,-0.047164,0.043736
0.63238,-0.77199,-0.045375,0.045392
0.63135,-0.77285,-0.04341,0.04699
0.63037,-0.77368,-0.041318,0.048447
0.62952,-0.7744,-0.039152,0.049739
0.62882,-0.77501,-0.036955,0.050813
0.62819,-0.77556,-0.034758,0.051674
0.62757,-0.77611,-0.032618,0.052353
0.62691,-0.77668,-0.03063,0.053046
0.62618,-0.77728,-0.028837,0.053822
0.6254,-0.77792,-0.027033,0.054612
0.62465,-0.77856,-0.025032,0.055113
0.62408,-0.77908,-0.022858,0.055129
0.62379,-0.77941,-0.020603,0.054675
0.62366,-0.7796,-0.018596,0.054111
0.62355,-0.77976,-0.016956,0.053658
0.62345,-0.77991,-0.015404,0.053135
0.62339,-0.78002,-0.013827,0.052471
0.62332,-0.78016,-0.012225,0.051652
0.62315,-0.78038,-0.010626,0.050793
0.62289,-0.78065,-0.0091642,0.050081
0.62263,-0.78089,-0.0080688,0.049726
0.62242,-0.78106,-0.0074116,0.049826
0.62226,-0.78114,-0.0072831,0.050498
0.62211,-0.78118,-0.0076943,0.051647
0.62199,-0.78119,-0.0084134,0.052969
0.62185,-0.78119,-0.0093045,0.054379
0.62163,-0.78126,-0.010211,0.055765
0.62134,-0.78138,-0.011045,0.057078
0.62109,-0.78146,-0.011873,0.058447
0.62094,-0.78144,-0.01284,0.060111
0.62078,-0.7814,-0.013825,0.061987
0.62062,-0.78137,-0.014662,0.063882
0.6205,-0.78129,-0.015343,0.065729
0.62045,-0.78116,-0.015983,0.067612
0.62036,-0.78106,-0.016642,0.069471
0.62014,-0.78106,-0.017292,0.071224
0.61975,-0.78119,-0.017969,0.072981
0.61922,-0.78142,-0.018659,0.074844
0.6186,-0.78169,-0.019358,0.076923
0.61799,-0.78192,-0.020188,0.079247
0.61737,-0.78213,-0.021218,0.081683
0.61666,-0.7824,-0.022343,0.084084
0.61591,-0.78272,-0.023458,0.086381
0.61519,-0.78301,-0.024498,0.088525
0.61455,-0.78326,-0.025506,0.090519
0.61395,-0.78347,-0.02658,0.092444
0.61332,-0.78365,-0.027901,0.094587
0.61264,-0.78381,-0.02954,0.097149
0.61196,-0.7839,-0.031468,0.10009
0.61136,-0.78387,-0.033654,0.10321
0.61086,-0.78375,-0.035981,0.10626
0.61038,-0.78363,-0.038278,0.10905
0.60985,-0.78357,-0.040405,0.11164
0.60931,-0.78353,-0.042405,0.11416
0.60881,-0.78345,-0.04427,0.11663
0.60837,-0.78329,-0.04619,0.1192
0.60788,-0.7831,-0.048292,0.12206
0.6072,-0.78301,-0.050581,0.12507
0.60639,-0.783,-0.052923,0.12808
0.60565,-0.78291,-0.05521,0.13113
0.605,-0.78278,-0.057248,0.13401
0.60444,-0.78269,-0.05896,0.13625
0.60407,-0.78254,-0.060545,0.13809
0.60383,-0.78229,-0.06214,0.13982
0.60359,-0.78201,-0.063844,0.14161
0.60336,-0.78168,-0.065762,0.14357
0.60315,-0.78129,-0.067751,0.14563
0.60293,-0.78089,-0.069653,0.14776
0.60266,-0.78054,-0.071344,0.14985
0.60234,-0.78031,-0.072705,0.15175
0.60201,-0.78015,-0.073647,0.1534
0.60166,-0.78006,-0.074274,0.15493
0.60125,-0.77998,-0.074972,0.15655
0.60078,-0.7799,-0.075847,0.15835
0.60027,-0.77982,-0.076772,0.16022
0.59985,-0.7797,-0.077524,0.16195
0.59963,-0.77955,-0.077965,0.16332
0.59953,-0.77945,-0.077971,0.16414
0.59937,-0.77949,-0.077779,0.16465
0.59915,-0.77954,-0.077692,0.16523
0.59888,-0.77955,-0.077812,0.1661
0.59865,-0.77943,-0.078144,0.1673
0.59852,-0.7792,-0.078513,0.16867
0.59844,-0.77893,-0.0788,0.1701
0.59834,-0.77864,-0.079061,0.17163
0.59828,-0.7783,-0.079379,0.17326
0.59819,-0.77789,-0.079843,0.17514
0.59803,-0.77746,-0.080474,0.1773
0.59781,-0.77703,-0.081186,0.17962
0.5976,-0.7766,-0.081796,0.18186
0.59738,-0.7762,-0.082243,0.18406
0.59707,-0.77586,-0.082648,0.18636
0.59668,-0.77555,-0.083045,0.18868
0.59624,-0.77529,-0.083419,0.19095
0.59577,-0.77504,-0.083812,0.19324
0.59534,-0.77474,-0.084244,0.1956
0.59495,-0.77439,-0.084633,0.19796
0.59454,-0.77414,-0.084797,0.20009
0.59404,-0.77409,-0.084581,0.20186
0.59354,-0.77416,-0.083957,0.20329
0.59317,-0.77424,-0.083078,0.20446
0.59285,-0.77428,-0.082173,0.20557
0.59265,-0.77424,-0.081267,0.20667
0.59267,-0.77404,-0.080269,0.20775
0.59288,-0.77375,-0.079127,0.20866
0.59313,-0.7735,-0.077901,0.20935
0.59337,-0.77329,-0.07671,0.20989
0.59362,-0.77309,-0.075641,0.21029
0.59396,-0.77285,-0.074587,0.21059
0.59442,-0.77256,-0.073446,0.21075
0.59503,-0.77219,-0.072305,0.2108
0.59578,-0.7717,-0.071244,0.21085
0.59655,-0.77118,-0.070212,0.21091
0.59735,-0.7706,-0.069224,0.21109
0.5983,-0.76981,-0.068397,0.21154
0.59935,-0.76887,-0.067789,0.21219
0.60025,-0.76797,-0.067467,0.213
0.60092,-0.76714,-0.067522,0.21408
0.6013,-0.76632,-0.068139,0.21575
0.60132,-0.76548,-0.069485,0.21822
0.60121,-0.76457,-0.071221,0.22112
0.60121,-0.76355,-0.072994,0.22408
0.60136,-0.76247,-0.074674,0.22679
0.60165,-0.7614,-0.076296,0.22905
0.60201,-0.7604,-0.07786,0.2309
0.60243,-0.75948,-0.07921,0.23238
0.60292,-0.75862,-0.080188,0.23357
0.60345,-0.75781,-0.080726,0.23466
0.60397,-0.75706,-0.080695,0.23571
0.60454,-0.75639,-0.080041,0.23663
0.60516,-0.75582,-0.078819,0.23728
0.60574,-0.75537,-0.077257,0.23776
0.60618,-0.75507,-0.075391,0.23819
0.60644,-0.75495,-0.073213,0.23858
0.60648,-0.75507,-0.07068,0.23889
0.60635,-0.75539,-0.067807,0.23903
0.60623,-0.75576,-0.064688,0.23901
0.60633,-0.75594,-0.061551,0.23903
0.60669,-0.75583,-0.058506,0.23922
0.60726,-0.75548,-0.055526,0.23957
0.60792,-0.75506,-0.052414,0.23995
0.60846,-0.75473,-0.049091,0.24031
0.60865,-0.75457,-0.045811,0.24098
0.60859,-0.75444,-0.042824,0.24209
0.6086,-0.75402,-0.040451,0.24377
0.60901,-0.75331,-0.03848,0.24527
0.60977,-0.75264,-0.036412,0.24574
0.61049,-0.75231,-0.034207,0.24528
0.61066,-0.75257,-0.032157,0.24435
0.61027,-0.75319,-0.030509,0.24362
0.60942,-0.754,-0.029146,0.24339
0.60875,-0.75457,-0.02786,0.24345
0.60859,-0.75473,-0.026503,0.24351
0.60875,-0.75471,-0.02495,0.24334
0.60885,-0.75478,-0.0233,0.24303
0.60863,-0.75514,-0.021773,0.24261
0.60832,-0.75563,-0.020286,0.242
0.60809,-0.7562,-0.018567,0.24093
0.60787,-0.75686,-0.016582,0.23954
0.60752,-0.75762,-0.01463,0.23816
0.607,-0.75841,-0.01295,0.23706
0.60636,-0.75917,-0.011737,0.23631
0.60571,-0.75986,-0.010902,0.23581
0.60506,-0.76048,-0.010344,0.23551
0.60452,-0.76099,-0.0099605,0.23529
0.60404,-0.76142,-0.009638,0.23512
0.60365,-0.76178,-0.0093324,0.23498
0.60338,-0.76207,-0.0089247,0.23474
0.60306,-0.76245,-0.0083604,0.23434
0.60264,-0.76295,-0.0077259,0.23382
0.60222,-0.76347,-0.007061,0.23325
0.6018,-0.76397,-0.0063559,0.23267
0.60151,-0.76435,-0.0055935,0.23223
0.60139,-0.76451,-0.0047542,0.232
0.60139,-0.76457,-0.0038788,0.23185
0.6014,-0.7646,-0.0030453,0.23173
0.60131,-0.76471,-0.0022957,0.23162
0.60109,-0.76489,-0.0016348,0.23156
0.60083,-0.76507,-0.0010859,0.23167
0.60063,-0.7651,-0.00064705,0.23207
0.60049,-0.76505,-0.00031199,0.23263
0.6004,-0.76492,-0.00012719,0.23328
0.60041,-0.7647,-8.6526e-05,0.23398
0.60043,-0.76446,-4.4524e-05,0.23469
0.60031,-0.76434,0.0001637,0.2354
0.59995,-0.7644,0.00051721,0.2361
0.59937,-0.76466,0.0009297,0.23675
0.59863,-0.76507,0.0013846,0.2373
0.59787,-0.76554,0.001917,0.23767
0.59724,-0.766,0.002598,0.23779
0.59684,-0.76638,0.0035605,0.23753
0.59657,-0.76677,0.0048542,0.23697
0.59627,-0.76726,0.0068051,0.23608
0.59573,-0.76794,0.0093104,0.23514
0.59487,-0.76883,0.01215,0.23428
0.59375,-0.76988,0.015172,0.23351
0.59239,-0.77109,0.018235,0.23274
0.5907,-0.77254,0.021149,0.23198
0.58875,-0.77414,0.023741,0.23135
0.58664,-0.7758,0.025916,0.23092
0.5844,-0.77748,0.02767,0.23071
0.58201,-0.77917,0.029,0.2309
0.57952,-0.78078,0.030041,0.23159
0.57692,-0.78219,0.030656,0.23325
0.57415,-0.78343,0.030857,0.23587
0.57124,-0.78452,0.030691,0.23933
0.56837,-0.78533,0.03013,0.2435
0.56583,-0.78574,0.029165,0.24819
0.56389,-0.78553,0.027824,0.25336
0.56252,-0.78472,0.026232,0.25901
0.56126,-0.78371,0.024523,0.2649
0.55977,-0.78283,0.022861,0.27078
0.55833,-0.78189,0.021378,0.27653
0.55733,-0.78064,0.020271,0.28207
0.55665,-0.7791,0.019477,0.28769
0.55594,-0.77727,0.018734,0.29399
0.55502,-0.77516,0.017889,0.30127
0.55371,-0.77281,0.016816,0.30965
0.55207,-0.77024,0.015468,0.31892
0.55046,-0.76723,0.013764,0.32889
0.54912,-0.76369,0.011241,0.33928
0.54787,-0.75961,0.0072561,0.3504
0.54656,-0.755,0.001975,0.36227
0.54506,-0.75033,-0.0034476,0.37403
0.54311,-0.74683,-0.0072718,0.3837
0.54046,-0.74571,-0.0085827,0.38955
0.53675,-0.74787,-0.0070208,0.39057
0.53214,-0.75163,-0.0039491,0.3897
0.52701,-0.75537,-0.0002994,0.38946
0.52126,-0.75895,0.0045013,0.3902
0.51563,-0.76156,0.010311,0.39249
0.51147,-0.76201,0.015487,0.39687
0.5092,-0.76052,0.019976,0.40241
0.50722,-0.75919,0.024909,0.40711
0.50461,-0.75864,0.030418,0.41098
0.50151,-0.75815,0.036005,0.41521
0.49868,-0.75637,0.041193,0.42134
0.49685,-0.75236,0.045166,0.43018
0.49646,-0.74617,0.047145,0.44107
0.49673,-0.73965,0.048399,0.45148
0.49716,-0.73365,0.049809,0.46055
0.49752,-0.72781,0.051624,0.46915
0.49794,-0.72194,0.05433,0.4774
0.49869,-0.71605,0.058094,0.48499
0.5002,-0.70983,0.062348,0.49198
0.50293,-0.70322,0.066493,0.49812
0.50687,-0.69646,0.070206,0.50309
0.5121,-0.68894,0.073286,0.50768
0.51896,-0.68031,0.07593,0.51196
0.52695,-0.67201,0.078838,0.5143
0.53573,-0.66408,0.081634,0.51511
0.54522,-0.65782,0.083354,0.5129
0.55463,-0.65361,0.083468,0.50814
0.56404,-0.6501,0.081052,0.50266
0.57296,-0.6478,0.076698,0.49617
0.5805,-0.64824,0.071713,0.4875
0.58616,-0.65237,0.0675,0.47569
0.59116,-0.65781,0.066166,0.462
0.5971,-0.65901,0.06551,0.45264
0.60291,-0.65589,0.060712,0.45013
0.60529,-0.65495,0.053947,0.44916
0.60079,-0.65996,0.045228,0.44884
0.59316,-0.66657,0.035887,0.45006
0.59142,-0.67086,0.033553,0.44615
0.58935,-0.68264,0.035932,0.43056
0.57382,-0.7044,0.031338,0.41662
0.55135,-0.72007,0.032815,0.42004
0.55143,-0.70917,0.050425,0.43642
0.553,-0.71871,0.057108,0.41759
0.54429,-0.72273,0.043931,0.42365
0.53781,-0.71708,0.020027,0.44289
0.53535,-0.72032,0.016079,0.44076
0.53616,-0.7286,0.021666,0.42569
0.53592,-0.73139,0.017033,0.42139
0.53151,-0.73814,0.01475,0.41524
0.52559,-0.75163,0.018289,0.39807
0.5235,-0.76339,0.01789,0.37799
0.52957,-0.76342,0.0063975,0.36974
0.53524,-0.75685,-0.0070903,0.37502
0.53656,-0.74938,-0.018127,0.38756
0.53673,-0.74249,-0.028533,0.39976
0.53796,-0.73742,-0.038409,0.40662
0.54071,-0.73503,-0.046907,0.40641
0.54509,-0.73497,-0.054482,0.39967
0.55031,-0.73471,-0.06234,0.39175
0.55513,-0.73349,-0.070074,0.38588
0.55814,-0.7334,-0.075669,0.38064
0.55996,-0.73513,-0.078834,0.37392
0.56037,-0.73929,-0.077503,0.36527
0.56001,-0.74465,-0.072677,0.35581
0.5594,-0.75014,-0.065944,0.34642
0.55899,-0.75525,-0.059254,0.33707
0.55873,-0.76016,-0.053347,0.32731
0.55833,-0.76466,-0.048366,0.31815
0.55721,-0.76863,-0.04426,0.31108
0.55495,-0.77274,-0.041336,0.30527
0.55222,-0.77709,-0.039199,0.29941
0.55003,-0.78076,-0.036491,0.29418
0.54868,-0.78355,-0.033334,0.28963
0.54876,-0.78459,-0.031326,0.28686
0.55006,-0.78381,-0.032298,0.28641
0.55222,-0.78139,-0.036185,0.28839
0.55433,-0.77842,-0.0416,0.29164
0.55588,-0.77576,-0.047649,0.29484
0.55649,-0.77418,-0.053782,0.29676
0.55621,-0.774,-0.058843,0.29681
0.55593,-0.77426,-0.062379,0.29592
0.55601,-0.7746,-0.064021,0.29454
0.55637,-0.77485,-0.064327,0.29311
0.55678,-0.775,-0.06404,0.29203
0.55701,-0.775,-0.063905,0.29161
0.55708,-0.77472,-0.064347,0.29211
0.55702,-0.77453,-0.065036,0.29258
0.55679,-0.77473,-0.065509,0.29238
0.5565,-0.77539,-0.065327,0.29124
0.55629,-0.77629,-0.064511,0.28941
0.55616,-0.77725,-0.063433,0.2873
0.55602,-0.77799,-0.062806,0.28569
0.55589,-0.77839,-0.062839,0.28488
0.55582,-0.77843,-0.063479,0.28475
0.55596,-0.77801,-0.064848,0.28532
0.55625,-0.77734,-0.066541,0.28619
0.55654,-0.77663,-0.068133,0.28718
0.55683,-0.77581,-0.069689,0.28846
0.55712,-0.77486,-0.07139,0.29003
0.55742,-0.77378,-0.073399,0.29183
0.55776,-0.77254,-0.075863,0.29383
0.55814,-0.77133,-0.078547,0.29558
0.55851,-0.77052,-0.080992,0.29633
0.55885,-0.77006,-0.083102,0.29629
0.55912,-0.76999,-0.084601,0.29553
0.55941,-0.77003,-0.08546,0.29462
0.55985,-0.77003,-0.085882,0.29367
0.56033,-0.77004,-0.086264,0.2926
0.56066,-0.77,-0.08695,0.29187
0.56094,-0.76975,-0.08796,0.29172
0.5612,-0.76916,-0.089208,0.29238
0.56139,-0.76847,-0.090461,0.29346
0.56146,-0.76786,-0.091645,0.29454
0.56145,-0.76746,-0.092632,0.2953
0.56137,-0.76718,-0.093478,0.29591
0.5612,-0.76699,-0.094224,0.29649
0.56097,-0.76691,-0.094847,0.29693
0.56075,-0.76696,-0.095294,0.29707
0.5606,-0.76708,-0.095654,0.29692
0.56047,-0.76717,-0.09605,0.29682
0.56034,-0.76717,-0.096455,0.29694
0.56021,-0.7671,-0.096809,0.29724
0.56004,-0.76709,-0.097033,0.29751
0.55973,-0.76722,-0.097119,0.29772
0.55936,-0.76742,-0.097088,0.29792
0.55908,-0.7676,-0.096901,0.29805
0.55887,-0.76777,-0.096686,0.29808
0.55864,-0.768,-0.096628,0.29793
0.55836,-0.7683,-0.096702,0.29765
0.55807,-0.76852,-0.096974,0.29754
0.55778,-0.76866,-0.097367,0.29761
0.55747,-0.76877,-0.097767,0.29777
0.55712,-0.76886,-0.09814,0.29806
0.55675,-0.76893,-0.098486,0.29845
0.55641,-0.76905,-0.098701,0.29871
0.55612,-0.76923,-0.098793,0.29876
0.55586,-0.76944,-0.098844,0.29867
0.55561,-0.76967,-0.098866,0.29854
0.55538,-0.76997,-0.098755,0.29823
0.55511,-0.77041,-0.098522,0.29769
0.55478,-0.77081,-0.098344,0.29732
0.55444,-0.77113,-0.098195,0.29718
0.55412,-0.77142,-0.098009,0.2971
0.55387,-0.77167,-0.097829,0.29695
0.55368,-0.7719,-0.097781,0.29674
0.55346,-0.77205,-0.097981,0.29669
0.55334,-0.77202,-0.098415,0.29682
0.55337,-0.77181,-0.09912,0.29708
0.55346,-0.77153,-0.10005,0.29733
0.55353,-0.77123,-0.10111,0.29763
0.55353,-0.77087,-0.10225,0.29817
0.55347,-0.7705,-0.10341,0.29885
0.55335,-0.77009,-0.10473,0.29967
0.55322,-0.76945,-0.10647,0.30093
0.55317,-0.76851,-0.10868,0.30262
0.55307,-0.7676,-0.11095,0.30429
0.55289,-0.767,-0.11275,0.30547
0.55276,-0.76661,-0.11405,0.3062
0.55274,-0.7664,-0.11473,0.30651
0.55275,-0.76627,-0.11509,0.30669
0.55272,-0.76624,-0.11526,0.30676
0.55264,-0.76619,-0.11542,0.30696
0.55255,-0.76591,-0.11582,0.30767
0.55252,-0.76531,-0.11666,0.30889
0.55253,-0.76474,-0.11754,0.30993
0.55253,-0.76431,-0.11822,0.31075
0.5526,-0.76388,-0.11862,0.31152
0.55278,-0.76348,-0.1188,0.31214
0.553,-0.76321,-0.11886,0.31236
0.55325,-0.76303,-0.11896,0.31233
0.55362,-0.76286,-0.11886,0.31212
0.55422,-0.76289,-0.1181,0.31128
0.55504,-0.76311,-0.11647,0.30988
0.55602,-0.76334,-0.11432,0.30836
0.55701,-0.7635,-0.11195,0.30704
0.55785,-0.76334,-0.11001,0.30662
0.55861,-0.76277,-0.10876,0.30708
0.55934,-0.76186,-0.10818,0.30824
0.56005,-0.76073,-0.108,0.30979
0.56072,-0.75951,-0.1079,0.31158
0.56134,-0.75828,-0.10764,0.31357
0.56186,-0.75732,-0.10698,0.31518
0.56231,-0.75657,-0.10618,0.31643
0.56278,-0.75585,-0.10557,0.31752
0.56336,-0.75509,-0.10515,0.31845
0.56412,-0.75429,-0.10459,0.31917
0.56509,-0.75359,-0.10352,0.31947
0.56627,-0.75296,-0.10192,0.31938
0.56765,-0.75228,-0.10001,0.31913
0.56921,-0.75145,-0.098116,0.31889
0.57089,-0.75038,-0.096504,0.31891
0.57262,-0.749,-0.095358,0.31938
0.57442,-0.74738,-0.094475,0.32021
0.57639,-0.74556,-0.093543,0.32118
0.57847,-0.7437,-0.092337,0.32212
0.58055,-0.74199,-0.090719,0.32279
0.58267,-0.74058,-0.088482,0.32281
0.58502,-0.73931,-0.085651,0.32222
0.58777,-0.73795,-0.082202,0.32124
0.5908,-0.73643,-0.078328,0.32014
0.59436,-0.73443,-0.073911,0.3192
0.59847,-0.73165,-0.069414,0.31892
0.60297,-0.72815,-0.065331,0.3193
0.60746,-0.72441,-0.061864,0.31998
0.61184,-0.72056,-0.058935,0.32088
0.61627,-0.71651,-0.056146,0.32199
0.62091,-0.71196,-0.053049,0.32369
0.62548,-0.70719,-0.049532,0.3259
0.62962,-0.70256,-0.04621,0.3284
0.63307,-0.69855,-0.04388,0.33064
0.63572,-0.69544,-0.042257,0.3323
0.63712,-0.69379,-0.040735,0.33327
0.63731,-0.69351,-0.03848,0.33377
0.63655,-0.69438,-0.035142,0.33379
0.63477,-0.69641,-0.030661,0.33338
0.63215,-0.69919,-0.025514,0.33297
0.6287,-0.70235,-0.020511,0.3332
0.625,-0.70486,-0.017,0.33506
0.6222,-0.70578,-0.015576,0.33838
0.62057,-0.70586,-0.016239,0.34116
0.61883,-0.70685,-0.018024,0.34218
0.61615,-0.70907,-0.019949,0.3423
0.61224,-0.71248,-0.021753,0.34215
0.60763,-0.71671,-0.022835,0.34146
0.60379,-0.721,-0.022556,0.33924
0.60165,-0.72475,-0.021032,0.33513
0.60066,-0.72808,-0.019004,0.32976
0.59989,-0.73156,-0.017014,0.32351
0.59792,-0.73602,-0.015504,0.31707
0.59412,-0.7416,-0.014613,0.31119
0.58957,-0.7473,-0.014003,0.30619
0.58517,-0.75254,-0.013249,0.30179
0.5813,-0.75736,-0.012253,0.29725
0.57795,-0.76195,-0.011636,0.29202
0.57519,-0.76612,-0.012451,0.28646
0.57289,-0.76967,-0.014665,0.2814
0.57095,-0.77258,-0.017839,0.27716
0.56951,-0.77471,-0.021795,0.27387
0.56892,-0.77579,-0.026654,0.27161
0.56903,-0.77596,-0.032408,0.27024
0.56967,-0.77538,-0.039303,0.26966
0.5706,-0.77423,-0.047373,0.26971
0.57165,-0.77266,-0.056351,0.27026
0.57269,-0.77082,-0.066157,0.27107
0.57345,-0.76906,-0.076776,0.27168
0.57371,-0.76757,-0.088172,0.27188
0.57357,-0.76634,-0.099902,0.27157
0.57342,-0.76539,-0.11091,0.27029
0.5735,-0.76496,-0.12001,0.26747
0.57374,-0.7648,-0.12724,0.26404
0.57436,-0.76447,-0.13274,0.26091
0.57541,-0.7638,-0.13714,0.25827
0.57657,-0.76287,-0.14139,0.25611
0.5778,-0.76172,-0.14599,0.25421
0.57936,-0.76003,-0.1516,0.25241
0.58117,-0.75796,-0.1583,0.25037
0.58264,-0.75612,-0.16566,0.24774
0.58315,-0.75515,-0.17258,0.24474
0.58273,-0.75512,-0.17827,0.24176
0.58052,-0.7568,-0.18174,0.23921
0.57696,-0.75933,-0.18381,0.23821
0.57357,-0.76103,-0.18547,0.23969
0.57137,-0.76107,-0.18761,0.24312
0.57008,-0.75962,-0.19111,0.24791
0.56852,-0.75745,-0.19645,0.25391
0.56662,-0.75527,-0.20211,0.26013
0.56585,-0.75273,-0.20606,0.26597
0.56628,-0.75052,-0.20754,0.27012
0.56655,-0.75016,-0.20659,0.27131
0.56621,-0.75161,-0.20412,0.26986
0.56619,-0.75298,-0.20175,0.26786
0.56693,-0.75364,-0.19952,0.26611
0.5677,-0.75433,-0.19707,0.26432
0.56807,-0.75538,-0.19432,0.26254
0.56806,-0.75737,-0.19055,0.25959
0.56764,-0.76087,-0.18505,0.2542
0.56728,-0.76489,-0.17877,0.24734
0.5674,-0.7684,-0.17261,0.24047
0.56773,-0.77106,-0.16722,0.23492
0.56805,-0.77248,-0.16338,0.23218
0.56831,-0.7724,-0.16141,0.23316
0.5685,-0.77136,-0.16093,0.23646
0.56858,-0.76998,-0.16169,0.24023
0.56846,-0.76855,-0.16355,0.2438
0.568,-0.76716,-0.1662,0.24742
0.56716,-0.76589,-0.16924,0.2512
0.56602,-0.76482,-0.17234,0.25491
0.56486,-0.76385,-0.17504,0.2585
0.56378,-0.76325,-0.1767,0.2615
0.56282,-0.76318,-0.17729,0.26336
0.56216,-0.76344,-0.17719,0.26408
0.56172,-0.76389,-0.17672,0.26403
0.56138,-0.76438,-0.17623,0.26368
0.56113,-0.76481,-0.17586,0.26318
0.56095,-0.7651,-0.17557,0.26294
0.56073,-0.76526,-0.17531,0.2631
0.56045,-0.76538,-0.17485,0.26365
0.56029,-0.76551,-0.174,0.26418
0.56024,-0.76568,-0.1727,0.26466
0.56016,-0.766,-0.1711,0.26494
0.56003,-0.7666,-0.16932,0.26461
0.55992,-0.76726,-0.1675,0.26409
0.55983,-0.76792,-0.1657,0.2635
0.55973,-0.76852,-0.16394,0.26306
0.55965,-0.76895,-0.16227,0.26301
0.55957,-0.76923,-0.16064,0.26336
0.55957,-0.76934,-0.1591,0.26398
0.55968,-0.76918,-0.15777,0.26499
0.55979,-0.76869,-0.15692,0.26668
0.55991,-0.76785,-0.15659,0.26906
0.56009,-0.76673,-0.15662,0.27184
0.56035,-0.7655,-0.15676,0.27466
0.56071,-0.76428,-0.15681,0.2773
0.56118,-0.7631,-0.1566,0.2797
0.5617,-0.76202,-0.15607,0.28189
0.56219,-0.76114,-0.15515,0.28379
0.56265,-0.76048,-0.15383,0.28538
0.5631,-0.76,-0.1522,0.28661
0.56358,-0.75978,-0.15016,0.28733
0.56411,-0.75982,-0.14763,0.2875
0.56468,-0.75999,-0.14473,0.28741
0.56531,-0.76023,-0.14145,0.28716
0.56603,-0.76049,-0.13789,0.2868
0.56686,-0.76071,-0.13413,0.28635
0.56782,-0.76083,-0.13034,0.28587
0.56898,-0.76071,-0.12669,0.28553
0.57023,-0.76039,-0.12322,0.28541
0.57152,-0.75998,-0.11982,0.28538
0.57289,-0.75953,-0.11633,0.28527
0.57443,-0.75907,-0.11254,0.28491
0.57611,-0.75867,-0.10838,0.28419
0.57784,-0.75834,-0.10395,0.28324
0.57957,-0.75798,-0.099404,0.28228
0.58132,-0.75757,-0.094825,0.28136
0.58314,-0.75708,-0.090207,0.28043
0.58505,-0.75659,-0.085433,0.27927
0.58699,-0.75625,-0.080297,0.27763
0.58893,-0.75602,-0.074796,0.27567
0.59093,-0.75567,-0.069103,0.27382
0.59304,-0.75492,-0.063575,0.27269
0.59514,-0.75376,-0.058643,0.27244
0.59722,-0.75233,-0.054553,0.27269
0.59922,-0.75089,-0.051306,0.27289
0.60103,-0.74957,-0.04862,0.27303
0.60263,-0.74825,-0.046548,0.27348
0.60401,-0.74678,-0.04525,0.27469
0.60551,-0.74483,-0.044929,0.27672
0.60749,-0.74217,-0.045249,0.27944
0.60969,-0.73924,-0.045991,0.28228
0.61182,-0.7364,-0.047057,0.28493
0.61402,-0.7336,-0.048446,0.28716
0.61642,-0.73085,-0.049875,0.28879
0.61889,-0.72821,-0.051101,0.28996
0.62125,-0.7257,-0.051885,0.29106
0.62348,-0.72321,-0.052116,0.29244
0.62561,-0.72064,-0.051452,0.29435
0.62744,-0.71829,-0.049965,0.29643
0.6287,-0.71658,-0.047712,0.29828
0.62928,-0.71543,-0.045141,0.30021
0.62914,-0.71463,-0.04276,0.30276
0.62843,-0.7139,-0.041276,0.30613
0.6273,-0.71285,-0.041761,0.31082
0.62587,-0.71135,-0.044327,0.31671
0.62423,-0.70954,-0.048527,0.32331
0.62253,-0.70783,-0.053122,0.32957
0.62088,-0.70645,-0.057218,0.33491
0.6195,-0.70545,-0.060314,0.33901
0.61849,-0.70495,-0.062125,0.34155
0.6177,-0.70511,-0.062652,0.34254
0.617,-0.70596,-0.061966,0.3422
0.61616,-0.70748,-0.060351,0.34084
0.615,-0.70961,-0.058323,0.33885
0.61362,-0.71194,-0.056413,0.3368
0.61211,-0.71424,-0.054803,0.33493
0.61088,-0.71625,-0.053329,0.33311
0.61021,-0.71786,-0.051749,0.33112
0.61015,-0.71909,-0.049861,0.32884
0.61061,-0.71999,-0.04759,0.32634
0.61139,-0.72059,-0.045203,0.3239
0.61216,-0.72097,-0.043223,0.32187
0.61274,-0.72122,-0.041861,0.32038
0.61314,-0.72135,-0.041151,0.31942
0.61335,-0.72131,-0.041257,0.31907
0.61349,-0.72104,-0.042189,0.3193
0.61372,-0.72045,-0.04376,0.31999
0.61399,-0.71968,-0.04565,0.32091
0.61406,-0.71899,-0.047682,0.32203
0.61362,-0.7186,-0.049844,0.32341
0.61266,-0.71857,-0.052171,0.32493
0.61151,-0.71871,-0.054642,0.32639
0.61054,-0.71882,-0.057049,0.32755
0.60983,-0.71887,-0.059245,0.32837
0.60953,-0.71887,-0.061111,0.32857
0.6095,-0.71896,-0.062617,0.32816
0.60955,-0.71934,-0.063661,0.32702
0.60958,-0.72013,-0.064182,0.32513
0.6097,-0.72146,-0.063748,0.32202
0.60989,-0.72321,-0.062453,0.31797
0.60987,-0.72575,-0.059916,0.31266
0.60935,-0.72909,-0.056291,0.30651
0.60827,-0.733,-0.051861,0.30006
0.60682,-0.73689,-0.047306,0.29416
0.60522,-0.74029,-0.043317,0.2895
0.60396,-0.74232,-0.04082,0.28728
0.60361,-0.74263,-0.040028,0.28732
0.604,-0.74158,-0.040889,0.28909
0.60427,-0.74031,-0.042775,0.29149
0.60397,-0.73958,-0.044858,0.29365
0.60293,-0.73975,-0.046551,0.2951
0.60098,-0.74103,-0.047088,0.29576
0.59842,-0.74304,-0.046236,0.29605
0.59602,-0.74495,-0.044398,0.29639
0.59472,-0.74575,-0.042506,0.29725
0.5949,-0.74503,-0.041569,0.29884
0.59606,-0.74312,-0.042394,0.30115
0.59659,-0.7414,-0.044798,0.30397
0.59592,-0.7407,-0.047465,0.30659
0.59434,-0.74097,-0.049757,0.30862
0.59238,-0.74183,-0.051331,0.31007
0.59063,-0.74302,-0.051687,0.3105
0.58957,-0.74447,-0.050421,0.30924
0.58934,-0.7461,-0.047363,0.3062
0.58947,-0.74782,-0.043239,0.30237
0.58954,-0.74949,-0.038858,0.29867
0.58937,-0.75101,-0.034823,0.29567
0.58902,-0.75237,-0.031451,0.29325
0.5887,-0.75359,-0.028801,0.29104
0.58855,-0.75464,-0.02678,0.2888
0.58845,-0.75561,-0.025328,0.28659
0.58824,-0.75652,-0.024319,0.28471
0.58797,-0.75721,-0.0237,0.28348
0.58781,-0.75758,-0.023243,0.28287
0.58774,-0.75772,-0.022738,0.28269
0.58767,-0.75769,-0.022366,0.28293
0.58766,-0.75741,-0.022395,0.28368
0.58776,-0.75688,-0.022985,0.28486
0.58791,-0.75618,-0.024094,0.28631
0.58811,-0.75542,-0.025452,0.28778
0.58827,-0.75486,-0.026643,0.28883
0.58831,-0.75456,-0.027522,0.28943
0.58816,-0.75459,-0.027984,0.28961
0.5879,-0.75481,-0.028186,0.28956
0.58767,-0.7551,-0.028122,0.28927
0.58744,-0.75555,-0.027697,0.28861
0.58712,-0.75617,-0.027124,0.2877
0.58677,-0.75677,-0.026631,0.28687
0.58635,-0.75729,-0.026368,0.28637
0.58584,-0.75782,-0.026205,0.28604
0.58523,-0.7584,-0.025897,0.28576
0.58455,-0.75903,-0.025305,0.28554
0.58384,-0.75963,-0.024585,0.28547
0.58315,-0.76005,-0.023976,0.28579
0.58249,-0.76029,-0.023736,0.28654
0.58182,-0.76032,-0.024003,0.2878
0.58115,-0.76021,-0.024547,0.28939
0.58047,-0.76008,-0.025172,0.29103
0.57972,-0.76004,-0.025928,0.29257
0.57876,-0.7602,-0.027015,0.29395
0.57753,-0.76043,-0.028527,0.29564
0.57599,-0.76062,-0.030384,0.29793
0.57424,-0.76085,-0.032409,0.30052
0.57257,-0.76098,-0.034405,0.30313
0.57146,-0.7608,-0.036079,0.30548
0.57096,-0.76033,-0.037292,0.30744
0.57035,-0.76007,-0.038201,0.3091
0.56908,-0.76038,-0.038898,0.31057
0.5672,-0.76106,-0.03939,0.31228
0.56479,-0.7618,-0.0397,0.31478
0.56226,-0.76213,-0.040061,0.31847
0.55985,-0.76172,-0.040869,0.32354
0.55767,-0.76072,-0.042301,0.32941
0.55601,-0.75885,-0.044485,0.33619
0.55463,-0.75635,-0.047222,0.34365
0.55337,-0.75319,-0.050654,0.35202
0.55219,-0.74932,-0.054636,0.3614
0.55082,-0.74534,-0.058623,0.37098
0.54899,-0.74196,-0.062082,0.3798
0.54659,-0.73953,-0.064658,0.38749
0.54365,-0.73834,-0.065881,0.39365
0.54022,-0.73885,-0.065316,0.39749
0.53608,-0.74186,-0.062253,0.39797
0.53133,-0.7461,-0.057358,0.39716
0.52614,-0.75074,-0.050744,0.39622
0.52078,-0.75516,-0.042495,0.39588
0.51577,-0.75872,-0.033531,0.39648
0.51132,-0.76146,-0.024743,0.39765
0.5074,-0.7634,-0.016655,0.39937
0.50384,-0.76465,-0.0091951,0.40172
0.50056,-0.76502,-0.0023061,0.4052
0.49772,-0.76386,0.0036897,0.41084
0.49547,-0.7607,0.0085547,0.41924
0.49371,-0.75629,0.01295,0.42907
0.49214,-0.75148,0.017616,0.43905
0.49053,-0.74666,0.022571,0.44873
0.48906,-0.74162,0.027632,0.45831
0.48808,-0.73606,0.032406,0.46792
0.48797,-0.72976,0.036852,0.47747
0.4891,-0.7226,0.041156,0.48676
0.49097,-0.71498,0.045335,0.49568
0.49429,-0.70647,0.048879,0.50417
0.49973,-0.69645,0.051224,0.51245
0.50698,-0.686,0.052148,0.51929
0.51528,-0.67646,0.051054,0.52372
0.52454,-0.66719,0.046057,0.52687
0.53426,-0.65765,0.037986,0.52974
0.5433,-0.65094,0.027692,0.52947
0.55077,-0.65132,0.01879,0.52161
0.55789,-0.65948,0.015663,0.50358
0.56652,-0.66625,0.019139,0.48456
0.57433,-0.6665,0.023264,0.47475
0.57919,-0.66236,0.023748,0.47461
0.58093,-0.65348,0.017248,0.48496
0.57614,-0.64869,0.0059494,0.49722
0.56615,-0.65583,-0.0038529,0.49935
0.55883,-0.66527,-0.010807,0.49498
0.55792,-0.67166,-0.014461,0.48722
0.56164,-0.67932,-0.014245,0.4721
0.56178,-0.69247,-0.018795,0.45225
0.54703,-0.71656,-0.025365,0.43204
0.52665,-0.72899,-0.016743,0.43696
0.52395,-0.7142,-0.00081098,0.46411
0.53239,-0.71922,0.0023334,0.44641
0.53485,-0.71103,-0.019841,0.45605
0.5306,-0.69523,-0.043699,0.48292
0.52824,-0.71482,-0.051334,0.45538
0.53864,-0.72864,-0.048091,0.42028
0.54155,-0.72842,-0.054815,0.41609
0.53859,-0.73561,-0.054002,0.40729
0.53216,-0.74721,-0.046636,0.39535
0.53036,-0.74881,-0.046835,0.39472
0.53419,-0.74026,-0.056963,0.40425
0.53673,-0.73285,-0.06595,0.41292
0.53702,-0.72844,-0.073245,0.41907
0.53631,-0.72739,-0.082668,0.42006
0.53545,-0.73217,-0.091084,0.41101
0.53743,-0.73871,-0.096872,0.39508
0.544,-0.73967,-0.10339,0.38244
0.54884,-0.73572,-0.11173,0.3808
0.55124,-0.73209,-0.1163,0.38295
0.55256,-0.73027,-0.11794,0.38402
0.55376,-0.72892,-0.12021,0.38415
0.55471,-0.72784,-0.12375,0.38371
0.55457,-0.72897,-0.1269,0.38074
0.55321,-0.73346,-0.12671,0.37409
0.55095,-0.74108,-0.12234,0.3637
0.54839,-0.74998,-0.11482,0.35159
0.54616,-0.75746,-0.10649,0.34152
0.54423,-0.76258,-0.099385,0.33526
0.54259,-0.76584,-0.094455,0.33191
0.54147,-0.76713,-0.092677,0.33126
0.54116,-0.76633,-0.094328,0.33315
0.54137,-0.76404,-0.098959,0.3367
0.5416,-0.76113,-0.10473,0.34116
0.541,-0.7583,-0.11137,0.34625
0.53928,-0.75631,-0.11818,0.35101
0.5373,-0.75528,-0.12463,0.35401
0.53598,-0.75441,-0.1304,0.35579
0.53474,-0.75403,-0.13566,0.3565
0.53438,-0.75375,-0.13982,0.35603
0.53519,-0.75353,-0.14227,0.35429
0.5362,-0.75366,-0.1436,0.35195
0.53689,-0.754,-0.14398,0.35001
0.53725,-0.75441,-0.14343,0.3488
0.53744,-0.75502,-0.14171,0.34789
0.53754,-0.75612,-0.13892,0.34645
0.5375,-0.7578,-0.1354,0.34425
0.53751,-0.75929,-0.1321,0.3422
0.53761,-0.76054,-0.12921,0.34038
0.53769,-0.7616,-0.1269,0.33874
0.53779,-0.76223,-0.12554,0.33768
0.53799,-0.7622,-0.12525,0.33754
0.53829,-0.7615,-0.12595,0.33838
0.53863,-0.76033,-0.12738,0.33993
0.53895,-0.75902,-0.12919,0.34167
0.53915,-0.75772,-0.13125,0.34344
0.53928,-0.75647,-0.13329,0.3452
0.53944,-0.75543,-0.13492,0.3466
0.53973,-0.75471,-0.13587,0.34735
0.54013,-0.75428,-0.13616,0.34755
0.54058,-0.75412,-0.13581,0.34731
0.54104,-0.75419,-0.13506,0.34675
0.54147,-0.75441,-0.13416,0.34596
0.54176,-0.75467,-0.13344,0.34521
0.54187,-0.75485,-0.13308,0.34478
0.54193,-0.75487,-0.13299,0.34466
0.54199,-0.7547,-0.13314,0.34487
0.54206,-0.75423,-0.13367,0.34559
0.54207,-0.75345,-0.13463,0.34691
0.54197,-0.75258,-0.13579,0.34849
0.54186,-0.75176,-0.13695,0.34998
0.54181,-0.75103,-0.13801,0.35121
0.54185,-0.75037,-0.13889,0.35221
0.54199,-0.74987,-0.13936,0.35287
0.54219,-0.74974,-0.13922,0.35291
0.54236,-0.74989,-0.13873,0.35251
0.54252,-0.75029,-0.1379,0.35174
0.54265,-0.75079,-0.13687,0.35088
0.54268,-0.75133,-0.13583,0.35008
0.5427,-0.75175,-0.135,0.34945
0.54276,-0.75198,-0.13449,0.34908
0.54286,-0.752,-0.13427,0.34896
0.54303,-0.75161,-0.13452,0.34944
0.54326,-0.75088,-0.13515,0.35042
0.54349,-0.74997,-0.13602,0.35164
0.54371,-0.74909,-0.13698,0.35283
0.54389,-0.74825,-0.13791,0.35396
0.54405,-0.74745,-0.13878,0.35507
0.5442,-0.74678,-0.13955,0.35595
0.54441,-0.74625,-0.14018,0.35648
0.54474,-0.74581,-0.14064,0.35672
0.54514,-0.74542,-0.14093,0.3568
0.54566,-0.74499,-0.14099,0.35689
0.5463,-0.74453,-0.14072,0.35696
0.54689,-0.74429,-0.1401,0.35681
0.54736,-0.74422,-0.13928,0.35655
0.54775,-0.74424,-0.13839,0.35627
0.54811,-0.74426,-0.13752,0.356
0.54843,-0.74428,-0.13672,0.35578
0.54869,-0.74427,-0.13608,0.35565
0.54899,-0.74417,-0.13554,0.35561
0.54934,-0.74401,-0.13502,0.35558
0.54965,-0.74395,-0.13451,0.35542
0.54987,-0.74399,-0.13402,0.35518
0.54996,-0.74406,-0.13367,0.35504
0.55004,-0.74377,-0.1337,0.3555
0.55029,-0.74311,-0.13402,0.35638
0.55061,-0.74246,-0.1345,0.35705
0.55092,-0.74189,-0.1353,0.35748
0.55114,-0.74134,-0.13617,0.35794
0.55132,-0.74075,-0.13697,0.35856
0.55167,-0.73982,-0.13793,0.35958
0.55219,-0.73862,-0.13904,0.36082
0.55277,-0.73735,-0.14034,0.36203
0.55308,-0.73617,-0.14193,0.36334
0.55325,-0.73504,-0.14354,0.36472
0.55345,-0.73411,-0.14482,0.36579
0.55378,-0.73352,-0.14547,0.36622
0.55423,-0.73304,-0.14561,0.36644
0.55476,-0.73259,-0.14522,0.3667
0.55541,-0.7322,-0.14445,0.36679
0.55621,-0.73201,-0.14337,0.36639
0.55708,-0.73183,-0.14231,0.36583
0.558,-0.7315,-0.14145,0.36542
0.55898,-0.73107,-0.1406,0.36511
0.55995,-0.73057,-0.1399,0.3649
0.56087,-0.72998,-0.13934,0.36487
0.56187,-0.72921,-0.13876,0.36509
0.56306,-0.72817,-0.13821,0.36556
0.56437,-0.7271,-0.13764,0.36588
0.56572,-0.7261,-0.13711,0.36596
0.56702,-0.72513,-0.13668,0.36606
0.5683,-0.72411,-0.13643,0.36618
0.56953,-0.72307,-0.13636,0.36635
0.57073,-0.72201,-0.13639,0.36657
0.57191,-0.72091,-0.13651,0.36684
0.57313,-0.71974,-0.1366,0.3672
0.57438,-0.71855,-0.13657,0.36759
0.57564,-0.7174,-0.13632,0.36797
0.57689,-0.71629,-0.1358,0.36835
0.57814,-0.71524,-0.13498,0.36874
0.57942,-0.71417,-0.13401,0.36915
0.58084,-0.71291,-0.13308,0.36969
0.5824,-0.71138,-0.1324,0.37042
0.58407,-0.70948,-0.13206,0.37157
0.58578,-0.7072,-0.13206,0.37321
0.58754,-0.70447,-0.13252,0.37546
0.58944,-0.70121,-0.1334,0.37825
0.59152,-0.69776,-0.13426,0.38106
0.59373,-0.69466,-0.1345,0.3832
0.59594,-0.69225,-0.13377,0.38439
0.5977,-0.69112,-0.13199,0.3843
0.59832,-0.69177,-0.12948,0.38302
0.59723,-0.69439,-0.12657,0.38095
0.59497,-0.69818,-0.12346,0.37856
0.59192,-0.70269,-0.12035,0.376
0.58803,-0.70779,-0.11751,0.37343
0.58284,-0.71361,-0.11532,0.37115
0.57674,-0.71928,-0.11457,0.36998
0.57082,-0.72293,-0.11662,0.37139
0.56559,-0.72449,-0.12125,0.37487
0.56079,-0.72475,-0.12768,0.3794
0.55627,-0.72438,-0.13518,0.38413
0.55228,-0.72389,-0.14248,0.38816
0.54941,-0.72338,-0.14872,0.39083
0.54813,-0.72292,-0.1534,0.39167
0.54797,-0.72267,-0.15674,0.39104
0.54835,-0.72288,-0.15903,0.3892
0.54818,-0.72378,-0.16106,0.38692
0.54722,-0.72517,-0.16349,0.38463
0.54577,-0.72672,-0.16662,0.38243
0.5438,-0.72834,-0.1706,0.38039
0.54112,-0.73002,-0.17553,0.37875
0.53753,-0.73176,-0.1816,0.37765
0.53319,-0.73343,-0.18889,0.37696
0.52856,-0.73478,-0.19725,0.37659
0.52411,-0.73592,-0.20607,0.37586
0.51983,-0.73729,-0.21471,0.37427
0.51567,-0.73882,-0.22319,0.37205
0.51154,-0.73977,-0.23224,0.37032
0.50753,-0.73965,-0.24233,0.3696
0.50392,-0.7384,-0.25333,0.36968
0.50113,-0.73612,-0.26472,0.37001
0.49964,-0.73305,-0.27587,0.36999
0.49891,-0.72959,-0.28657,0.36968
0.49825,-0.7257,-0.29716,0.36987
0.49796,-0.72091,-0.30765,0.37105
0.4983,-0.71591,-0.31754,0.37194
0.49892,-0.71119,-0.32718,0.37181
0.49895,-0.70653,-0.33735,0.37156
0.49924,-0.70335,-0.34497,0.37022
0.50012,-0.70311,-0.34826,0.36637
0.50081,-0.70517,-0.34811,0.36158
0.50185,-0.70762,-0.34596,0.3574
0.50452,-0.70848,-0.34332,0.35447
0.50829,-0.70773,-0.3415,0.35233
0.51042,-0.7083,-0.33907,0.35045
0.51147,-0.71026,-0.33477,0.34909
0.51361,-0.71147,-0.32989,0.3481
0.51663,-0.71196,-0.32626,0.34606
0.51841,-0.71239,-0.32327,0.34532
0.51877,-0.71061,-0.32164,0.34996
0.51835,-0.70634,-0.32142,0.3593
0.51624,-0.70221,-0.3223,0.36949
0.51259,-0.69991,-0.32345,0.37782
0.50864,-0.70062,-0.32367,0.38165
0.5064,-0.70331,-0.3219,0.38119
0.50609,-0.70801,-0.3182,0.37597
0.5082,-0.71377,-0.3122,0.36715
0.51291,-0.72008,-0.30322,0.35562
0.51878,-0.72616,-0.29301,0.34308
0.524,-0.73111,-0.28397,0.33206
0.52754,-0.73425,-0.27765,0.32479
0.52932,-0.73526,-0.27444,0.32232
0.53043,-0.73448,-0.2734,0.32317
0.5313,-0.73248,-0.27398,0.32578
0.53185,-0.72998,-0.27555,0.32914
0.53194,-0.72754,-0.27746,0.33278
0.53177,-0.72561,-0.27871,0.3362
0.53166,-0.72446,-0.27866,0.33888
0.53165,-0.72405,-0.27754,0.34069
0.53174,-0.72438,-0.27548,0.34152
0.53195,-0.72515,-0.27302,0.34154
0.53234,-0.72599,-0.27072,0.34097
0.53287,-0.72666,-0.26891,0.34014
0.53337,-0.72707,-0.26754,0.33957
0.53376,-0.727,-0.26685,0.33965
0.53415,-0.72665,-0.26653,0.34004
0.53465,-0.72648,-0.26601,0.34002
0.53531,-0.72666,-0.2649,0.33947
0.53617,-0.72704,-0.26314,0.33867
0.53733,-0.72742,-0.26063,0.33795
0.53875,-0.72777,-0.25727,0.33749
0.54006,-0.72846,-0.25298,0.33717
0.54104,-0.72968,-0.24791,0.33672
0.54174,-0.73131,-0.24261,0.33592
0.5423,-0.73284,-0.23778,0.33515
0.54269,-0.73358,-0.2342,0.33541
0.5427,-0.73325,-0.23213,0.33756
0.54239,-0.7324,-0.23092,0.34071
0.54213,-0.73129,-0.23013,0.34402
0.54217,-0.72998,-0.22953,0.34713
0.5424,-0.72865,-0.22905,0.34987
0.54263,-0.72761,-0.2283,0.35216
0.54298,-0.72695,-0.22698,0.35383
0.5436,-0.72675,-0.225,0.35455
0.54452,-0.72705,-0.22237,0.3542
0.54566,-0.72766,-0.21911,0.35323
0.54697,-0.72835,-0.21519,0.35218
0.54846,-0.72882,-0.21078,0.35154
0.55006,-0.72896,-0.2062,0.35147
0.55167,-0.72867,-0.20181,0.35211
0.55327,-0.72796,-0.1979,0.35328
0.55488,-0.72697,-0.19452,0.35466
0.55649,-0.7258,-0.19169,0.35606
0.55807,-0.7243,-0.18963,0.35775
0.55966,-0.72241,-0.1883,0.35979
0.56136,-0.72017,-0.18747,0.36206
0.56311,-0.7176,-0.18703,0.36465
0.56485,-0.71481,-0.18683,0.36755
0.56689,-0.71179,-0.18649,0.37043
0.5697,-0.70861,-0.18544,0.37272
0.57326,-0.70524,-0.18366,0.37454
0.57751,-0.70135,-0.18118,0.37652
0.58215,-0.69682,-0.17827,0.37917
0.58686,-0.69198,-0.1751,0.38224
0.59121,-0.68746,-0.17173,0.3852
0.59469,-0.68367,-0.1689,0.38782
0.59705,-0.68062,-0.16691,0.39043
0.59853,-0.67797,-0.16547,0.39338
0.59957,-0.67568,-0.16405,0.3963
0.60065,-0.67386,-0.16225,0.3985
0.60187,-0.67301,-0.1595,0.3992
0.60298,-0.67333,-0.15564,0.39853
0.60311,-0.67604,-0.14985,0.39594
0.60191,-0.68081,-0.14268,0.39224
0.59949,-0.68658,-0.13472,0.38867
0.59657,-0.69158,-0.12742,0.38677
0.59353,-0.69418,-0.123,0.3882
0.59074,-0.69475,-0.12121,0.392
0.58892,-0.69262,-0.12378,0.39766
0.58716,-0.69,-0.12835,0.40332
0.5846,-0.68814,-0.13386,0.4084
0.58103,-0.68754,-0.1392,0.41268
0.57734,-0.68794,-0.14342,0.41575
0.57419,-0.68905,-0.14613,0.41734
0.57212,-0.69048,-0.14779,0.41722
0.57159,-0.69159,-0.14868,0.41578
0.57177,-0.69286,-0.1489,0.41335
0.5712,-0.69492,-0.14867,0.41075
0.56909,-0.69804,-0.14869,0.40838
0.56598,-0.70145,-0.14979,0.40643
0.56283,-0.70442,-0.1517,0.40498
0.5599,-0.70694,-0.15374,0.40386
0.5577,-0.7092,-0.15575,0.40219
0.55694,-0.71169,-0.15693,0.39837
0.55742,-0.71474,-0.15714,0.39208
0.55791,-0.71798,-0.15738,0.38531
0.55742,-0.72095,-0.15787,0.38025
0.55588,-0.72361,-0.15802,0.37738
0.55424,-0.72553,-0.1579,0.37614
0.55329,-0.7265,-0.1575,0.37584
0.55387,-0.72637,-0.15742,0.37527
0.55601,-0.72528,-0.15875,0.37367
0.55865,-0.72371,-0.16155,0.37157
0.56144,-0.72196,-0.16498,0.36924
0.5644,-0.72041,-0.16784,0.36646
0.56751,-0.7195,-0.16896,0.3629
0.57028,-0.71977,-0.16791,0.35851
0.57213,-0.72127,-0.16526,0.35372
0.57338,-0.72306,-0.1625,0.34931
0.57439,-0.72454,-0.16031,0.34558
0.57525,-0.72559,-0.15892,0.34256
0.57593,-0.72638,-0.15827,0.34004
0.57664,-0.72686,-0.15818,0.33786
0.5778,-0.727,-0.15803,0.33563
0.57943,-0.72698,-0.15749,0.3331
0.58119,-0.72711,-0.15665,0.33014
0.58279,-0.72772,-0.15555,0.32646
0.5839,-0.72949,-0.15362,0.32142
0.58319,-0.7338,-0.14973,0.31465
0.58067,-0.74035,-0.14318,0.30692
0.57704,-0.74769,-0.13282,0.30057
0.57641,-0.75133,-0.12276,0.29695
0.5794,-0.75004,-0.11745,0.29653
0.58266,-0.74546,-0.11798,0.30146
0.58334,-0.74046,-0.122,0.31072
0.58298,-0.73674,-0.12565,0.31868
0.5816,-0.73606,-0.12782,0.32188
0.57874,-0.73811,-0.12881,0.32196
0.57491,-0.74149,-0.12911,0.32093
0.57135,-0.74478,-0.12851,0.31993
0.56901,-0.74762,-0.1265,0.31826
0.56834,-0.75015,-0.12271,0.31497
0.56871,-0.7525,-0.11776,0.31057
0.5688,-0.75496,-0.11271,0.30625
0.56828,-0.75758,-0.10804,0.30242
0.56755,-0.75995,-0.1041,0.2992
0.56675,-0.76172,-0.10159,0.29709
0.56581,-0.76281,-0.1008,0.29634
0.56479,-0.76339,-0.10123,0.29666
0.5637,-0.76357,-0.10234,0.29788
0.5625,-0.7636,-0.10355,0.29966
0.56101,-0.76375,-0.10454,0.3017
0.55919,-0.76417,-0.10525,0.30379
0.55704,-0.76489,-0.10565,0.30574
0.55479,-0.76575,-0.10595,0.30757
0.55267,-0.7665,-0.10638,0.30938
0.55072,-0.76707,-0.1071,0.3112
0.54898,-0.76747,-0.10803,0.31296
0.54736,-0.76787,-0.10891,0.3145
0.54581,-0.76848,-0.10947,0.3155
0.54421,-0.76941,-0.10983,0.31588
0.54253,-0.77053,-0.11016,0.31593
0.54077,-0.77169,-0.1106,0.31596
0.53886,-0.77281,-0.11106,0.31632
0.5368,-0.77396,-0.1113,0.31694
0.53449,-0.7753,-0.11098,0.31766
0.53186,-0.77696,-0.11009,0.31833
0.52878,-0.7791,-0.1085,0.31879
0.52542,-0.78162,-0.10613,0.31897
0.52211,-0.78417,-0.10335,0.31906
0.51891,-0.7862,-0.10063,0.32015
0.51595,-0.78721,-0.098234,0.32319
0.51344,-0.78669,-0.096486,0.32892
0.5113,-0.78498,-0.095635,0.33651
0.50941,-0.78234,-0.096043,0.34529
0.50776,-0.77885,-0.097809,0.35498
0.50643,-0.77444,-0.10061,0.36557
0.50513,-0.76969,-0.1038,0.37636
0.50408,-0.76493,-0.10706,0.38642
0.5028,-0.76121,-0.10967,0.39463
0.50082,-0.75968,-0.11089,0.39971
0.4981,-0.76062,-0.11033,0.40147
0.49454,-0.76347,-0.10772,0.40117
0.49055,-0.76715,-0.10297,0.40029
0.48632,-0.77102,-0.095652,0.39985
0.48281,-0.77303,-0.087857,0.40199
0.48112,-0.77275,-0.080634,0.40606
0.48059,-0.77186,-0.073694,0.40966
0.48021,-0.77132,-0.066864,0.4123
0.47971,-0.77064,-0.060341,0.41514
0.47929,-0.76873,-0.054801,0.41992
0.47908,-0.76519,-0.050381,0.42712
0.47909,-0.76103,-0.046239,0.43493
0.47986,-0.75577,-0.042604,0.44355
0.48184,-0.74897,-0.039497,0.45312
0.48464,-0.7419,-0.036136,0.46197
0.48761,-0.73462,-0.03268,0.47065
0.4903,-0.72712,-0.029315,0.47962
0.49267,-0.71999,-0.025691,0.48808
0.49537,-0.71294,-0.021842,0.49582
0.49916,-0.70557,-0.018345,0.50267
0.50385,-0.69841,-0.015731,0.50805
0.50869,-0.69192,-0.014006,0.51214
0.51362,-0.68608,-0.013115,0.51509
0.51885,-0.68059,-0.013079,0.51713
0.52463,-0.67532,-0.014299,0.51817
0.53079,-0.66974,-0.017437,0.51905
0.53727,-0.6628,-0.023626,0.52103
0.54432,-0.65426,-0.031958,0.52407
0.5511,-0.64684,-0.039835,0.52565
0.55665,-0.64353,-0.044814,0.52346
0.56085,-0.64289,-0.046749,0.51958
0.56332,-0.64224,-0.048262,0.51756
0.56283,-0.64275,-0.050969,0.5172
0.55912,-0.64684,-0.053185,0.5159
0.55141,-0.65583,-0.05399,0.51276
0.54285,-0.66746,-0.053563,0.5069
0.53983,-0.67756,-0.051237,0.49687
0.54177,-0.68572,-0.049965,0.4835
0.53574,-0.70069,-0.049827,0.46855
0.51485,-0.72303,-0.048081,0.45809
0.50989,-0.7145,-0.041624,0.47726
0.51774,-0.71313,-0.02822,0.47179
0.51267,-0.73672,-0.015494,0.44065
0.49568,-0.74798,-0.01547,0.44112
0.48457,-0.74902,-0.018872,0.45145
0.48408,-0.7526,-0.018726,0.446
0.48703,-0.75595,-0.022981,0.43682
0.49129,-0.75195,-0.044199,0.43732
0.49563,-0.74811,-0.068284,0.43592
0.49823,-0.75053,-0.083834,0.42596
0.50187,-0.75017,-0.095714,0.41978
0.50679,-0.74191,-0.11048,0.42488
0.50946,-0.73327,-0.12543,0.43248
0.51036,-0.72705,-0.13797,0.43805
0.51049,-0.72211,-0.14923,0.44236
0.51042,-0.71687,-0.16036,0.44705
0.51211,-0.7108,-0.17106,0.45082
0.51465,-0.70725,-0.18068,0.44977
0.51668,-0.70945,-0.1858,0.44181
0.51924,-0.71514,-0.18229,0.43097
0.52362,-0.71924,-0.1734,0.42243
0.52748,-0.72213,-0.16563,0.41577
0.52895,-0.72594,-0.16273,0.40833
0.53073,-0.72741,-0.16105,0.40405
0.53255,-0.72868,-0.15998,0.39979
0.53374,-0.73066,-0.15976,0.39463
0.53209,-0.7352,-0.15846,0.38892
0.52818,-0.74295,-0.15471,0.38095
0.5239,-0.75207,-0.147,0.3719
0.52125,-0.75892,-0.13689,0.36551
0.52013,-0.76278,-0.12756,0.36244
0.51951,-0.76459,-0.12205,0.36141
0.51899,-0.76556,-0.12124,0.36037
0.51853,-0.76629,-0.12342,0.35875
0.51765,-0.76635,-0.12792,0.35829
0.51582,-0.76548,-0.13463,0.36034
0.51315,-0.76401,-0.14276,0.36412
0.50976,-0.76244,-0.15141,0.36865
0.50616,-0.76131,-0.15946,0.37252
0.50293,-0.76134,-0.16583,0.37406
0.50057,-0.7627,-0.16967,0.37273
0.49914,-0.76436,-0.1717,0.37032
0.49893,-0.76548,-0.17252,0.3679
0.49905,-0.76628,-0.17333,0.36568
0.49912,-0.76677,-0.17467,0.36392
0.4992,-0.76695,-0.17572,0.36291
0.49927,-0.76696,-0.17648,0.36245
0.49907,-0.76684,-0.17698,0.36272
0.49882,-0.76661,-0.17726,0.3634
0.49839,-0.76637,-0.17718,0.36453
0.49764,-0.76659,-0.17662,0.36537
0.4968,-0.76742,-0.17529,0.36541
0.49585,-0.76879,-0.17357,0.36464
0.49507,-0.77093,-0.17125,0.36229
0.49478,-0.7734,-0.16861,0.35862
0.49458,-0.77588,-0.16626,0.35461
0.49425,-0.77812,-0.16437,0.35103
0.49393,-0.77981,-0.163,0.34837
0.49387,-0.78057,-0.16234,0.34706
0.49421,-0.78037,-0.16249,0.34695
0.49474,-0.7797,-0.16322,0.34736
0.49535,-0.7787,-0.16449,0.34815
0.49592,-0.77749,-0.16615,0.34924
0.4964,-0.77617,-0.1681,0.35057
0.49682,-0.77476,-0.17012,0.35209
0.49724,-0.7733,-0.17201,0.35379
0.49756,-0.77186,-0.1737,0.35566
0.49772,-0.77049,-0.17517,0.35767
0.49771,-0.76938,-0.17638,0.35949
0.49753,-0.76857,-0.17738,0.36096
0.49731,-0.76793,-0.17836,0.36215
0.49716,-0.7675,-0.17926,0.36283
0.49713,-0.76751,-0.17969,0.36262
0.49724,-0.76784,-0.17955,0.36186
0.49753,-0.76846,-0.17857,0.36062
0.49805,-0.76937,-0.17668,0.35888
0.49881,-0.77055,-0.17389,0.35667
0.49968,-0.77171,-0.17073,0.35445
0.50056,-0.77263,-0.16774,0.35262
0.50141,-0.77322,-0.16528,0.35129
0.50227,-0.77331,-0.16355,0.35067
0.5032,-0.77267,-0.1627,0.35115
0.50411,-0.77136,-0.16284,0.35265
0.50486,-0.76991,-0.16343,0.35447
0.50535,-0.76848,-0.16429,0.35646
0.50574,-0.76712,-0.16514,0.35844
0.50616,-0.76588,-0.16576,0.36022
0.50668,-0.76479,-0.166,0.36168
0.50739,-0.76395,-0.16575,0.36257
0.50827,-0.76337,-0.16499,0.36291
0.50934,-0.76307,-0.16362,0.36267
0.51061,-0.76311,-0.16157,0.36172
0.51193,-0.76349,-0.15891,0.36024
0.51319,-0.76385,-0.15605,0.35891
0.51441,-0.76403,-0.15335,0.35795
0.51551,-0.76393,-0.15103,0.35755
0.51653,-0.7635,-0.14922,0.35775
0.51755,-0.76265,-0.14809,0.35858
0.51861,-0.76148,-0.14755,0.35975
0.51965,-0.76019,-0.14743,0.36103
0.52069,-0.7588,-0.14765,0.36237
0.52177,-0.75733,-0.14819,0.36364
0.52292,-0.75586,-0.1489,0.36477
0.52412,-0.75449,-0.1496,0.3656
0.52536,-0.75329,-0.15014,0.36606
0.52662,-0.75223,-0.15048,0.36632
0.52793,-0.75112,-0.15063,0.36664
0.52932,-0.74977,-0.15081,0.36732
0.53074,-0.74835,-0.15095,0.3681
0.53203,-0.74704,-0.151,0.36889
0.53318,-0.74569,-0.15106,0.36993
0.53443,-0.74409,-0.15117,0.3713
0.53592,-0.74223,-0.15119,0.37287
0.53756,-0.74017,-0.1511,0.37462
0.53929,-0.73799,-0.15097,0.37649
0.541,-0.73577,-0.15092,0.37839
0.54262,-0.73367,-0.15106,0.38011
0.54418,-0.73162,-0.15145,0.38165
0.5457,-0.72958,-0.15222,0.38309
0.54705,-0.72764,-0.15317,0.38448
0.54813,-0.72608,-0.1539,0.38559
0.54883,-0.72494,-0.15454,0.38648
0.54907,-0.72402,-0.15531,0.38755
0.5494,-0.72308,-0.15583,0.38862
0.55036,-0.7221,-0.15558,0.38919
0.55173,-0.72117,-0.15476,0.38931
0.55335,-0.72027,-0.1536,0.38913
0.55521,-0.71936,-0.15215,0.38873
0.55715,-0.71844,-0.15063,0.38825
0.55899,-0.71748,-0.14943,0.38785
0.56049,-0.71644,-0.14878,0.38786
0.56179,-0.71517,-0.14862,0.38838
0.56321,-0.71321,-0.14903,0.38976
0.56501,-0.71056,-0.14952,0.39181
0.56708,-0.70734,-0.14991,0.39448
0.56927,-0.70385,-0.15001,0.39752
0.57158,-0.70037,-0.14976,0.40044
0.5738,-0.69734,-0.14951,0.40264
0.5756,-0.6951,-0.1495,0.40395
0.57684,-0.69362,-0.14955,0.4047
0.57783,-0.6928,-0.14918,0.40483
0.57891,-0.69237,-0.14803,0.40445
0.58005,-0.69211,-0.14624,0.40389
0.58133,-0.69205,-0.14325,0.40325
0.58272,-0.69241,-0.13878,0.40219
0.58376,-0.69418,-0.13248,0.39974
0.58315,-0.69871,-0.12477,0.39518
0.57985,-0.706,-0.11676,0.38949
0.57404,-0.71467,-0.10954,0.38435
0.56696,-0.72266,-0.10447,0.38131
0.56045,-0.72817,-0.1024,0.38102
0.55551,-0.73057,-0.10376,0.38328
0.55203,-0.73071,-0.10794,0.38687
0.54897,-0.72999,-0.11354,0.39097
0.54573,-0.72913,-0.11968,0.39524
0.54233,-0.72861,-0.12539,0.39911
0.53972,-0.72844,-0.12964,0.4016
0.53877,-0.72842,-0.13205,0.40211
0.53917,-0.72857,-0.13327,0.4009
0.54007,-0.72909,-0.134,0.39849
0.54021,-0.7304,-0.13503,0.39555
0.53914,-0.73253,-0.13668,0.39249
0.53679,-0.73534,-0.13928,0.38952
0.53351,-0.73848,-0.14294,0.38675
0.52969,-0.74169,-0.14747,0.38416
0.52594,-0.74471,-0.15224,0.38161
0.52287,-0.74742,-0.15651,0.37878
0.52048,-0.74982,-0.16028,0.37574
0.51853,-0.75187,-0.16402,0.37272
0.51694,-0.75348,-0.16822,0.36979
0.5157,-0.75452,-0.17322,0.36708
0.51485,-0.75479,-0.17928,0.3648
0.51437,-0.75405,-0.18667,0.3633
0.51399,-0.75242,-0.19521,0.36273
0.51353,-0.75011,-0.20467,0.36296
0.51293,-0.74717,-0.21501,0.36389
0.51223,-0.74381,-0.22608,0.36505
0.5115,-0.74022,-0.2376,0.36606
0.5109,-0.73642,-0.24918,0.36684
0.51045,-0.73247,-0.26049,0.36751
0.51035,-0.72835,-0.27127,0.36806
0.51051,-0.72404,-0.28135,0.36877
0.51103,-0.71952,-0.29046,0.36983
0.51193,-0.71509,-0.29851,0.37077
0.51301,-0.71107,-0.30573,0.37113
0.51405,-0.70778,-0.31216,0.37062
0.51515,-0.70542,-0.31754,0.36902
0.51618,-0.70494,-0.32112,0.36537
0.51664,-0.70678,-0.3227,0.35973
0.51651,-0.71003,-0.32257,0.35357
0.51657,-0.71301,-0.32184,0.34812
0.51792,-0.71376,-0.32126,0.34511
0.51985,-0.7128,-0.32149,0.34397
0.52087,-0.71173,-0.32212,0.34404
0.5202,-0.71148,-0.3222,0.34549
0.5186,-0.71168,-0.32088,0.34872
0.51699,-0.71208,-0.31719,0.35363
0.51612,-0.71261,-0.31227,0.35819
0.51601,-0.71277,-0.30868,0.36112
0.51638,-0.71189,-0.3073,0.36351
0.51688,-0.70999,-0.3072,0.36657
0.51663,-0.70819,-0.30734,0.37028
0.51499,-0.7079,-0.30721,0.37322
0.51265,-0.70992,-0.30596,0.37362
0.51126,-0.71389,-0.30255,0.37073
0.51141,-0.71894,-0.29713,0.36511
0.51267,-0.72434,-0.29064,0.3578
0.51462,-0.72957,-0.28376,0.34982
0.51674,-0.73383,-0.27748,0.34274
0.51873,-0.73685,-0.27249,0.33723
0.52024,-0.73856,-0.26923,0.33376
0.52118,-0.73932,-0.26744,0.33205
0.52154,-0.73951,-0.26704,0.33138
0.52165,-0.73922,-0.26756,0.33144
0.52183,-0.73863,-0.26822,0.33194
0.52209,-0.73797,-0.26867,0.33262
0.52238,-0.73719,-0.26888,0.33372
0.52265,-0.7363,-0.26879,0.33533
0.52283,-0.73555,-0.26848,0.33694
0.52309,-0.73486,-0.26827,0.33823
0.5234,-0.73395,-0.26852,0.33952
0.52361,-0.73273,-0.26939,0.34113
0.52386,-0.73124,-0.27072,0.34288
0.52428,-0.72953,-0.27226,0.34465
0.52494,-0.72781,-0.27368,0.34616
0.52583,-0.72626,-0.27465,0.34729
0.52684,-0.72525,-0.27487,0.34772
0.52799,-0.72467,-0.27442,0.34753
0.52931,-0.72468,-0.27298,0.34663
0.53054,-0.7252,-0.27077,0.34539
0.53158,-0.72625,-0.26777,0.34391
0.53242,-0.72794,-0.26372,0.34217
0.53329,-0.72994,-0.25899,0.34017
0.53441,-0.73209,-0.25343,0.33797
0.53596,-0.73418,-0.24742,0.33543
0.53772,-0.73627,-0.24129,0.33249
0.53944,-0.73835,-0.23531,0.32934
0.54094,-0.74023,-0.22982,0.32654
0.54222,-0.74178,-0.22485,0.32436
0.54323,-0.74279,-0.22064,0.32325
0.54392,-0.7432,-0.21734,0.32338
0.54432,-0.74284,-0.21504,0.32506
0.5445,-0.74186,-0.21354,0.32797
0.5446,-0.7405,-0.21257,0.33148
0.54475,-0.73879,-0.21199,0.3354
0.54506,-0.73673,-0.21168,0.33961
0.54549,-0.73454,-0.21139,0.34381
0.54591,-0.73261,-0.21084,0.34757
0.54636,-0.73105,-0.20991,0.35071
0.54692,-0.73005,-0.20842,0.35279
0.54756,-0.72991,-0.20612,0.35343
0.54815,-0.73089,-0.20283,0.3524
0.54886,-0.73281,-0.1984,0.34982
0.54996,-0.7352,-0.19297,0.3461
0.55156,-0.73752,-0.18696,0.3419
0.55353,-0.73921,-0.18112,0.3382
0.55572,-0.73964,-0.17633,0.33619
0.55805,-0.73865,-0.17295,0.33627
0.56048,-0.73637,-0.17096,0.33822
0.56291,-0.73317,-0.17011,0.34155
0.56524,-0.72952,-0.16992,0.34558
0.56734,-0.7258,-0.17004,0.3499
0.5692,-0.72209,-0.17035,0.35436
0.57091,-0.7185,-0.17079,0.35868
0.57256,-0.71511,-0.17109,0.36265
0.57426,-0.71201,-0.17082,0.36617
0.57595,-0.70924,-0.16974,0.36938
0.57772,-0.70682,-0.1677,0.37218
0.58005,-0.70469,-0.16437,0.37408
0.58256,-0.70284,-0.16054,0.37532
0.58479,-0.70137,-0.15687,0.37615
0.58654,-0.70025,-0.15357,0.37688
0.58793,-0.69961,-0.1502,0.37726
0.5891,-0.69966,-0.14626,0.37689
0.58993,-0.70073,-0.14152,0.37541
0.59037,-0.70266,-0.13615,0.37309
0.59,-0.7058,-0.12988,0.36996
0.58876,-0.71002,-0.12287,0.36624
0.58669,-0.71519,-0.11533,0.36192
0.58405,-0.72084,-0.10776,0.3573
0.5812,-0.72639,-0.10057,0.35278
0.57846,-0.73098,-0.094803,0.34937
0.57632,-0.73391,-0.090933,0.34779
0.5749,-0.73526,-0.088739,0.34786
0.57391,-0.73578,-0.087537,0.34871
0.573,-0.73614,-0.086769,0.34962
0.57202,-0.73674,-0.086159,0.35012
0.57113,-0.73761,-0.085518,0.3499
0.57055,-0.73855,-0.084754,0.34903
0.57033,-0.73942,-0.083921,0.34776
0.57038,-0.74019,-0.083135,0.34623
0.57054,-0.74093,-0.082551,0.34452
0.57042,-0.74179,-0.082432,0.34289
0.56989,-0.74267,-0.082989,0.34173
0.5692,-0.74341,-0.08415,0.34099
0.56848,-0.74381,-0.086263,0.3408
0.56797,-0.74353,-0.0894,0.34143
0.568,-0.74197,-0.093734,0.34361
0.56861,-0.73958,-0.098843,0.34632
0.56963,-0.73719,-0.10432,0.34812
0.57089,-0.73501,-0.11008,0.34889
0.57223,-0.7336,-0.11561,0.34788
0.57316,-0.73374,-0.12019,0.34448
0.57319,-0.73491,-0.1243,0.34044
0.57242,-0.73623,-0.12845,0.33735
0.5717,-0.7371,-0.13224,0.33519
0.57189,-0.73772,-0.13469,0.33253
0.57265,-0.73885,-0.13587,0.3282
0.57359,-0.74109,-0.13577,0.32148
0.57517,-0.74362,-0.13438,0.3133
0.57767,-0.74605,-0.13129,0.30407
0.5799,-0.74872,-0.12733,0.29481
0.58072,-0.75181,-0.12402,0.28666
0.58034,-0.75479,-0.12242,0.2802
0.57967,-0.75695,-0.12282,0.27555
0.57928,-0.75845,-0.12351,0.27193
0.57721,-0.76201,-0.12019,0.26781
0.57325,-0.76669,-0.11387,0.26574
0.57124,-0.7675,-0.10847,0.26993
0.57464,-0.76263,-0.10997,0.27586
0.57883,-0.75521,-0.11717,0.2844
0.58059,-0.74965,-0.12441,0.29234
0.58117,-0.7471,-0.12894,0.29573
0.58159,-0.74729,-0.1307,0.29365
0.58119,-0.75011,-0.1306,0.28723
0.57989,-0.7537,-0.12942,0.28092
0.57938,-0.7564,-0.12604,0.27622
0.58093,-0.75774,-0.11961,0.27211
0.58254,-0.75901,-0.11268,0.26805
0.58339,-0.76029,-0.10679,0.26498
0.58325,-0.76127,-0.1033,0.26384
0.58233,-0.76166,-0.10229,0.26517
0.5814,-0.76146,-0.10289,0.26753
0.58074,-0.7611,-0.10407,0.26952
0.5801,-0.76096,-0.10555,0.27073
0.57899,-0.76117,-0.1073,0.27182
0.57773,-0.76133,-0.10941,0.2732
0.5767,-0.76122,-0.11173,0.27474
0.57585,-0.76101,-0.11401,0.27617
0.57506,-0.76088,-0.11611,0.27728
0.57431,-0.76089,-0.11792,0.27804
0.57377,-0.76089,-0.11943,0.27851
0.57344,-0.76085,-0.12068,0.27877
0.57318,-0.76088,-0.1215,0.27884
0.57282,-0.76107,-0.12197,0.27888
0.57229,-0.76139,-0.12217,0.27901
0.57169,-0.76176,-0.12217,0.27922
0.5712,-0.76216,-0.1219,0.27926
0.57088,-0.76264,-0.12135,0.27883
0.57074,-0.76319,-0.12061,0.27793
0.57081,-0.76372,-0.11982,0.27667
0.57097,-0.76418,-0.11918,0.27537
0.57105,-0.76454,-0.11883,0.27435
0.57099,-0.76486,-0.11878,0.27359
0.5708,-0.76521,-0.11893,0.27293
0.5705,-0.76553,-0.11935,0.27248
0.57022,-0.76566,-0.12007,0.27241
0.56995,-0.76568,-0.12097,0.27251
0.56972,-0.7657,-0.12194,0.27249
0.56954,-0.7657,-0.12297,0.27241
0.56928,-0.76572,-0.1241,0.27237
0.56883,-0.76584,-0.1254,0.27238
0.56826,-0.76603,-0.12676,0.27241
0.56761,-0.76628,-0.12813,0.27242
0.5669,-0.76657,-0.12969,0.27234
0.56617,-0.76691,-0.13145,0.27207
0.56541,-0.76728,-0.13358,0.27157
0.56463,-0.76761,-0.13609,0.27102
0.56368,-0.76797,-0.13889,0.27055
0.56246,-0.76828,-0.14208,0.27056
0.56127,-0.7682,-0.14573,0.27131
0.56056,-0.7677,-0.14953,0.27212
0.55999,-0.7674,-0.15295,0.27224
0.5592,-0.76744,-0.15609,0.27195
0.5583,-0.76751,-0.15917,0.27182
0.55763,-0.76737,-0.16195,0.27195
0.55715,-0.76731,-0.16434,0.27169
0.55706,-0.76741,-0.16632,0.27038
0.55723,-0.76762,-0.16791,0.26843
0.55754,-0.76794,-0.16906,0.26617
0.55801,-0.76829,-0.16978,0.26369
0.55851,-0.76869,-0.17021,0.26116
0.55883,-0.76921,-0.17057,0.25872
0.55924,-0.7695,-0.17106,0.25663
