-0.58944,0.076705,-0.26573
-0.58947,0.076704,-0.26569
-0.58951,0.076702,-0.26564
-0.58954,0.0767,-0.2656
-0.58958,0.076699,-0.26555
-0.58962,0.076697,-0.2655
-0.58966,0.076695,-0.26546
-0.5897,0.076693,-0.26541
-0.58973,0.076692,-0.26539
-0.58977,0.07669,-0.26537
-0.58981,0.076689,-0.26536
-0.58985,0.076688,-0.26534
-0.58989,0.076687,-0.26533
-0.58993,0.076685,-0.26532
-0.58996,0.076684,-0.26531
-0.59,0.076683,-0.26529
-0.59004,0.076682,-0.26528
-0.59008,0.07668,-0.26526
-0.59012,0.076679,-0.26525
-0.59016,0.076678,-0.26524
-0.59019,0.076677,-0.26523
-0.59023,0.076675,-0.26521
-0.59027,0.076674,-0.2652
-0.59031,0.076673,-0.26518
-0.59035,0.076672,-0.26517
-0.59039,0.07667,-0.26516
-0.59042,0.076669,-0.26514
-0.59046,0.076668,-0.26513
-0.59051,0.076667,-0.26512
-0.59054,0.076665,-0.2651
-0.59058,0.076664,-0.26509
-0.59062,0.076663,-0.26508
-0.59065,0.076662,-0.26506
-0.59069,0.07666,-0.26505
-0.59074,0.076659,-0.26504
-0.59077,0.076658,-0.26503
-0.59081,0.076657,-0.26501
-0.59085,0.076655,-0.265
-0.59089,0.076654,-0.26498
-0.59092,0.076653,-0.26497
-0.59096,0.076652,-0.26496
-0.591,0.07665,-0.26494
-0.59104,0.076649,-0.26493
-0.59108,0.076648,-0.26492
-0.59112,0.076647,-0.2649
-0.59116,0.076645,-0.26489
-0.59119,0.076644,-0.26488
-0.59123,0.076643,-0.26486
-0.59127,0.076642,-0.26485
-0.59131,0.07664,-0.26484
-0.59135,0.076639,-0.26482
-0.59136,0.076628,-0.26484
-0.59127,0.076574,-0.26495
-0.59117,0.076515,-0.26507
-0.59119,0.076562,-0.265
-0.59133,0.07671,-0.26477
-0.59129,0.076705,-0.2648
-0.59101,0.076577,-0.26511
-0.59097,0.076518,-0.26514
-0.59094,0.076505,-0.26515
-0.59101,0.076563,-0.26502
-0.59122,0.076704,-0.26469
-0.59114,0.07667,-0.26478
-0.59101,0.07661,-0.26495
-0.59103,0.076533,-0.26488
-0.59106,0.076517,-0.26483
-0.59105,0.076505,-0.26484
-0.59103,0.076499,-0.26487
-0.59098,0.076501,-0.26495
-0.59094,0.076503,-0.26503
-0.59088,0.076505,-0.26512
-0.59087,0.076505,-0.26514
-0.59101,0.076587,-0.26489
-0.59109,0.076652,-0.26466
-0.59081,0.07652,-0.26495
-0.59113,0.076708,-0.26444
-0.59113,0.076676,-0.26458
-0.59109,0.076624,-0.26477
-0.59111,0.076709,-0.26475
-0.59112,0.076741,-0.26475
-0.59112,0.076751,-0.26475
-0.59113,0.076764,-0.26474
-0.59114,0.076778,-0.26474
-0.59115,0.076789,-0.26473
-0.59135,0.076826,-0.26441
-0.5915,0.076852,-0.26415
-0.59138,0.0768,-0.26423
-0.5911,0.076684,-0.26439
-0.59115,0.076851,-0.26424
-0.59116,0.076945,-0.26415
-0.59114,0.076944,-0.26418
-0.59111,0.076926,-0.26429
-0.59115,0.077,-0.26423
-0.59117,0.077106,-0.26411
-0.59102,0.077033,-0.26428
-0.59081,0.076933,-0.26451
-0.59076,0.076807,-0.26444
-0.59074,0.076759,-0.26438
-0.59079,0.076746,-0.26426
-0.59086,0.076752,-0.2641
-0.59082,0.076826,-0.2641
-0.59076,0.076907,-0.2641
-0.59072,0.07698,-0.26409
-0.5907,0.07701,-0.26409
-0.59064,0.076957,-0.26434
-0.59096,0.077097,-0.26379
-0.59103,0.077138,-0.26366
-0.59096,0.077138,-0.26366
-0.59076,0.077093,-0.26376
-0.59059,0.077053,-0.26384
-0.59048,0.077012,-0.26398
-0.59053,0.077011,-0.26408
-0.5907,0.077155,-0.26375
-0.59068,0.077156,-0.26373
-0.59058,0.077065,-0.26364
-0.5905,0.076974,-0.26355
-0.59049,0.07692,-0.26368
-0.59051,0.076878,-0.26387
-0.59049,0.076795,-0.26392
-0.59045,0.076725,-0.26391
-0.59039,0.076697,-0.26393
-0.59034,0.076669,-0.26393
-0.59032,0.076658,-0.2639
-0.59029,0.07665,-0.26387
-0.58982,0.076803,-0.26409
-0.58959,0.076817,-0.26425
-0.58943,0.076733,-0.26443
-0.58928,0.076657,-0.2646
-0.58917,0.076614,-0.26469
-0.58911,0.076617,-0.26467
-0.58924,0.076675,-0.26438
-0.58948,0.076757,-0.26401
-0.58957,0.076788,-0.26387
-0.58955,0.076775,-0.26392
-0.58946,0.076709,-0.26416
-0.58929,0.076612,-0.26446
-0.58905,0.076496,-0.26472
-0.58886,0.076389,-0.26491
-0.58881,0.076349,-0.26494
-0.58879,0.076353,-0.26494
-0.58882,0.076427,-0.2649
-0.58885,0.076493,-0.26487
-0.58886,0.076515,-0.26486
-0.58883,0.076516,-0.26488
-0.58891,0.076623,-0.26467
-0.58894,0.076683,-0.26456
-0.58874,0.076589,-0.26474
-0.58839,0.076389,-0.2651
-0.58839,0.076389,-0.2651
-0.58834,0.076392,-0.26512
-0.58827,0.076397,-0.26515
-0.5882,0.076343,-0.26538
-0.58882,0.076525,-0.26442
-0.58859,0.076396,-0.26468
-0.5887,0.076469,-0.26445
-0.58876,0.076516,-0.26432
-0.58865,0.076459,-0.26449
-0.58857,0.076426,-0.26461
-0.58859,0.076504,-0.2645
-0.58858,0.076499,-0.26451
-0.58858,0.076477,-0.26454
-0.58847,0.076443,-0.26456
-0.58844,0.076425,-0.26457
-0.5883,0.076338,-0.26479
-0.58801,0.076178,-0.2652
-0.58798,0.076154,-0.26527
-0.58791,0.076063,-0.26552
-0.5878,0.07608,-0.2658
-0.58763,0.076288,-0.26604
-0.58761,0.076283,-0.2661
-0.5876,0.07627,-0.26626
-0.58758,0.076257,-0.26643
-0.58804,0.076416,-0.26579
-0.58822,0.076518,-0.26539
-0.5881,0.076557,-0.26529
-0.58809,0.07656,-0.26531
-0.58802,0.076529,-0.26544
-0.58787,0.07641,-0.26577
-0.58798,0.076257,-0.26567
-0.58798,0.076243,-0.26569
-0.58797,0.07622,-0.26572
-0.58793,0.076191,-0.26573
-0.58809,0.076307,-0.26551
-0.58823,0.076391,-0.26537
-0.58826,0.076408,-0.26539
-0.58833,0.076519,-0.2654
-0.58835,0.07649,-0.26545
-0.58832,0.076391,-0.26553
-0.58829,0.076292,-0.26561
-0.5883,0.076273,-0.26564
-0.58831,0.076257,-0.26567
-0.58818,0.076199,-0.26573
-0.58825,0.076283,-0.2656
-0.58828,0.076295,-0.2657
-0.58828,0.076257,-0.26593
-0.58853,0.076485,-0.2656
-0.58863,0.076576,-0.26547
-0.58859,0.07657,-0.2656
-0.58855,0.076564,-0.26574
-0.58858,0.076558,-0.26578
-0.5886,0.076548,-0.26581
-0.58856,0.076545,-0.26554
-0.58851,0.076508,-0.26552
-0.58845,0.076442,-0.26572
-0.58848,0.076463,-0.26576
-0.58866,0.076654,-0.26549
-0.58865,0.076638,-0.26558
-0.58855,0.076559,-0.26588
-0.58886,0.076581,-0.26549
-0.5889,0.076574,-0.26547
-0.58893,0.076624,-0.26539
-0.58896,0.076712,-0.26526
-0.58894,0.076699,-0.2653
-0.58886,0.076633,-0.2655
-0.58889,0.076635,-0.26551
-0.58919,0.0768,-0.26507
-0.5892,0.076802,-0.26508
-0.58887,0.076631,-0.26544
-0.58887,0.076632,-0.26545
-0.58886,0.076634,-0.26546
-0.58886,0.076633,-0.26548
-0.58891,0.07672,-0.26546
-0.5891,0.076987,-0.26539
-0.58913,0.076994,-0.26539
-0.58918,0.076986,-0.26539
-0.58919,0.076984,-0.26538
-0.5892,0.076981,-0.26539
-0.58922,0.076977,-0.26539
-0.58915,0.076854,-0.26579
-0.58911,0.076779,-0.26603
-0.58913,0.076781,-0.26604
-0.58917,0.07683,-0.26588
-0.5892,0.076898,-0.26564
-0.58924,0.076898,-0.26559
-0.58931,0.076887,-0.26544
-0.58937,0.076876,-0.2653
-0.58939,0.076863,-0.26529
-0.58918,0.076753,-0.26552
-0.58915,0.076631,-0.26555
-0.58924,0.076603,-0.26547
-0.58926,0.076593,-0.26548
-0.58926,0.076554,-0.26545
-0.58924,0.076485,-0.2654
-0.58922,0.076409,-0.26534
-0.58921,0.07637,-0.26531
-0.58934,0.076735,-0.26504
-0.58934,0.076735,-0.26503
-0.58922,0.076663,-0.26521
-0.58917,0.076622,-0.2653
-0.58917,0.076613,-0.26529
-0.58916,0.076604,-0.26528
-0.58928,0.076694,-0.26519
-0.58954,0.076891,-0.26502
-0.58955,0.076906,-0.26502
-0.58935,0.076811,-0.26531
-0.58966,0.076878,-0.26481
-0.58967,0.076846,-0.26483
-0.58963,0.076799,-0.26493
-0.58965,0.076806,-0.26491
-0.58973,0.076857,-0.26479
-0.5897,0.076852,-0.26478
-0.58967,0.076891,-0.26464
-0.58997,0.077114,-0.26416
-0.58997,0.077123,-0.26414
-0.59009,0.077126,-0.26412
-0.59022,0.077129,-0.26409
-0.59018,0.077058,-0.26424
-0.58998,0.076932,-0.26454
-0.58997,0.076873,-0.26455
-0.58997,0.076815,-0.26457
-0.58994,0.076809,-0.26455
-0.5898,0.076777,-0.26445
-0.58997,0.07684,-0.26417
-0.59015,0.076904,-0.26388
-0.59014,0.076938,-0.26377
-0.5901,0.076977,-0.26367
-0.59008,0.077009,-0.26358
-0.5901,0.076959,-0.26379
-0.59011,0.076996,-0.264
-0.5901,0.077145,-0.26391
-0.59009,0.077168,-0.26386
-0.59041,0.077352,-0.26307
-0.59044,0.07737,-0.263
-0.59043,0.077383,-0.26297
-0.59039,0.07732,-0.2633
-0.59058,0.077404,-0.2631
-0.59059,0.077468,-0.26294
-0.59007,0.077351,-0.26337
-0.5898,0.077312,-0.26358
-0.5897,0.077328,-0.26363
-0.58955,0.077314,-0.26378
-0.58956,0.077341,-0.26365
-0.58992,0.077441,-0.26302
-0.58986,0.07745,-0.26299
-0.58978,0.077374,-0.26334
-0.58983,0.077413,-0.26331
-0.58995,0.077523,-0.26308
-0.58989,0.077529,-0.26308
-0.58942,0.077285,-0.26366
-0.58937,0.077285,-0.2637
-0.58933,0.077285,-0.26374
-0.58929,0.077262,-0.26379
-0.58926,0.077237,-0.26386
-0.58922,0.077212,-0.26393
-0.58919,0.077194,-0.26397
-0.58924,0.07728,-0.26389
-0.5893,0.077376,-0.2638
-0.58917,0.07723,-0.26431
-0.58912,0.077168,-0.2645
-0.58912,0.077175,-0.26456
-0.5891,0.077172,-0.26462
-0.58894,0.0771,-0.26481
-0.58912,0.077228,-0.2645
-0.58925,0.077306,-0.26433
-0.58923,0.077285,-0.26432
-0.58918,0.077228,-0.26426
-0.58914,0.07719,-0.26426
-0.58912,0.077153,-0.26434
-0.58889,0.07681,-0.2648
-0.58889,0.076778,-0.26496
-0.58889,0.076772,-0.26499
-0.58886,0.076769,-0.26505
-0.58884,0.076767,-0.2651
-0.58889,0.076816,-0.26508
-0.58879,0.076791,-0.26527
-0.58861,0.076959,-0.2655
-0.58852,0.077147,-0.26561
-0.58845,0.077159,-0.26572
-0.58823,0.077081,-0.26628
-0.58815,0.077088,-0.26644
-0.58812,0.077102,-0.26661
-0.58809,0.077116,-0.2668
-0.58834,0.077316,-0.26647
-0.58846,0.077425,-0.26633
-0.58833,0.077399,-0.26653
-0.5881,0.077297,-0.26679
-0.58839,0.077354,-0.26639
-0.58835,0.077364,-0.26645
-0.58824,0.07728,-0.2667
-0.58798,0.076979,-0.26739
-0.58787,0.076886,-0.26766
-0.5876,0.076818,-0.26778
-0.58778,0.076956,-0.26745
-0.58784,0.077017,-0.26733
-0.58774,0.076975,-0.26751
-0.58759,0.076882,-0.26787
-0.58788,0.077045,-0.26743
-0.58798,0.077223,-0.26727
-0.5879,0.077384,-0.26737
-0.58785,0.077388,-0.26747
-0.58779,0.077399,-0.26757
-0.5876,0.077364,-0.26786
-0.58756,0.077488,-0.26789
-0.58762,0.077676,-0.26776
-0.58763,0.077714,-0.26773
-0.58752,0.077721,-0.26783
-0.5874,0.077729,-0.26794
-0.58691,0.077327,-0.26838
-0.58675,0.077191,-0.26853
-0.5867,0.077178,-0.26858
-0.58662,0.077172,-0.26868
-0.58648,0.077127,-0.26894
-0.58635,0.077119,-0.2693
-0.58633,0.077295,-0.26949
-0.58665,0.077605,-0.26905
-0.58662,0.077629,-0.26907
-0.5866,0.077642,-0.26908
-0.58646,0.077647,-0.26919
-0.58631,0.077653,-0.26932
-0.58627,0.077661,-0.26933
-0.58625,0.077669,-0.26933
-0.58615,0.077675,-0.26936
-0.5862,0.077714,-0.26917
-0.58659,0.077825,-0.26851
-0.58652,0.077945,-0.26848
-0.58639,0.078217,-0.26847
-0.58635,0.078274,-0.26841
-0.58632,0.07833,-0.26834
-0.5861,0.078207,-0.26843
-0.5859,0.07813,-0.26845
-0.58584,0.078166,-0.26837
-0.58584,0.078214,-0.26827
-0.58593,0.078276,-0.26812
-0.586,0.078343,-0.26797
-0.5859,0.078372,-0.26795
-0.58583,0.078368,-0.26784
-0.58578,0.078364,-0.26776
-0.5857,0.078328,-0.2679
-0.58551,0.078237,-0.26825
-0.58534,0.078153,-0.2685
-0.58524,0.078108,-0.26858
-0.58511,0.078049,-0.26874
-0.58498,0.078018,-0.26892
-0.58517,0.078257,-0.26854
-0.58507,0.078267,-0.26861
-0.58502,0.078453,-0.26874
-0.58495,0.078456,-0.26881
-0.58475,0.078292,-0.26909
-0.58453,0.078086,-0.26943
-0.58436,0.077952,-0.26966
-0.58428,0.077929,-0.26971
-0.58423,0.077925,-0.26974
-0.58418,0.077973,-0.26979
-0.58413,0.078057,-0.26987
-0.58395,0.07796,-0.27019
-0.58408,0.078198,-0.26994
-0.58399,0.078213,-0.27002
-0.58395,0.078219,-0.27005
-0.58379,0.078078,-0.27035
-0.58361,0.077945,-0.27067
-0.58359,0.077969,-0.2707
-0.58375,0.078005,-0.27064
-0.58387,0.078033,-0.2706
-0.58385,0.078037,-0.27063
-0.58348,0.077921,-0.27081
-0.58358,0.078029,-0.27052
-0.58365,0.078106,-0.27038
-0.58363,0.078124,-0.27041
-0.5836,0.078098,-0.27044
-0.58334,0.077814,-0.27084
-0.58314,0.077602,-0.27114
-0.58312,0.077573,-0.27119
-0.58318,0.07774,-0.2715
-0.58316,0.077746,-0.27156
-0.58306,0.077706,-0.27181
-0.58317,0.077742,-0.27177
-0.58335,0.077803,-0.27162
-0.58346,0.07783,-0.27162
-0.5834,0.077781,-0.27195
-0.58342,0.07778,-0.27203
-0.58345,0.077784,-0.27209
-0.58346,0.077785,-0.2721
-0.58341,0.077793,-0.2722
-0.58335,0.077801,-0.27229
-0.58336,0.077808,-0.2723
-0.58369,0.077813,-0.27189
-0.58372,0.077803,-0.27189
-0.58373,0.077748,-0.27202
-0.58367,0.077668,-0.27226
-0.58368,0.077666,-0.27226
-0.58374,0.077667,-0.27226
-0.58398,0.077758,-0.27214
-0.58421,0.07785,-0.27202
-0.58411,0.077801,-0.2722
-0.58402,0.077763,-0.2723
-0.5842,0.077812,-0.27213
-0.58435,0.077864,-0.272
-0.58442,0.077875,-0.27202
-0.58452,0.077826,-0.27211
-0.58462,0.077781,-0.27219
-0.5847,0.077741,-0.27226
-0.58494,0.077831,-0.27209
-0.58517,0.077992,-0.2718
-0.58522,0.077999,-0.27179
-0.58502,0.077887,-0.27205
-0.58514,0.077861,-0.27189
-0.58539,0.07788,-0.27163
-0.58542,0.077873,-0.27164
-0.58535,0.077828,-0.27173
-0.58529,0.077782,-0.27183
-0.58523,0.077741,-0.27191
-0.5852,0.077722,-0.27195
-0.58541,0.07788,-0.27168
-0.58562,0.077951,-0.2717
-0.5858,0.077976,-0.27185
-0.58611,0.078046,-0.27142
-0.58654,0.078136,-0.27087
-0.58662,0.078132,-0.27088
-0.58667,0.078114,-0.27093
-0.58691,0.078152,-0.27071
-0.58686,0.07806,-0.27078
-0.58683,0.078028,-0.27081
-0.587,0.078101,-0.27067
-0.58723,0.0782,-0.27047
-0.5873,0.078212,-0.27046
-0.5874,0.078274,-0.27039
-0.58768,0.078457,-0.27012
-0.58776,0.07845,-0.27022
-0.58783,0.078374,-0.27064
-0.58792,0.078198,-0.27078
-0.58799,0.078039,-0.2709
-0.58804,0.077927,-0.27099
-0.58805,0.078086,-0.27106
-0.5881,0.078218,-0.27114
-0.58814,0.078194,-0.27131
-0.58823,0.078201,-0.27148
-0.58852,0.07839,-0.2712
-0.58856,0.078339,-0.27137
-0.5886,0.078283,-0.27156
-0.58879,0.078256,-0.27145
-0.5889,0.078233,-0.27146
-0.58891,0.078175,-0.27155
-0.58914,0.078146,-0.27132
-0.58944,0.078136,-0.27105
-0.58952,0.078099,-0.27107
-0.58957,0.078045,-0.27108
-0.5896,0.078012,-0.27109
-0.58957,0.077962,-0.27119
-0.58952,0.077852,-0.2714
-0.5896,0.077993,-0.27139
-0.58967,0.078023,-0.27141
-0.5898,0.078051,-0.27143
-0.58998,0.0781,-0.27145
-0.59011,0.078136,-0.27146
-0.5901,0.078097,-0.27157
-0.59017,0.078059,-0.27164
-0.59069,0.07825,-0.27095
-0.59079,0.078235,-0.27095
-0.59057,0.078107,-0.27114
-0.59068,0.077979,-0.27107
-0.59092,0.077971,-0.27091
-0.59117,0.078006,-0.27074
-0.59141,0.078041,-0.27058
-0.59162,0.078052,-0.27048
-0.5914,0.077894,-0.2707
-0.59145,0.077919,-0.27061
-0.59189,0.078154,-0.27004
-0.59197,0.07813,-0.26999
-0.59217,0.078147,-0.27002
-0.59238,0.078172,-0.27006
-0.59254,0.078173,-0.27004
-0.5926,0.078135,-0.27005
-0.59266,0.078167,-0.27004
-0.59274,0.078273,-0.27002
-0.59252,0.07816,-0.27036
-0.59249,0.078138,-0.27044
-0.59265,0.078176,-0.27046
-0.59283,0.078217,-0.27048
-0.59298,0.078254,-0.2705
-0.59312,0.078301,-0.2705
-0.59316,0.078317,-0.2705
-0.5933,0.078327,-0.27065
-0.59355,0.078439,-0.27063
-0.594,0.078774,-0.27025
-0.59424,0.078872,-0.27032
-0.59454,0.078879,-0.27082
-0.5949,0.078867,-0.27076
-0.5952,0.078927,-0.27082
-0.59504,0.078853,-0.2713
-0.59523,0.078858,-0.27166
-0.59548,0.078875,-0.27185
-0.59567,0.078875,-0.27206
-0.59602,0.078911,-0.27221
-0.59672,0.079035,-0.27221
-0.59749,0.07917,-0.2722
-0.59777,0.079219,-0.2722
-0.59864,0.079488,-0.27194
-0.59906,0.079549,-0.27226
-0.59931,0.079587,-0.2728
-0.59963,0.079633,-0.27328
-0.60014,0.079703,-0.27375
-0.6011,0.079823,-0.27483
-0.60139,0.079865,-0.27481
-0.60234,0.079999,-0.27479
-0.60296,0.080078,-0.27529
-0.60354,0.080111,-0.27613
-0.60414,0.080142,-0.27675
-0.60483,0.080118,-0.27752
-0.60551,0.079987,-0.27863
-0.60631,0.079937,-0.27954
-0.6073,0.079955,-0.28036
-0.60779,0.079965,-0.28077
-0.6085,0.080003,-0.28161
-0.60961,0.080066,-0.28287
-0.6105,0.08015,-0.28361
-0.61161,0.080368,-0.28418
-0.61254,0.080512,-0.28481
-0.61417,0.080734,-0.28582
-0.61623,0.081029,-0.28694
-0.61694,0.081102,-0.28739
-0.61815,0.081203,-0.28821
-0.61941,0.081258,-0.28924
-0.62055,0.081307,-0.29017
-0.62237,0.081547,-0.29184
-0.62377,0.08163,-0.29269
-0.62577,0.081672,-0.29377
-0.62769,0.081701,-0.29478
-0.62788,0.081703,-0.29488
-0.63018,0.081853,-0.29626
-0.63223,0.081978,-0.29749
-0.63389,0.082073,-0.29851
-0.63576,0.082208,-0.29976
-0.63711,0.0823,-0.30101
-0.64052,0.082683,-0.30382
-0.64197,0.082858,-0.30499
-0.64344,0.083076,-0.30648
-0.64557,0.083431,-0.30841
-0.64756,0.083782,-0.3101
-0.64936,0.084147,-0.31157
-0.65138,0.084747,-0.31296
-0.65428,0.085485,-0.31561
-0.65673,0.086122,-0.31805
-0.65869,0.086633,-0.32001
-0.65975,0.08687,-0.32123
-0.66364,0.087738,-0.32571
-0.66576,0.088212,-0.32816
-0.66698,0.088507,-0.32942
-0.66896,0.088951,-0.33154
-0.67071,0.08931,-0.33345
-0.67274,0.089906,-0.33533
-0.67544,0.090247,-0.3383
-0.67714,0.090384,-0.34017
-0.67886,0.090492,-0.34197
-0.68058,0.0906,-0.34377
-0.6821,0.090681,-0.34517
-0.68394,0.090784,-0.34703
-0.68625,0.090859,-0.34934
-0.68825,0.090844,-0.35073
-0.68904,0.090838,-0.35129
-0.69096,0.090639,-0.35321
-0.69371,0.090355,-0.35596
-0.69453,0.09027,-0.35679
-0.69607,0.090197,-0.35826
-0.69726,0.090153,-0.3601
-0.69836,0.090104,-0.36165
-0.69988,0.089917,-0.36377
-0.70169,0.089504,-0.36692
-0.70215,0.089459,-0.36748
-0.7032,0.08925,-0.36904
-0.70384,0.088715,-0.37098
-0.70518,0.08846,-0.37256
-0.70658,0.088241,-0.37408
-0.70717,0.087131,-0.37814
-0.70771,0.085801,-0.38291
-0.70807,0.085725,-0.38333
-0.70969,0.085384,-0.38521
-0.7115,0.085006,-0.3873
-0.71259,0.084714,-0.38854
-0.71365,0.084461,-0.38953
-0.71492,0.084177,-0.39051
-0.71553,0.084046,-0.39094
-0.71613,0.083882,-0.39155
-0.71814,0.083335,-0.39359
-0.71954,0.082953,-0.39501
-0.72011,0.082742,-0.39568
-0.72087,0.082441,-0.39656
-0.72208,0.08192,-0.39783
-0.72422,0.081161,-0.3997
-0.72517,0.080711,-0.40048
-0.72575,0.080421,-0.40094
-0.72665,0.080156,-0.40146
-0.72785,0.079802,-0.40214
-0.72946,0.079453,-0.40308
-0.73122,0.079235,-0.40376
-0.73319,0.078904,-0.40414
-0.73459,0.078585,-0.40464
-0.73586,0.078315,-0.40514
-0.73753,0.077905,-0.40553
-0.73943,0.077401,-0.40592
-0.74151,0.076794,-0.40614
-0.74374,0.076128,-0.40629
-0.7455,0.075593,-0.40651
-0.74735,0.075049,-0.40676
-0.74925,0.074625,-0.40686
-0.75135,0.07459,-0.40655
-0.75419,0.074179,-0.4066
-0.75731,0.073612,-0.40678
-0.75921,0.073152,-0.40687
-0.76158,0.072699,-0.40682
-0.76602,0.071833,-0.40676
-0.7685,0.071339,-0.40674
-0.77021,0.070954,-0.40658
-0.7726,0.070401,-0.40633
-0.77586,0.06964,-0.40596
-0.78048,0.068612,-0.40545
-0.78557,0.067482,-0.4049
-0.78637,0.067314,-0.4048
-0.78939,0.066733,-0.40442
-0.79287,0.06609,-0.40411
-0.79575,0.065592,-0.40391
-0.7982,0.065188,-0.40378
-0.80331,0.064373,-0.40349
-0.80716,0.063798,-0.40327
-0.80991,0.063405,-0.4032
-0.81301,0.062871,-0.40348
-0.81748,0.062092,-0.40307
-0.82073,0.061356,-0.40268
-0.82426,0.060622,-0.40231
-0.82701,0.060157,-0.40213
-0.831,0.059647,-0.40211
-0.83475,0.059273,-0.40225
-0.83787,0.05897,-0.40232
-0.84088,0.058763,-0.40239
-0.84309,0.058672,-0.40248
-0.84626,0.058508,-0.40262
-0.84965,0.05821,-0.4024
-0.85304,0.057913,-0.40218
-0.85386,0.057884,-0.40214
-0.85837,0.057726,-0.40191
-0.86092,0.057549,-0.40182
-0.86381,0.057332,-0.40194
-0.86677,0.057199,-0.40227
-0.8703,0.056839,-0.40235
-0.87296,0.056501,-0.40245
-0.87543,0.056282,-0.40259
-0.87937,0.055684,-0.40272
-0.88385,0.054984,-0.40286
-0.88548,0.054729,-0.40291
-0.88783,0.054263,-0.40297
-0.89041,0.053781,-0.40306
-0.89367,0.053174,-0.40312
-0.89801,0.052314,-0.40308
-0.89931,0.052056,-0.40306
-0.90295,0.051348,-0.40305
-0.90622,0.050712,-0.40303
-0.90925,0.050108,-0.40315
-0.91224,0.049527,-0.40336
-0.91688,0.048934,-0.40388
-0.92001,0.048629,-0.40428
-0.92142,0.04849,-0.40458
-0.92353,0.048282,-0.40504
-0.92586,0.048058,-0.4055
-0.92806,0.047896,-0.40556
-0.93271,0.047615,-0.40576
-0.9336,0.047562,-0.40579
-0.93551,0.047404,-0.40576
-0.93779,0.047088,-0.40577
-0.94015,0.046711,-0.40579
-0.94085,0.046598,-0.40579
-0.94339,0.046037,-0.40614
-0.94526,0.045668,-0.40635
-0.94716,0.04546,-0.40636
-0.94857,0.044991,-0.4065
-0.95006,0.044526,-0.40651
-0.95217,0.04414,-0.40646
-0.95352,0.043562,-0.40667
-0.95452,0.043072,-0.40686
-0.95556,0.042474,-0.40708
-0.9568,0.04162,-0.40741
-0.95869,0.040296,-0.40795
-0.95992,0.039606,-0.4081
-0.95992,0.039606,-0.4081
-0.9611,0.038809,-0.40839
-0.96216,0.038085,-0.40865
-0.96265,0.037864,-0.40866
-0.96426,0.037125,-0.40869
-0.96538,0.036577,-0.40867
-0.96638,0.036123,-0.40859
-0.96731,0.03577,-0.40848
-0.96795,0.035438,-0.40842
-0.96867,0.035029,-0.40833
-0.96904,0.034572,-0.40834
-0.96937,0.034388,-0.40824
-0.96959,0.034141,-0.4082
-0.96979,0.033857,-0.40818
-0.97019,0.033563,-0.40795
-0.97063,0.033332,-0.40764
-0.97066,0.03332,-0.40759
-0.97072,0.03329,-0.40748
-0.97078,0.033282,-0.40732
-0.97084,0.03331,-0.40706
-0.97085,0.033381,-0.40678
-0.97078,0.033405,-0.40664
-0.97055,0.033452,-0.40648
-0.97034,0.033594,-0.40623
-0.97015,0.033729,-0.40595
-0.96991,0.033739,-0.40572
-0.96943,0.033686,-0.4054
-0.96899,0.033641,-0.40512
-0.96847,0.033604,-0.40489
-0.96784,0.033531,-0.40484
-0.96707,0.033517,-0.40468
-0.96592,0.033404,-0.40447
-0.96531,0.033308,-0.40438
-0.96472,0.033207,-0.4043
-0.96338,0.032884,-0.4042
-0.9618,0.032535,-0.40406
-0.96018,0.032346,-0.40382
-0.95925,0.032253,-0.40366
-0.95787,0.031969,-0.40353
-0.95644,0.031784,-0.40353
-0.95388,0.031575,-0.40351
-0.95103,0.031361,-0.40349
-0.94932,0.031232,-0.40348
-0.94794,0.031063,-0.40351
-0.94593,0.030777,-0.40355
-0.94385,0.0304,-0.40357
-0.94179,0.02992,-0.40351
-0.93819,0.029133,-0.40343
-0.93585,0.028587,-0.40345
-0.93264,0.027836,-0.40348
-0.92972,0.027153,-0.4035
-0.92594,0.026489,-0.40382
-0.92397,0.0261,-0.40394
-0.92023,0.025334,-0.40423
-0.91661,0.024519,-0.40462
-0.91203,0.023329,-0.40518
-0.90609,0.021665,-0.40591
-0.90014,0.020002,-0.40664
-0.89896,0.019669,-0.40679
-0.8948,0.01834,-0.40738
-0.89021,0.016826,-0.40813
-0.88505,0.015068,-0.40902
-0.87867,0.012752,-0.41016
-0.87182,0.0098504,-0.41137
-0.86648,0.0074238,-0.41231
-0.86054,0.0047276,-0.41335
-0.85355,0.001353,-0.41451
-0.84881,-0.0011259,-0.41522
-0.84106,-0.0050555,-0.41664
-0.83544,-0.0077889,-0.41772
-0.82875,-0.011012,-0.41908
-0.81979,-0.015407,-0.42091
-0.80765,-0.021442,-0.42336
-0.79882,-0.025832,-0.42515
-0.79662,-0.027001,-0.4256
-0.78922,-0.030911,-0.42711
-0.78124,-0.034942,-0.42872
-0.773,-0.039109,-0.43038
-0.76406,-0.043688,-0.43213
-0.7532,-0.048219,-0.43409
-0.74174,-0.052522,-0.43609
-0.72901,-0.057302,-0.43832
-0.71627,-0.062082,-0.44054
-0.7139,-0.062804,-0.44098
-0.70183,-0.065481,-0.44337
-0.68882,-0.068156,-0.44539
-0.67535,-0.069422,-0.4465
-0.66193,-0.070101,-0.44666
-0.64948,-0.070951,-0.44621
-0.63261,-0.07005,-0.44537
-0.61285,-0.067752,-0.44423
-0.59082,-0.065295,-0.44284
-0.58632,-0.064564,-0.44237
-0.57134,-0.062127,-0.44077
-0.55637,-0.05969,-0.43918
-0.53131,-0.054603,-0.43563
-0.51228,-0.050656,-0.43327
-0.4976,-0.047537,-0.43232
-0.48662,-0.045315,-0.43279
-0.47024,-0.04229,-0.43526
-0.45122,-0.039638,-0.44039
-0.43001,-0.037719,-0.44682
-0.40698,-0.036378,-0.45372
-0.38416,-0.038356,-0.46017
-0.36539,-0.039933,-0.46616
-0.34728,-0.042727,-0.4716
-0.32654,-0.048566,-0.47669
-0.31076,-0.054919,-0.48058
-0.29723,-0.06098,-0.48435
-0.28116,-0.068461,-0.48629
-0.26542,-0.075999,-0.48537
-0.24968,-0.083537,-0.48445
-0.24352,-0.080268,-0.49151
-0.23096,-0.073184,-0.49807
-0.22251,-0.068279,-0.49993
-0.20941,-0.067735,-0.49624
-0.19667,-0.067154,-0.49435
-0.18581,-0.064825,-0.49419
-0.17362,-0.059718,-0.49495
-0.16384,-0.053941,-0.49541
-0.15611,-0.047524,-0.49541
-0.14709,-0.044192,-0.49552
-0.14145,-0.04095,-0.49609
-0.13595,-0.037791,-0.50067
-0.13003,-0.035941,-0.50123
-0.12411,-0.03409,-0.50179
-0.11844,-0.032407,-0.50129
-0.11396,-0.02926,-0.49972
-0.11013,-0.024808,-0.49782
-0.10635,-0.020145,-0.49463
-0.10634,-0.019201,-0.49408
-0.10629,-0.014478,-0.49133
-0.10354,-0.0095827,-0.4894
-0.10175,-0.0059656,-0.48773
-0.099314,-0.00098093,-0.48538
-0.096295,0.0027469,-0.48487
-0.093246,0.0057783,-0.48497
-0.090722,0.0081658,-0.48509
-0.088973,0.0098008,-0.48503
-0.086514,0.010915,-0.48513
-0.084573,0.011901,-0.48518
-0.083808,0.012774,-0.48507
-0.082338,0.013599,-0.48483
-0.081395,0.015433,-0.48311
-0.080891,0.016731,-0.48181
-0.080512,0.017181,-0.48145
-0.079565,0.018306,-0.48056
-0.07888,0.019318,-0.47977
-0.078712,0.020194,-0.47916
-0.079009,0.021099,-0.47868
-0.079007,0.021271,-0.47866
-0.078617,0.022049,-0.47899
-0.077978,0.022697,-0.4794
-0.076811,0.023065,-0.48003
-0.07586,0.023349,-0.48058
-0.074999,0.023679,-0.48111
-0.074374,0.023875,-0.48147
-0.073933,0.023916,-0.48177
-0.073542,0.023915,-0.48216
-0.073311,0.023931,-0.48244
-0.073004,0.02414,-0.48295
-0.072646,0.024539,-0.48364
-0.072457,0.024852,-0.48394
-0.072281,0.025341,-0.48431
-0.072182,0.025952,-0.48448
-0.072201,0.026668,-0.4845
-0.072245,0.027508,-0.48443
-0.072199,0.028223,-0.48447
-0.072275,0.029139,-0.48492
-0.072317,0.029639,-0.48516
-0.072063,0.030118,-0.48549
-0.071554,0.031076,-0.48615
-0.071052,0.031695,-0.4867
-0.070627,0.032325,-0.48711
-0.070284,0.032853,-0.48747
-0.070088,0.033123,-0.4877
-0.069503,0.03398,-0.48834
-0.068788,0.035091,-0.48914
-0.068451,0.035732,-0.48959
-0.06809,0.036288,-0.48991
-0.067672,0.036928,-0.49059
-0.067632,0.037497,-0.49107
-0.067375,0.037969,-0.49159
-0.067183,0.038205,-0.49188
-0.067035,0.038329,-0.49218
-0.066886,0.038394,-0.49254
-0.066751,0.038452,-0.49286
-0.066512,0.038386,-0.49351
-0.066334,0.038277,-0.49392
-0.066031,0.038295,-0.49438
-0.065772,0.038284,-0.49469
-0.065543,0.038271,-0.49496
-0.065492,0.038268,-0.49502
-0.065134,0.038031,-0.49568
-0.064876,0.037887,-0.49613
-0.064652,0.037806,-0.49641
-0.064362,0.037705,-0.49663
-0.06416,0.037582,-0.4969
-0.064105,0.037441,-0.49721
-0.063951,0.037268,-0.49767
-0.063705,0.037096,-0.49816
-0.063564,0.036956,-0.49852
-0.063333,0.036859,-0.49893
-0.062967,0.036789,-0.49943
-0.062901,0.036755,-0.49951
-0.062736,0.036667,-0.49966
-0.062626,0.036602,-0.49966
-0.062541,0.036502,-0.49969
-0.062571,0.036024,-0.50003
-0.062583,0.035833,-0.50017
-0.062513,0.035605,-0.50054
-0.062346,0.035368,-0.50089
-0.062169,0.035199,-0.50114
-0.06196,0.03504,-0.50146
-0.061624,0.034934,-0.502
-0.061439,0.035038,-0.50228
-0.061114,0.035271,-0.50245
-0.060819,0.035483,-0.5026
-0.060778,0.035741,-0.50287
-0.060575,0.036407,-0.50332
-0.060422,0.036849,-0.50357
-0.060387,0.037187,-0.50378
-0.06042,0.03752,-0.50401
-0.06035,0.037916,-0.50428
-0.060176,0.038587,-0.50473
-0.060008,0.03932,-0.5054
-0.060056,0.039732,-0.50584
-0.060402,0.040392,-0.50606
-0.060661,0.040834,-0.50644
-0.060813,0.041091,-0.50669
-0.061244,0.04148,-0.50688
-0.061959,0.041695,-0.50689
-0.062724,0.041875,-0.50691
-0.063598,0.042141,-0.50693
-0.064385,0.04238,-0.50696
-0.066015,0.042515,-0.50665
-0.068149,0.042982,-0.50644
-0.069426,0.043088,-0.506
-0.070704,0.043194,-0.50556
-0.073764,0.043379,-0.50455
-0.07764,0.043477,-0.50307
-0.082063,0.043349,-0.50109
-0.085166,0.043337,-0.49979
-0.088153,0.043297,-0.49858
-0.09137,0.042683,-0.49721
-0.094666,0.042395,-0.4957
-0.098819,0.041939,-0.49374
-0.10362,0.041375,-0.49143
-0.10747,0.040951,-0.48977
-0.11141,0.04032,-0.48813
-0.11517,0.039591,-0.48648
-0.11978,0.038644,-0.48428
-0.12519,0.037287,-0.48187
-0.12807,0.036615,-0.48067
-0.13278,0.03541,-0.47874
-0.13983,0.033522,-0.47589
-0.15011,0.030798,-0.47145
-0.15578,0.029302,-0.46896
-0.1609,0.028063,-0.46677
-0.16697,0.026583,-0.46423
-0.17355,0.024978,-0.46153
-0.17987,0.023472,-0.45897
-0.18749,0.021931,-0.4563
-0.19614,0.020204,-0.4534
-0.20577,0.018282,-0.45017
-0.21343,0.01714,-0.44758
-0.22023,0.016336,-0.44542
-0.22776,0.015501,-0.44306
-0.23618,0.014584,-0.44046
-0.2467,0.013499,-0.4373
-0.25827,0.012307,-0.43382
-0.2676,0.011446,-0.43112
-0.27272,0.01102,-0.42967
-0.28397,0.010326,-0.42709
-0.2923,0.0099993,-0.42497
-0.30064,0.010385,-0.42287
-0.30962,0.010903,-0.42045
-0.3161,0.011281,-0.41866
-0.32671,0.012052,-0.41576
-0.33646,0.013187,-0.41338
-0.34363,0.014209,-0.41177
-0.35103,0.015244,-0.41
-0.35757,0.016303,-0.40847
-0.36578,0.017963,-0.40694
-0.3733,0.019546,-0.40561
-0.38082,0.021129,-0.40428
-0.38854,0.02296,-0.40294
-0.39556,0.024703,-0.40173
-0.40407,0.027024,-0.40044
-0.40671,0.027793,-0.40002
-0.41427,0.030131,-0.39858
-0.4197,0.031983,-0.39774
-0.42531,0.033702,-0.39706
-0.42952,0.035248,-0.39662
-0.43414,0.037112,-0.39606
-0.44044,0.039369,-0.39535
-0.44541,0.041132,-0.39493
-0.44945,0.04271,-0.3947
-0.45303,0.044117,-0.39458
-0.45701,0.04568,-0.39445
-0.46255,0.047704,-0.39418
-0.46657,0.049119,-0.39409
-0.46857,0.049747,-0.39416
-0.47037,0.050312,-0.39424
-0.47542,0.051378,-0.39461
-0.48082,0.052359,-0.39529
-0.48555,0.053042,-0.39619
-0.48698,0.053301,-0.39641
-0.48964,0.053812,-0.39683
-0.49162,0.054261,-0.39716
-0.49403,0.054622,-0.39781
-0.49762,0.055202,-0.39871
-0.50022,0.055648,-0.3996
-0.50259,0.056006,-0.4007
-0.50471,0.056323,-0.40173
-0.50697,0.056651,-0.40288
-0.50927,0.056926,-0.40416
-0.51217,0.056996,-0.40583
-0.51496,0.056825,-0.40758
-0.51623,0.056746,-0.40838
-0.5184,0.05647,-0.41019
-0.52202,0.05601,-0.4132
-0.52347,0.055826,-0.4144
-0.52516,0.055413,-0.41606
-0.52738,0.054858,-0.41821
-0.52904,0.054418,-0.41983
-0.53201,0.053676,-0.4227
-0.5367,0.052853,-0.427
-0.53721,0.052967,-0.42744
-0.53976,0.053541,-0.42963
-0.54206,0.054057,-0.4316
-0.54463,0.054782,-0.43388
-0.54795,0.055827,-0.43616
-0.55102,0.057318,-0.43858
-0.55385,0.05886,-0.44098
-0.55442,0.059169,-0.44147
-0.55652,0.060658,-0.44354
-0.55883,0.062296,-0.44583
-0.5624,0.064984,-0.45019
-0.56315,0.065549,-0.45111
-0.56467,0.066639,-0.45336
-0.56612,0.067328,-0.45525
-0.56836,0.068241,-0.4577
-0.5715,0.069511,-0.46081
-0.57378,0.070435,-0.46307
-0.57447,0.070763,-0.46379
-0.57603,0.071467,-0.46534
-0.57772,0.071946,-0.46643
-0.57999,0.072688,-0.46795
-0.58163,0.073228,-0.46905
-0.58163,0.073228,-0.46905
-0.58435,0.07352,-0.46996
-0.58717,0.073781,-0.47096
-0.58922,0.073782,-0.47177
-0.59183,0.073576,-0.47256
-0.59379,0.073502,-0.47307
-0.59556,0.07351,-0.47361
-0.59715,0.073439,-0.47385
-0.59892,0.073361,-0.47411
-0.60066,0.073341,-0.47428
-0.60324,0.073353,-0.47417
-0.60543,0.073292,-0.474
-0.60721,0.073156,-0.47388
-0.60915,0.072947,-0.47375
-0.61112,0.072735,-0.47365
-0.61283,0.072556,-0.47344
-0.61575,0.07218,-0.47305
-0.61851,0.071797,-0.47268
-0.62157,0.071202,-0.47207
-0.6241,0.070677,-0.47163
-0.62736,0.069935,-0.47099
-0.63031,0.069224,-0.47025
-0.6332,0.068576,-0.46954
-0.63542,0.068074,-0.46899
-0.63862,0.067237,-0.46799
-0.64153,0.066476,-0.46709
-0.64596,0.065503,-0.46581
-0.64944,0.064914,-0.46466
-0.65241,0.064259,-0.46376
-0.65625,0.063394,-0.46255
-0.65943,0.06271,-0.46154
-0.66216,0.062154,-0.46068
-0.6677,0.060926,-0.45877
-0.6726,0.059785,-0.45712
-0.67665,0.058642,-0.45591
-0.68156,0.05753,-0.45422
-0.68761,0.056144,-0.45207
-0.69227,0.055207,-0.45013
-0.69698,0.05413,-0.44836
-0.70133,0.053041,-0.44667
-0.70618,0.051832,-0.44481
-0.71233,0.050419,-0.44254
-0.71879,0.048975,-0.44005
-0.72406,0.047817,-0.438
-0.72881,0.046775,-0.43616
-0.73431,0.045626,-0.43405
-0.7379,0.044933,-0.43271
-0.74131,0.044297,-0.43143
-0.75241,0.042449,-0.42736
-0.76346,0.040618,-0.42325
-0.76913,0.039641,-0.42054
-0.77127,0.039333,-0.41962
-0.77735,0.038545,-0.41713
-0.78486,0.037656,-0.41408
-0.79035,0.036834,-0.41172
-0.79528,0.036329,-0.40967
-0.80087,0.035747,-0.40745
-0.80689,0.035237,-0.40533
-0.81381,0.034734,-0.40307
-0.81907,0.034263,-0.40104
-0.82339,0.033925,-0.39919
-0.82867,0.033667,-0.39693
-0.83593,0.033373,-0.39392
-0.83883,0.033255,-0.39272
-0.84443,0.033129,-0.39041
-0.84942,0.033018,-0.38836
-0.85551,0.032941,-0.38583
-0.86072,0.03312,-0.38356
-0.86751,0.033599,-0.38067
-0.87489,0.034163,-0.37768
-0.87716,0.034394,-0.37671
-0.88074,0.034769,-0.37517
-0.88516,0.035339,-0.37332
-0.89104,0.035942,-0.37108
-0.89692,0.036545,-0.36884
-0.89986,0.036847,-0.36772
-0.90293,0.037089,-0.36665
-0.90769,0.037561,-0.36521
-0.91243,0.038097,-0.36393
-0.91432,0.038311,-0.36342
-0.91892,0.038821,-0.36228
-0.92383,0.039365,-0.36107
-0.92707,0.039715,-0.36029
-0.93064,0.040021,-0.35943
-0.93382,0.040592,-0.3585
-0.93674,0.041079,-0.3576
-0.93951,0.041462,-0.35674
-0.942,0.041806,-0.35596
-0.94461,0.042147,-0.35516
-0.94698,0.042422,-0.35451
-0.94859,0.042709,-0.35431
-0.95067,0.043184,-0.35389
-0.95181,0.043434,-0.35371
-0.95329,0.043836,-0.35347
-0.9548,0.044252,-0.35323
-0.95602,0.044408,-0.35299
-0.95661,0.044515,-0.35279
-0.95759,0.044637,-0.35255
-0.9584,0.044614,-0.35247
-0.95922,0.044457,-0.35239
-0.95993,0.044194,-0.35246
-0.96057,0.043955,-0.35252
-0.96071,0.043861,-0.35256
-0.96088,0.043449,-0.3528
-0.96105,0.043013,-0.35307
-0.96104,0.042509,-0.35342
-0.96082,0.041707,-0.35386
-0.96049,0.040923,-0.35435
-0.96013,0.040296,-0.35485
-0.95969,0.039562,-0.3554
-0.95888,0.038485,-0.35605
-0.95847,0.037947,-0.35637
-0.95738,0.036958,-0.35722
-0.95682,0.036336,-0.35787
-0.95597,0.03556,-0.35867
-0.95532,0.035022,-0.35923
-0.95481,0.03461,-0.35967
-0.95346,0.03358,-0.36071
-0.95102,0.031767,-0.36251
-0.95102,0.031767,-0.36251
-0.94982,0.030985,-0.36342
-0.94873,0.030226,-0.36422
-0.94661,0.029218,-0.3653
-0.94556,0.028557,-0.36592
-0.94459,0.027868,-0.36652
-0.9434,0.026968,-0.36728
-0.9422,0.026038,-0.36806
-0.94054,0.024662,-0.36924
-0.94004,0.024249,-0.36959
-0.93889,0.023304,-0.3704
-0.93835,0.022693,-0.37054
-0.93776,0.021936,-0.37079
-0.93673,0.021014,-0.37137
-0.93548,0.019998,-0.3721
-0.93461,0.019287,-0.37261
-0.93408,0.019045,-0.37278
-0.93279,0.018463,-0.37322
-0.93147,0.017936,-0.37365
-0.93056,0.017585,-0.37387
-0.92976,0.017076,-0.374
-0.92905,0.016602,-0.37411
-0.92854,0.016315,-0.37417
-0.92813,0.016086,-0.37424
-0.9277,0.015833,-0.37433
-0.92708,0.015641,-0.3743
-0.92701,0.015624,-0.3743
-0.92637,0.01558,-0.37418
-0.92572,0.015537,-0.37406
-0.92501,0.015355,-0.37391
-0.9246,0.015245,-0.37367
-0.92394,0.01523,-0.37324
-0.92355,0.01524,-0.37299
-0.92332,0.01522,-0.37273
-0.92293,0.015187,-0.3723
-0.92236,0.015134,-0.37178
-0.9217,0.015164,-0.37144
-0.9212,0.015224,-0.37127
-0.92061,0.015154,-0.37096
-0.91999,0.015021,-0.37049
-0.91936,0.014889,-0.37002
-0.91846,0.014827,-0.36916
-0.91814,0.014891,-0.36889
-0.91714,0.015003,-0.36821
-0.91629,0.015008,-0.36772
-0.91531,0.015005,-0.3671
-0.91433,0.015002,-0.36648
-0.91296,0.014784,-0.36573
-0.91219,0.014661,-0.3654
-0.91099,0.014321,-0.36492
-0.90941,0.013997,-0.36441
-0.9077,0.013674,-0.36387
-0.90582,0.013318,-0.36328
-0.90446,0.013059,-0.36285
-0.90354,0.012891,-0.36266
-0.90126,0.012471,-0.3622
-0.89871,0.011936,-0.3617
-0.89752,0.011654,-0.36148
-0.89523,0.011251,-0.36101
-0.89287,0.010926,-0.36063
-0.88999,0.010479,-0.36043
-0.88708,0.010005,-0.36032
-0.8833,0.0093621,-0.36032
-0.87838,0.008493,-0.36053
-0.87329,0.0075445,-0.36088
-0.8723,0.0073527,-0.36096
-0.86775,0.0064598,-0.36129
-0.86163,0.0050049,-0.36185
-0.85552,0.0035499,-0.36242
-0.85044,0.0022145,-0.36295
-0.84581,0.00085108,-0.36349
-0.84211,-0.00014775,-0.36391
-0.84015,-0.00072097,-0.36416
-0.83165,-0.0034568,-0.36545
-0.82314,-0.0061926,-0.36675
-0.82257,-0.0064139,-0.36683
-0.81684,-0.0086268,-0.36765
-0.8104,-0.011218,-0.36853
-0.80438,-0.013877,-0.36904
-0.79655,-0.017327,-0.36975
-0.79035,-0.020234,-0.3704
-0.78373,-0.023249,-0.37098
-0.77679,-0.026246,-0.37147
-0.76904,-0.0295,-0.37206
-0.76151,-0.03228,-0.37286
-0.75188,-0.035714,-0.37386
-0.74706,-0.037168,-0.37449
-0.74152,-0.038824,-0.37521
-0.72948,-0.0423,-0.37666
-0.71379,-0.046655,-0.37804
-0.70411,-0.049272,-0.37869
-0.69959,-0.050086,-0.37893
-0.69043,-0.051486,-0.37948
-0.68093,-0.052344,-0.3802
-0.67124,-0.053141,-0.3811
-0.65426,-0.053228,-0.38276
-0.64455,-0.052426,-0.38314
-0.63034,-0.050266,-0.38315
-0.61724,-0.048089,-0.38306
-0.60416,-0.04568,-0.38296
-0.58683,-0.041562,-0.38181
-0.57509,-0.037954,-0.38035
-0.56533,-0.034271,-0.37924
-0.55018,-0.028851,-0.3774
-0.52874,-0.02136,-0.37472
-0.51272,-0.016865,-0.37457
-0.48851,-0.0097277,-0.37927
-0.47501,-0.0068533,-0.38624
-0.45429,-0.003448,-0.39373
-0.43366,-0.0019359,-0.39946
-0.41334,-0.0022661,-0.40544
-0.39452,-0.0036007,-0.41168
-0.37337,-0.0034646,-0.41512
-0.35729,-0.006385,-0.42068
-0.34011,-0.01255,-0.42052
-0.32449,-0.018154,-0.42037
-0.29903,-0.030918,-0.42178
-0.28419,-0.038833,-0.42282
-0.28419,-0.038833,-0.42282
-0.27385,-0.047669,-0.42946
-0.26026,-0.057542,-0.43717
-0.24946,-0.059643,-0.4404
-0.23946,-0.049549,-0.44048
-0.22544,-0.042439,-0.43926
-0.21507,-0.042322,-0.43832
-0.20309,-0.043539,-0.43839
-0.1915,-0.037341,-0.4382
-0.17965,-0.027895,-0.43781
-0.1699,-0.020059,-0.43736
-0.16262,-0.013941,-0.43643
-0.15686,-0.008638,-0.43644
-0.15513,-0.0070471,-0.43644
-0.15094,-0.0038493,-0.43835
-0.14556,0.00026219,-0.4408
-0.14253,0.0028739,-0.44066
-0.14147,0.0041813,-0.43861
-0.13759,0.0060036,-0.43682
-0.13575,0.0076861,-0.43674
-0.13346,0.011051,-0.43544
-0.13242,0.01446,-0.43284
-0.13038,0.017398,-0.43155
-0.12811,0.021364,-0.43095
-0.12583,0.025329,-0.43036
-0.12287,0.028448,-0.42923
-0.11962,0.030476,-0.42804
-0.11608,0.031953,-0.42757
-0.11377,0.032788,-0.42783
-0.11115,0.032725,-0.42841
-0.10743,0.031251,-0.4293
-0.10472,0.03018,-0.42994
-0.1022,0.029193,-0.43036
-0.099905,0.028434,-0.4304
-0.098845,0.028153,-0.43027
-0.097471,0.027745,-0.43032
-0.095841,0.027095,-0.4301
-0.095272,0.027047,-0.42999
-0.094605,0.027075,-0.42987
-0.094264,0.026947,-0.42957
-0.094247,0.026657,-0.42914
-0.093941,0.026636,-0.42926
-0.093243,0.025921,-0.42957
-0.093011,0.025683,-0.42968
-0.092337,0.025454,-0.42996
-0.091664,0.025225,-0.43025
-0.091296,0.024905,-0.43047
-0.091185,0.024588,-0.43059
-0.091142,0.024288,-0.43064
-0.091394,0.024214,-0.4305
-0.091528,0.024251,-0.43041
-0.092006,0.024421,-0.43008
-0.092677,0.024718,-0.42981
-0.093213,0.02503,-0.42956
-0.093786,0.025391,-0.42926
-0.094422,0.025709,-0.42903
-0.095049,0.025865,-0.4289
-0.095619,0.025951,-0.42876
-0.096077,0.026032,-0.42857
-0.096866,0.026161,-0.42845
-0.097218,0.026301,-0.42837
-0.097605,0.026454,-0.42828
-0.098049,0.026404,-0.42826
-0.09856,0.026364,-0.42802
-0.099102,0.026327,-0.4277
-0.099174,0.026315,-0.42764
-0.099414,0.026273,-0.42745
-0.099647,0.026172,-0.42727
-0.099854,0.026021,-0.42714
-0.10021,0.025999,-0.42694
-0.10033,0.025998,-0.42685
-0.10073,0.026005,-0.42654
-0.10124,0.0259,-0.42629
-0.10178,0.025787,-0.42615
-0.10217,0.025659,-0.42599
-0.10271,0.025413,-0.42561
-0.10311,0.025241,-0.4253
-0.10337,0.02502,-0.42507
-0.10359,0.024524,-0.42487
-0.10401,0.024179,-0.42454
-0.10433,0.02392,-0.4243
-0.10466,0.023793,-0.4241
-0.10515,0.023611,-0.42381
-0.10559,0.023425,-0.42361
-0.1061,0.023256,-0.42333
-0.10652,0.023137,-0.42301
-0.10707,0.022972,-0.42259
-0.10746,0.022872,-0.42232
-0.10794,0.022751,-0.42192
-0.10857,0.022603,-0.4214
-0.10919,0.022475,-0.42099
-0.10988,0.022335,-0.42054
-0.11086,0.022017,-0.41996
-0.11163,0.021823,-0.41974
-0.11233,0.021647,-0.41945
-0.11297,0.021456,-0.41899
-0.11311,0.021413,-0.41889
-0.11347,0.02131,-0.41849
-0.11386,0.021204,-0.41807
-0.11407,0.021167,-0.41781
-0.11441,0.021076,-0.41749
-0.11506,0.021028,-0.41682
-0.11565,0.020807,-0.41623
-0.11618,0.020602,-0.41576
-0.11658,0.02046,-0.41533
-0.11696,0.020331,-0.41485
-0.11738,0.020165,-0.41447
-0.11761,0.020063,-0.41434
-0.11788,0.019886,-0.41406
-0.11839,0.019645,-0.41364
-0.11892,0.019427,-0.41324
-0.11949,0.01919,-0.41289
-0.12018,0.018891,-0.41252
-0.12053,0.018741,-0.41233
-0.12133,0.018464,-0.4121
-0.12329,0.017804,-0.41155
-0.12453,0.017442,-0.41124
-0.12605,0.017058,-0.41101
-0.12881,0.016575,-0.41043
-0.13069,0.016295,-0.41006
-0.13287,0.016101,-0.40955
-0.13548,0.015931,-0.4089
-0.1377,0.015877,-0.4083
-0.14035,0.015898,-0.40753
-0.14371,0.01583,-0.40665
-0.14698,0.015782,-0.4058
-0.15041,0.01581,-0.40495
-0.15538,0.015798,-0.40406
-0.15786,0.015791,-0.40361
-0.16033,0.015955,-0.40312
-0.16446,0.016229,-0.40229
-0.1685,0.016549,-0.40147
-0.17282,0.016993,-0.40064
-0.17614,0.017385,-0.40001
-0.18208,0.018005,-0.39864
-0.18621,0.018415,-0.39787
-0.19043,0.018911,-0.39701
-0.19514,0.019576,-0.39629
-0.19938,0.020175,-0.39564
-0.20532,0.021115,-0.39478
-0.21129,0.02219,-0.39397
-0.21603,0.023054,-0.39325
-0.22117,0.024018,-0.39244
-0.22631,0.025043,-0.39165
-0.23089,0.025954,-0.39095
-0.23516,0.026788,-0.39028
-0.24297,0.028316,-0.38905
-0.24818,0.029519,-0.38859
-0.25341,0.030665,-0.38796
-0.26031,0.032376,-0.38712
-0.26702,0.034139,-0.38632
-0.26974,0.034997,-0.38596
-0.27429,0.036306,-0.38539
-0.27872,0.037452,-0.38489
-0.28226,0.038539,-0.38458
-0.28676,0.039927,-0.38437
-0.29133,0.041335,-0.38417
-0.29543,0.042576,-0.38413
-0.29809,0.043239,-0.38413
-0.30049,0.043792,-0.38413
-0.30563,0.045523,-0.38454
-0.31113,0.04754,-0.3849
-0.31461,0.048949,-0.38498
-0.31808,0.050443,-0.38515
-0.32123,0.051755,-0.38516
-0.32373,0.053117,-0.38518
-0.32745,0.055042,-0.38531
-0.32996,0.056521,-0.38542
-0.3322,0.057816,-0.38558
-0.33461,0.059185,-0.38577
-0.33648,0.060314,-0.38601
-0.3385,0.061679,-0.38649
-0.34232,0.063847,-0.38722
-0.34288,0.064163,-0.38734
-0.34492,0.065262,-0.38787
-0.34639,0.066061,-0.38826
-0.34717,0.066453,-0.3885
-0.34911,0.067435,-0.3891
-0.35064,0.068028,-0.38959
-0.35201,0.068444,-0.39004
-0.35349,0.068838,-0.39048
-0.3545,0.069058,-0.39074
-0.35632,0.069244,-0.39117
-0.35726,0.069224,-0.39139
-0.3582,0.069204,-0.3916
-0.35898,0.069134,-0.39186
-0.35943,0.068931,-0.3922
-0.35973,0.068412,-0.39282
-0.35976,0.06756,-0.39357
-0.35967,0.066905,-0.39409
-0.35954,0.066327,-0.39458
-0.35952,0.065385,-0.39563
-0.35959,0.06421,-0.39707
-0.3601,0.063214,-0.39875
-0.36035,0.062848,-0.39942
-0.36094,0.062946,-0.4001
-0.36169,0.06318,-0.40092
-0.36255,0.063566,-0.40171
-0.364,0.064403,-0.40266
-0.36636,0.065828,-0.40322
-0.36795,0.066425,-0.40326
-0.36932,0.066701,-0.40353
-0.37054,0.06695,-0.40376
-0.37206,0.067093,-0.40439
-0.37385,0.066958,-0.40576
-0.37505,0.066668,-0.40646
-0.37596,0.066411,-0.40683
-0.37809,0.06615,-0.40731
-0.38029,0.066068,-0.40771
-0.3834,0.066574,-0.40798
-0.38373,0.066686,-0.40794
-0.38556,0.067283,-0.40771
-0.38708,0.067663,-0.40728
-0.38938,0.068252,-0.40677
-0.39223,0.068984,-0.40618
-0.39395,0.069423,-0.40583
-0.39513,0.06962,-0.40544
-0.39738,0.069849,-0.40481
-0.39939,0.069884,-0.40435
-0.40197,0.069841,-0.40377
-0.40526,0.069718,-0.40287
-0.4069,0.069582,-0.40235
-0.4095,0.069423,-0.40151
-0.41378,0.069255,-0.40011
-0.41701,0.069125,-0.39887
-0.42085,0.068925,-0.39741
-0.42492,0.068597,-0.39607
-0.42847,0.068161,-0.39495
-0.43305,0.067377,-0.39355
-0.43788,0.066504,-0.39212
-0.44453,0.065302,-0.39014
-0.44635,0.064975,-0.3896
-0.45087,0.063904,-0.38828
-0.45559,0.062794,-0.38701
-0.46001,0.061809,-0.38581
-0.46496,0.060711,-0.38444
-0.4705,0.059349,-0.383
-0.47679,0.057733,-0.38171
-0.48307,0.056117,-0.38042
-0.48936,0.054501,-0.37913
-0.49526,0.052987,-0.37791
-0.5014,0.051442,-0.37659
-0.50726,0.049972,-0.37551
-0.51409,0.048232,-0.37414
-0.52053,0.04664,-0.37272
-0.52649,0.045217,-0.37136
-0.53343,0.043586,-0.36983
-0.54123,0.041857,-0.36817
-0.54994,0.039923,-0.3663
-0.55864,0.037989,-0.36442
-0.56625,0.036304,-0.36268
-0.57304,0.034945,-0.36117
-0.57953,0.033672,-0.35975
-0.58554,0.032478,-0.35844
-0.59694,0.030429,-0.35646
-0.60678,0.028741,-0.35471
-0.61352,0.027698,-0.35345
-0.62111,0.026427,-0.35204
-0.63157,0.025444,-0.35034
-0.63979,0.024617,-0.34913
-0.64727,0.024065,-0.34802
-0.65395,0.023874,-0.34724
-0.66117,0.023669,-0.34644
-0.6687,0.023469,-0.34557
-0.6782,0.023652,-0.34448
-0.68793,0.023903,-0.34338
-0.69482,0.02425,-0.34267
-0.70223,0.025272,-0.34198
-0.71286,0.026422,-0.34056
-0.72056,0.027237,-0.33952
-0.72568,0.027802,-0.33878
-0.73423,0.028744,-0.33755
-0.74117,0.029472,-0.33653
-0.74984,0.030399,-0.33548
-0.7611,0.031709,-0.33456
-0.76347,0.031982,-0.33441
-0.76993,0.032729,-0.33404
-0.77437,0.033262,-0.33391
-0.78037,0.034391,-0.33359
-0.7878,0.035805,-0.33345
-0.7925,0.036631,-0.33324
-0.79718,0.037611,-0.33307
-0.80233,0.03876,-0.33291
-0.80629,0.039645,-0.33276
-0.8138,0.041335,-0.33226
-0.81584,0.041796,-0.33212
-0.82002,0.042808,-0.33205
-0.82466,0.043933,-0.33196
-0.8281,0.044737,-0.33191
-0.83162,0.045553,-0.33185
-0.83644,0.046597,-0.33173
-0.8399,0.047286,-0.33159
-0.84293,0.047881,-0.33148
-0.84568,0.048387,-0.33132
-0.84854,0.048758,-0.33084
-0.85175,0.049267,-0.33051
-0.85584,0.049785,-0.33017
-0.85837,0.05021,-0.32989
-0.86089,0.050635,-0.32961
-0.86316,0.051018,-0.32936
-0.86392,0.051146,-0.32927
-0.86601,0.051496,-0.32898
-0.87071,0.052228,-0.32826
-0.87306,0.052552,-0.32779
-0.87495,0.052902,-0.32742
-0.87695,0.053135,-0.32714
-0.87943,0.053659,-0.32677
-0.8812,0.053928,-0.32639
-0.8823,0.053644,-0.3266
-0.88354,0.053337,-0.3269
-0.88507,0.052997,-0.32726
-0.8866,0.052657,-0.32763
-0.88813,0.052318,-0.32799
-0.88908,0.051589,-0.32867
-0.88922,0.051468,-0.3288
-0.88983,0.051005,-0.32936
-0.8902,0.050056,-0.33027
-0.89047,0.049038,-0.33125
-0.89061,0.04852,-0.33182
-0.89053,0.048016,-0.33227
-0.89045,0.047416,-0.33293
-0.89058,0.046945,-0.33369
-0.89158,0.046993,-0.33405
-0.89258,0.04704,-0.3344
-0.89368,0.047092,-0.33479
-0.8944,0.047065,-0.33498
-0.89496,0.046984,-0.33508
-0.89513,0.046962,-0.33522
-0.8951,0.046862,-0.3356
-0.89484,0.046643,-0.33616
-0.89435,0.046323,-0.33681
-0.89361,0.045976,-0.33739
-0.89208,0.044921,-0.33869
-0.89152,0.044538,-0.33916
-0.89066,0.04417,-0.33976
-0.88958,0.043711,-0.3405
-0.88876,0.043423,-0.34112
-0.88769,0.04322,-0.34153
-0.88608,0.043256,-0.34177
-0.88445,0.043228,-0.34208
-0.88288,0.042989,-0.34246
-0.88141,0.042783,-0.34288
-0.87974,0.042456,-0.34317
-0.87696,0.041447,-0.344
-0.87435,0.04047,-0.34479
-0.8733,0.04008,-0.34511
-0.87175,0.039425,-0.34551
-0.86888,0.038106,-0.3461
-0.86538,0.036404,-0.34671
-0.86442,0.035981,-0.34689
-0.86141,0.03472,-0.34747
-0.85846,0.033553,-0.34799
-0.85606,0.032841,-0.34823
-0.85333,0.031831,-0.34856
-0.85025,0.030884,-0.34864
-0.84555,0.029509,-0.34893
-0.84169,0.028459,-0.3493
-0.83774,0.027236,-0.34971
-0.83266,0.025534,-0.35026
-0.82758,0.023831,-0.35081
-0.8225,0.022129,-0.35136
-0.82117,0.021641,-0.35153
-0.81744,0.020212,-0.35204
-0.81228,0.018263,-0.35252
-0.80701,0.016274,-0.35298
-0.80088,0.014129,-0.35378
-0.79803,0.013091,-0.35408
-0.792,0.010924,-0.35477
-0.78719,0.0092154,-0.35528
-0.78173,0.0072587,-0.35571
-0.77632,0.0051254,-0.35615
-0.76986,0.0025054,-0.35662
-0.76263,-0.00043595,-0.35714
-0.75779,-0.0025649,-0.35742
-0.7509,-0.0054921,-0.35754
-0.74446,-0.008194,-0.35769
-0.73593,-0.011832,-0.35819
-0.72401,-0.016987,-0.35899
-0.72228,-0.017714,-0.35906
-0.71366,-0.02135,-0.35942
-0.70677,-0.02426,-0.35971
-0.70122,-0.026476,-0.35984
-0.69013,-0.030908,-0.36011
-0.68151,-0.033885,-0.36022
-0.67413,-0.036337,-0.36043
-0.66482,-0.039159,-0.36076
-0.65599,-0.041561,-0.36106
-0.64668,-0.043972,-0.3615
-0.63349,-0.046578,-0.36255
-0.62434,-0.04799,-0.36294
-0.61327,-0.049125,-0.36291
-0.60109,-0.050373,-0.36288
-0.58566,-0.051449,-0.36305
-0.57295,-0.051712,-0.36268
-0.55942,-0.050737,-0.36232
-0.54299,-0.049023,-0.36195
-0.53641,-0.048337,-0.3618
-0.51413,-0.044321,-0.36087
-0.48937,-0.039859,-0.35983
-0.47071,-0.034921,-0.35908
-0.46558,-0.033404,-0.35888
-0.45318,-0.030646,-0.3587
-0.43717,-0.026816,-0.35879
-0.41774,-0.023087,-0.36058
-0.39851,-0.020532,-0.36383
-0.38149,-0.019298,-0.36805
-0.36254,-0.019673,-0.37435
-0.34185,-0.021111,-0.37994
-0.32367,-0.022789,-0.38399
-0.29713,-0.026414,-0.39127
-0.28855,-0.0285,-0.39422
-0.27902,-0.030819,-0.3975
-0.2599,-0.038157,-0.40274
-0.24405,-0.046926,-0.40613
-0.23422,-0.056748,-0.40667
-0.23187,-0.058266,-0.40551
-0.22331,-0.063162,-0.40125
-0.21567,-0.064865,-0.39722
-0.20222,-0.053326,-0.40431
-0.18876,-0.041787,-0.4114
-0.17372,-0.041498,-0.40414
-0.16375,-0.039981,-0.40436
-0.15173,-0.034767,-0.4047
-0.14119,-0.025981,-0.40612
-0.12977,-0.014634,-0.41063
-0.12192,-0.0070001,-0.41388
-0.11838,-0.0038251,-0.41402
-0.11476,-0.00020212,-0.41483
-0.11158,0.0040275,-0.41737
-0.10828,0.0054893,-0.41773
-0.10138,0.0079386,-0.41961
-0.098202,0.010227,-0.41877
-0.095753,0.012069,-0.41751
-0.092737,0.0142,-0.41733
-0.09043,0.017052,-0.41759
-0.088124,0.019905,-0.41786
-0.085602,0.020618,-0.41535
-0.083862,0.021192,-0.41423
-0.083118,0.022908,-0.41321
-0.081709,0.024521,-0.41254
-0.079768,0.026538,-0.41255
-0.077273,0.028359,-0.41278
-0.074649,0.029113,-0.41286
-0.071733,0.02995,-0.41295
-0.068817,0.030787,-0.41304
-0.065199,0.031151,-0.41357
-0.063621,0.030929,-0.41404
-0.061025,0.028775,-0.41476
-0.058497,0.026975,-0.41532
-0.056213,0.025039,-0.41613
-0.054098,0.023261,-0.41713
-0.052339,0.022042,-0.41796
-0.05143,0.021623,-0.41819
-0.050156,0.021419,-0.41869
-0.048594,0.021254,-0.41932
-0.046998,0.021164,-0.41985
-0.045834,0.021465,-0.42012
-0.043989,0.021522,-0.42053
-0.042479,0.021475,-0.42088
-0.042244,0.02145,-0.42097
-0.041461,0.021364,-0.42128
-0.040691,0.021236,-0.42164
-0.039834,0.020809,-0.42227
-0.039065,0.019918,-0.42307
-0.038833,0.019642,-0.42332
-0.038633,0.019376,-0.42359
-0.038337,0.019272,-0.42375
-0.038155,0.019423,-0.42386
-0.038301,0.019788,-0.42378
-0.038581,0.020107,-0.42362
-0.038941,0.020527,-0.42348
-0.039275,0.020898,-0.42339
-0.039712,0.021279,-0.4232
-0.040395,0.021567,-0.42319
-0.040737,0.02171,-0.42318
-0.041028,0.021742,-0.42315
-0.041562,0.0218,-0.42309
-0.04198,0.021709,-0.42305
-0.042754,0.021613,-0.42297
-0.043567,0.021585,-0.42288
-0.043801,0.021693,-0.4229
-0.044429,0.021959,-0.42289
-0.045266,0.022272,-0.42272
-0.046023,0.022623,-0.42245
-0.047611,0.023126,-0.42227
-0.04888,0.023429,-0.42205
-0.050487,0.023643,-0.42185
-0.052309,0.023844,-0.42163
-0.054639,0.023866,-0.4215
-0.057641,0.023728,-0.42144
-0.057941,0.023714,-0.42143
-0.060528,0.023596,-0.4212
-0.063115,0.023478,-0.42097
-0.065529,0.023485,-0.42081
-0.069773,0.023516,-0.42001
-0.071562,0.02353,-0.41966
-0.073672,0.023607,-0.41931
-0.076335,0.023524,-0.41883
-0.079173,0.023414,-0.41835
-0.082321,0.023441,-0.41792
-0.084779,0.023473,-0.41761
-0.088169,0.023426,-0.41728
-0.091711,0.023255,-0.41666
-0.095368,0.023054,-0.41596
-0.099793,0.022798,-0.41524
-0.10349,0.022583,-0.41465
-0.10505,0.022516,-0.41432
-0.10895,0.022347,-0.41348
-0.1126,0.022236,-0.41268
-0.11583,0.022225,-0.41196
-0.11956,0.022265,-0.41122
-0.12359,0.022353,-0.4103
-0.12833,0.02251,-0.40913
-0.13201,0.022658,-0.40836
-0.13415,0.022765,-0.40804
-0.13598,0.022829,-0.40757
-0.13942,0.022925,-0.40671
-0.14339,0.022926,-0.40566
-0.14673,0.022851,-0.40468
-0.14992,0.022769,-0.4038
-0.15371,0.022633,-0.40293
-0.15674,0.022524,-0.40224
-0.158,0.022452,-0.40193
-0.16223,0.022212,-0.4009
-0.1657,0.021938,-0.39982
-0.16844,0.021636,-0.39894
-0.17115,0.021295,-0.39815
-0.1737,0.020965,-0.39747
-0.17715,0.020452,-0.39668
-0.1802,0.019806,-0.39597
-0.1839,0.019176,-0.39487
-0.1876,0.018545,-0.39377
-0.19093,0.017977,-0.39277
-0.19278,0.017661,-0.39222
-0.19478,0.017403,-0.39162
-0.19815,0.017162,-0.39075
-0.20167,0.017029,-0.38994
-0.20595,0.017107,-0.38892
-0.20691,0.017151,-0.38869
-0.21091,0.017195,-0.38799
-0.21429,0.017578,-0.38723
-0.21794,0.017959,-0.38644
-0.22136,0.01834,-0.38574
-0.22407,0.018699,-0.38517
-0.22676,0.019102,-0.38457
-0.23218,0.020008,-0.38362
-0.23737,0.020893,-0.38269
-0.24178,0.021703,-0.38184
-0.2451,0.022398,-0.38119
-0.25155,0.023851,-0.38
-0.25609,0.024888,-0.37917
-0.25892,0.025552,-0.37868
-0.26156,0.026174,-0.37824
-0.26863,0.027782,-0.37701
-0.27469,0.029106,-0.37597
-0.2801,0.03018,-0.3752
-0.28433,0.030999,-0.37476
-0.2884,0.031798,-0.37436
-0.29243,0.032566,-0.3741
-0.29555,0.033304,-0.37382
-0.30092,0.034458,-0.37366
-0.30472,0.035335,-0.37362
-0.30834,0.036185,-0.37357
-0.31185,0.037109,-0.37365
-0.31523,0.038077,-0.37373
-0.31957,0.03931,-0.37352
-0.32329,0.040543,-0.37351
-0.32679,0.041817,-0.37365
-0.3303,0.043091,-0.37378
-0.33205,0.043728,-0.37385
-0.33411,0.04467,-0.37402
-0.33651,0.045915,-0.37438
-0.33876,0.047206,-0.37472
-0.34082,0.04838,-0.37499
-0.34276,0.049566,-0.37524
-0.34414,0.050673,-0.37541
-0.34672,0.052398,-0.37566
-0.34833,0.053667,-0.37598
-0.34977,0.054773,-0.3762
-0.35162,0.055906,-0.37663
-0.35332,0.056928,-0.37705
-0.35445,0.057609,-0.37733
-0.35519,0.058033,-0.37758
-0.35655,0.05881,-0.37805
-0.35692,0.059022,-0.37818
-0.35801,0.059715,-0.37896
-0.35938,0.060581,-0.37993
-0.3602,0.061046,-0.38063
-0.36047,0.061192,-0.38088
-0.36086,0.061533,-0.38134
-0.36132,0.061827,-0.3819
-0.36174,0.062007,-0.38249
-0.36219,0.06209,-0.3832
-0.3626,0.061981,-0.38386
-0.36293,0.061812,-0.38454
-0.36296,0.061365,-0.38538
-0.36284,0.061017,-0.38601
-0.36257,0.059915,-0.38738
-0.36239,0.059458,-0.38809
-0.36221,0.059001,-0.3888
-0.36198,0.058007,-0.39078
-0.36189,0.057282,-0.39229
-0.36214,0.056828,-0.39365
-0.36282,0.056601,-0.39515
-0.36365,0.056571,-0.39614
-0.3646,0.056615,-0.39688
-0.36549,0.056495,-0.39786
-0.36644,0.056501,-0.39856
-0.36773,0.056128,-0.40035
-0.36901,0.055983,-0.40172
-0.37032,0.055963,-0.40286
-0.37165,0.055824,-0.40392
-0.37296,0.055507,-0.40486
-0.37514,0.054873,-0.40671
-0.37602,0.054586,-0.40774
-0.37652,0.054407,-0.40847
-0.37677,0.054394,-0.40881
-0.37792,0.054336,-0.41034
-0.37875,0.054288,-0.41175
-0.37942,0.054313,-0.4129
-0.38038,0.054523,-0.41393
-0.38094,0.054696,-0.41462
-0.38177,0.054828,-0.41526
-0.38311,0.055061,-0.41572
-0.38459,0.055321,-0.41623
-0.38503,0.055398,-0.41638
-0.38639,0.055579,-0.41632
-0.38764,0.055904,-0.41638
-0.38892,0.056174,-0.41638
-0.39038,0.056451,-0.41621
-0.3916,0.056792,-0.41579
-0.39443,0.05752,-0.41476
-0.3973,0.058246,-0.41368
-0.39913,0.058695,-0.41289
-0.40177,0.059179,-0.41181
-0.40614,0.059669,-0.4103
-0.40868,0.059915,-0.40945
-0.41097,0.059916,-0.40859
-0.41374,0.059808,-0.40754
-0.41637,0.059652,-0.40653
-0.41971,0.059494,-0.4052
-0.42305,0.059328,-0.40379
-0.42641,0.059132,-0.40219
-0.42982,0.058806,-0.40066
-0.43283,0.058459,-0.39944
-0.43627,0.058094,-0.39795
-0.43937,0.057771,-0.39659
-0.44546,0.056992,-0.39423
-0.45117,0.056187,-0.39211
-0.45475,0.055578,-0.39083
-0.45976,0.05451,-0.38901
-0.46426,0.053458,-0.3874
-0.47112,0.051937,-0.38496
-0.47617,0.05068,-0.3833
-0.48172,0.049296,-0.38146
-0.48586,0.048301,-0.3798
-0.49284,0.046536,-0.37693
-0.49907,0.044904,-0.37444
-0.50457,0.043287,-0.3723
-0.51015,0.041601,-0.37013
-0.51554,0.040281,-0.36795
-0.52502,0.038095,-0.36434
-0.53545,0.03569,-0.36037
-0.5383,0.035034,-0.35928
-0.54419,0.033869,-0.35728
-0.55004,0.032797,-0.35538
-0.55646,0.031771,-0.3534
-0.56345,0.030801,-0.35129
-0.57234,0.029682,-0.34862
-0.57849,0.029164,-0.34683
-0.58403,0.028697,-0.34522
-0.59018,0.028178,-0.34344
-0.59617,0.027762,-0.34176
-0.60554,0.027438,-0.33941
-0.61259,0.027012,-0.33744
-0.61936,0.026682,-0.33578
-0.62615,0.026379,-0.33424
-0.63464,0.025972,-0.33232
-0.64386,0.025873,-0.33005
-0.65488,0.026141,-0.32719
-0.6565,0.026216,-0.32679
-0.66222,0.026733,-0.32539
-0.66859,0.027341,-0.32358
-0.67557,0.028084,-0.3216
-0.68297,0.02891,-0.31955
-0.69005,0.029696,-0.31758
-0.69462,0.030294,-0.31628
-0.70059,0.031208,-0.31451
-0.70618,0.031683,-0.31284
-0.71109,0.032332,-0.31158
-0.71808,0.033085,-0.31026
-0.72279,0.033584,-0.30923
-0.72491,0.033863,-0.30882
-0.72759,0.034229,-0.30832
-0.73398,0.03522,-0.30698
-0.73911,0.036151,-0.30593
-0.74313,0.036978,-0.30524
-0.74604,0.037566,-0.30482
-0.74955,0.038505,-0.3042
-0.75386,0.039578,-0.30317
-0.75818,0.040651,-0.30213
-0.76155,0.041496,-0.30144
-0.76326,0.041929,-0.30119
-0.7645,0.042218,-0.30095
-0.76688,0.042774,-0.30061
-0.76942,0.043358,-0.30039
-0.77201,0.043913,-0.30012
-0.77375,0.044285,-0.29998
-0.77531,0.04462,-0.29985
-0.77708,0.044998,-0.29967
-0.77902,0.045414,-0.29947
-0.78088,0.045623,-0.29908
-0.78134,0.04574,-0.29898
-0.78239,0.046004,-0.29875
-0.78356,0.046289,-0.29848
-0.78476,0.046524,-0.29812
-0.78629,0.046596,-0.29763
-0.7864,0.046595,-0.29762
-0.78688,0.046588,-0.29754
-0.78736,0.046477,-0.29751
-0.78762,0.046231,-0.29755
-0.78807,0.045827,-0.29755
-0.78827,0.045375,-0.2979
-0.78836,0.044996,-0.29847
-0.78839,0.044702,-0.29909
-0.78844,0.044375,-0.29978
-0.78833,0.043859,-0.30066
-0.78828,0.043601,-0.3011
-0.78825,0.043452,-0.30143
-0.78822,0.043284,-0.3018
-0.78903,0.043631,-0.30241
-0.79026,0.044392,-0.30273
-0.79145,0.045322,-0.30259
-0.79226,0.045951,-0.30171
-0.79268,0.046153,-0.30094
-0.79316,0.046235,-0.3006
-0.79304,0.046227,-0.3009
-0.79221,0.046436,-0.30187
-0.79129,0.046669,-0.3029
-0.79011,0.046657,-0.3039
-0.78848,0.04644,-0.30504
-0.78667,0.046268,-0.30642
-0.78521,0.046321,-0.30778
-0.78448,0.046348,-0.30846
-0.78342,0.046708,-0.30947
-0.78237,0.047067,-0.31047
-0.78168,0.047675,-0.31119
-0.78102,0.048082,-0.3119
-0.7801,0.048453,-0.31258
-0.77944,0.048181,-0.31324
-0.7789,0.048072,-0.31382
-0.77844,0.047845,-0.3143
-0.77806,0.047232,-0.31468
-0.77755,0.046525,-0.31529
-0.77703,0.045817,-0.3159
-0.77698,0.045746,-0.31596
-0.77651,0.045616,-0.3162
-0.77576,0.045474,-0.31664
-0.77485,0.045314,-0.31718
-0.77465,0.045303,-0.31726
-0.77346,0.045331,-0.31755
-0.77252,0.045411,-0.31776
-0.77166,0.045572,-0.31794
-0.77082,0.045729,-0.31816
-0.77025,0.045792,-0.31838
-0.76922,0.045916,-0.31866
-0.7685,0.045941,-0.31876
-0.76763,0.045946,-0.3188
-0.76676,0.045946,-0.31882
-0.76568,0.045925,-0.31891
-0.76432,0.045919,-0.319
-0.76285,0.046025,-0.31902
-0.76173,0.046198,-0.31917
-0.76088,0.046369,-0.31932
-0.75976,0.046607,-0.31952
-0.75735,0.04716,-0.31996
-0.75496,0.047625,-0.32048
-0.75307,0.047951,-0.32064
-0.75102,0.048302,-0.32078
-0.74926,0.048687,-0.32105
-0.74859,0.048844,-0.32117
-0.746,0.049409,-0.32148
-0.744,0.049843,-0.32172
-0.74197,0.050277,-0.32189
-0.74003,0.05053,-0.32191
-0.73814,0.051023,-0.32185
-0.73556,0.051741,-0.32185
-0.73364,0.052388,-0.32195
-0.73211,0.052921,-0.32199
-0.7308,0.053335,-0.32194
-0.72838,0.054178,-0.32199
-0.72513,0.05533,-0.32211
-0.72038,0.056794,-0.32273
-0.71995,0.056927,-0.32279
-0.71764,0.057683,-0.32309
-0.71542,0.0584,-0.32348
-0.71317,0.059109,-0.32384
-0.71053,0.059886,-0.32422
-0.70823,0.060587,-0.32458
-0.70599,0.06132,-0.32498
-0.70304,0.062218,-0.32556
